# Blender 4.2.3 LTS
# www.blender.org
# Model created by Kim Whitney, 2025
# Copyright Northwestern University
mtllib arches.mtl
o arches
v 0.000000 0.765072 2.260616
v 0.000000 0.830852 2.259394
v 0.000000 0.830852 2.296156
v 0.000000 0.765072 2.294934
v 0.000000 0.765072 -2.260616
v 0.000000 0.830852 -2.259394
v 0.000000 0.830852 -2.296156
v 0.000000 0.765072 -2.294934
v 0.365236 0.894512 2.306012
v 0.365236 0.972280 2.306012
v 0.356267 0.894512 2.249380
v 0.356267 0.972280 2.249380
v 0.224764 0.531387 2.299513
v 0.298465 0.531387 2.301061
v 0.298327 -0.004072 2.301061
v 0.224790 -0.004072 2.299513
v 0.224764 0.531387 2.256038
v 0.298465 0.531387 2.254490
v 0.298327 -0.004072 2.254490
v 0.224790 -0.004072 2.256038
v 0.298458 0.490183 2.301061
v 0.224765 0.490183 2.299513
v 0.298458 0.490183 2.254490
v 0.224765 0.490183 2.256038
v 0.211693 0.531387 2.307222
v 0.311536 0.531387 2.309319
v 0.211693 0.531387 2.248329
v 0.311536 0.531387 2.246231
v 0.311525 0.483234 2.309320
v 0.211695 0.483234 2.307222
v 0.311525 0.483234 2.246231
v 0.211695 0.483234 2.248329
v 0.290849 0.584981 2.296157
v 0.232497 0.572262 2.294935
v 0.167904 0.713446 2.294935
v 0.211357 0.763395 2.296157
v 0.098968 0.750196 2.294935
v 0.118947 0.812900 2.296157
v 0.211741 0.650626 2.294935
v 0.263859 0.687734 2.296157
v 0.290849 0.584981 2.259395
v 0.232497 0.572262 2.260616
v 0.167904 0.713446 2.260617
v 0.211357 0.763395 2.259394
v 0.098968 0.750196 2.260616
v 0.118946 0.812900 2.259394
v 0.211741 0.650626 2.260617
v 0.263859 0.687734 2.259394
v 0.290777 0.500014 2.296157
v 0.232511 0.500014 2.294935
v 0.290777 0.500014 2.259394
v 0.232511 0.500014 2.260616
v 0.365236 -0.007777 2.306012
v 0.365236 0.069990 2.306012
v 0.356267 -0.007777 2.249380
v 0.356267 0.069990 2.249380
v 1.059958 0.894512 2.080284
v 1.059958 0.972280 2.080284
v 1.033926 0.894512 2.029195
v 1.033926 0.972280 2.029195
v 0.496826 0.531387 2.256423
v 0.427209 0.531387 2.280670
v 0.427341 -0.004072 2.280627
v 0.496800 -0.004072 2.256431
v 0.483391 0.531387 2.215076
v 0.412818 0.531387 2.236378
v 0.412950 -0.004072 2.236336
v 0.483366 -0.004072 2.215084
v 0.427217 0.490183 2.280667
v 0.496824 0.490183 2.256423
v 0.412826 0.490183 2.236377
v 0.483390 0.490183 2.215077
v 0.511638 0.531387 2.259715
v 0.417331 0.531387 2.292563
v 0.924351 0.531387 2.117511
v 0.994924 0.531387 2.096208
v 0.493440 0.531387 2.203705
v 0.397836 0.531387 2.232563
v 0.417341 0.483234 2.292561
v 0.511636 0.483234 2.259716
v 0.397845 0.483234 2.232560
v 0.493438 0.483234 2.203706
v 0.347930 -0.004761 2.236601
v 0.347930 0.886610 2.236601
v 0.333250 -0.004761 2.244824
v 0.333250 0.886610 2.244824
v 0.322832 -0.004761 2.258037
v 0.322832 0.886610 2.258037
v 0.318266 -0.004761 2.274235
v 0.318266 0.886610 2.274235
v 0.320243 -0.004761 2.290943
v 0.320243 0.886610 2.290943
v 0.328465 -0.004761 2.305626
v 0.328465 0.886610 2.305626
v 0.341679 -0.004761 2.316042
v 0.341679 0.886610 2.316042
v 0.357873 -0.004761 2.320608
v 0.357873 0.886610 2.320608
v 0.374584 -0.004761 2.318631
v 0.374584 0.886610 2.318631
v 0.389264 -0.004761 2.310408
v 0.389264 0.886610 2.310408
v 0.399682 -0.004761 2.297195
v 0.399682 0.886610 2.297195
v 0.404250 -0.004761 2.281001
v 0.404250 0.886610 2.281001
v 0.402271 -0.004761 2.264290
v 0.402271 0.886610 2.264290
v 0.394050 -0.004761 2.249610
v 0.394050 0.886610 2.249610
v 0.380835 -0.004761 2.239191
v 0.380835 0.886610 2.239191
v 0.364641 -0.004761 2.234624
v 0.364641 0.886610 2.234624
v 0.698569 0.765072 2.149973
v 0.698191 0.830852 2.148812
v 0.709551 0.830852 2.183775
v 0.709174 0.765072 2.182612
v 0.994793 -0.004072 2.096251
v 0.924377 -0.004072 2.117503
v 0.432938 0.584981 2.273653
v 0.488056 0.572262 2.254458
v 0.910917 0.531387 2.076165
v 0.980533 0.531387 2.051917
v 0.980402 -0.004072 2.051960
v 0.910942 -0.004072 2.076156
v 0.994917 0.490183 2.096210
v 0.924353 0.490183 2.117511
v 0.980526 0.490183 2.051920
v 0.910919 0.490183 2.076164
v 0.549487 0.713446 2.234499
v 0.508539 0.763395 2.249088
v 0.615050 0.750196 2.213195
v 0.596427 0.812900 2.220532
v 0.507797 0.650626 2.248045
v 0.458606 0.687734 2.265312
v 0.421578 0.584981 2.238690
v 0.477451 0.572262 2.221819
v 0.914303 0.531387 2.128882
v 1.009907 0.531387 2.100024
v 0.896104 0.531387 2.072871
v 0.990412 0.531387 2.040023
v 1.009897 0.483234 2.100028
v 0.914305 0.483234 2.128881
v 0.538882 0.713446 2.201860
v 0.497179 0.763395 2.214125
v 0.604445 0.750196 2.180557
v 0.585066 0.812900 2.185569
v 0.990402 0.483234 2.040026
v 0.896106 0.483234 2.072871
v 0.986165 0.584981 2.093898
v 0.930291 0.572262 2.110767
v 0.868861 0.713446 2.130728
v 0.910564 0.763395 2.118463
v 0.803298 0.750196 2.152030
v 0.822676 0.812900 2.147019
v 0.910551 0.650626 2.117182
v 0.960497 0.687734 2.102238
v 0.974805 0.584981 2.058935
v 0.919686 0.572262 2.078129
v 0.858256 0.713446 2.098089
v 0.899203 0.763395 2.083499
v 0.792693 0.750196 2.119391
v 0.811316 0.812900 2.112056
v 0.899946 0.650626 2.084544
v 0.949136 0.687734 2.067275
v 0.497192 0.650626 2.215406
v 0.447246 0.687734 2.230349
v 0.433006 0.500014 2.273630
v 0.488043 0.500014 2.254462
v 0.421646 0.500014 2.238667
v 0.477438 0.500014 2.221824
v 0.423193 0.101419 2.312302
v 0.395942 0.101419 2.215679
v 0.299321 0.101419 2.242929
v 0.326571 0.101419 2.339552
v 0.426705 0.101419 2.314268
v 0.426705 0.109784 2.314268
v 0.397910 0.109784 2.212167
v 0.295809 0.109784 2.240963
v 0.324604 0.109784 2.343064
v 0.397910 0.101419 2.212167
v 0.295809 0.101419 2.240963
v 0.324604 0.101419 2.343064
v 0.395942 -0.011608 2.215679
v 0.299321 -0.011608 2.242929
v 0.423193 -0.011608 2.312302
v 0.326571 -0.011608 2.339552
v 0.326571 0.867417 2.339552
v 0.299321 0.867417 2.242929
v 0.395942 0.867417 2.215679
v 0.423193 0.867417 2.312302
v 0.324604 0.867417 2.343064
v 0.324604 0.859051 2.343064
v 0.295809 0.859051 2.240963
v 0.397910 0.859051 2.212167
v 0.426705 0.859051 2.314268
v 0.295809 0.867417 2.240963
v 0.397910 0.867417 2.212167
v 0.426705 0.867417 2.314268
v 0.299321 0.980443 2.242929
v 0.395942 0.980443 2.215679
v 0.326571 0.980443 2.339552
v 0.423193 0.980443 2.312302
v 0.986097 0.500014 2.093920
v 0.930304 0.500014 2.110763
v 0.974736 0.500014 2.058957
v 0.919699 0.500014 2.078124
v 1.059958 -0.007777 2.080284
v 1.059958 0.069990 2.080284
v 1.033926 -0.007777 2.029195
v 1.033926 0.069990 2.029195
v 1.650923 0.894512 1.650923
v 1.650923 0.972280 1.650923
v 1.610378 0.894512 1.610378
v 1.610378 0.972280 1.610378
v 1.169782 0.531387 1.992458
v 1.111066 0.531387 2.037031
v 1.111178 -0.004072 2.036950
v 1.169761 -0.004072 1.992473
v 1.144229 0.531387 1.957286
v 1.083692 0.531387 1.999354
v 1.083804 -0.004072 1.999274
v 1.144207 -0.004072 1.957302
v 1.111072 0.490183 2.037026
v 1.169781 0.490183 1.992459
v 1.083699 0.490183 1.999350
v 1.144227 0.490183 1.957287
v 1.184887 0.531387 1.991012
v 1.105346 0.531387 2.051395
v 1.533457 0.531387 1.728232
v 1.593993 0.531387 1.686164
v 1.150271 0.531387 1.943367
v 1.068264 0.531387 2.000355
v 1.105355 0.483234 2.051389
v 1.184886 0.483234 1.991013
v 1.068272 0.483234 2.000349
v 1.150269 0.483234 1.943368
v 1.022049 -0.004761 2.019617
v 1.022049 0.886610 2.019617
v 1.010628 -0.004761 2.031974
v 1.010628 0.886610 2.031974
v 1.004803 -0.004761 2.047760
v 1.004803 0.886610 2.047760
v 1.005465 -0.004761 2.064576
v 1.005465 0.886610 2.064576
v 1.012509 -0.004761 2.079856
v 1.012509 0.886610 2.079856
v 1.024866 -0.004761 2.091279
v 1.024866 0.886610 2.091279
v 1.040652 -0.004761 2.097102
v 1.040652 0.886610 2.097102
v 1.057465 -0.004761 2.096440
v 1.057465 0.886610 2.096440
v 1.072747 -0.004761 2.089396
v 1.072747 0.886610 2.089396
v 1.084168 -0.004761 2.077039
v 1.084168 0.886610 2.077039
v 1.089992 -0.004761 2.061254
v 1.089992 0.886610 2.061254
v 1.089332 -0.004761 2.044441
v 1.089332 0.886610 2.044441
v 1.082287 -0.004761 2.029159
v 1.082287 0.886610 2.029159
v 1.069932 -0.004761 2.017738
v 1.069932 0.886610 2.017738
v 1.054144 -0.004761 2.011913
v 1.054144 0.886610 2.011913
v 1.037331 -0.004761 2.012573
v 1.037331 0.886610 2.012573
v 1.328756 0.765072 1.828876
v 1.328038 0.830852 1.827888
v 1.349647 0.830852 1.857630
v 1.348928 0.765072 1.856641
v 1.593881 -0.004072 1.686245
v 1.533479 -0.004072 1.728217
v 1.114346 0.584981 2.028587
v 1.160835 0.572262 1.993299
v 1.507904 0.531387 1.693061
v 1.566619 0.531387 1.648487
v 1.566508 -0.004072 1.648569
v 1.507925 -0.004072 1.693045
v 1.593987 0.490183 1.686168
v 1.533458 0.490183 1.728231
v 1.566614 0.490183 1.648492
v 1.507905 0.490183 1.693060
v 1.213091 0.713446 1.955333
v 1.178656 0.763395 1.981863
v 1.268862 0.750196 1.914813
v 1.253417 0.812900 1.927545
v 1.177627 0.650626 1.981100
v 1.136180 0.687734 2.012722
v 1.092737 0.584981 1.998846
v 1.140663 0.572262 1.965535
v 1.527414 0.531387 1.742151
v 1.609422 0.531387 1.685163
v 1.492798 0.531387 1.694506
v 1.572339 0.531387 1.634123
v 1.609414 0.483234 1.685169
v 1.527416 0.483234 1.742150
v 1.192920 0.713446 1.927569
v 1.157048 0.763395 1.952121
v 1.248690 0.750196 1.887049
v 1.231809 0.812900 1.897804
v 1.572331 0.483234 1.634129
v 1.492800 0.483234 1.694505
v 1.584949 0.584981 1.686674
v 1.537022 0.572262 1.719983
v 1.484766 0.713446 1.757950
v 1.520638 0.763395 1.733398
v 1.428995 0.750196 1.798469
v 1.445877 0.812900 1.787715
v 1.520231 0.650626 1.732184
v 1.563114 0.687734 1.702537
v 1.563341 0.584981 1.656932
v 1.516851 0.572262 1.692219
v 1.464595 0.713446 1.730186
v 1.499030 0.763395 1.703656
v 1.408824 0.750196 1.770705
v 1.424268 0.812900 1.757974
v 1.500059 0.650626 1.704420
v 1.541505 0.687734 1.672796
v 1.157456 0.650626 1.953336
v 1.114572 0.687734 1.982981
v 1.114404 0.500014 2.028544
v 1.160824 0.500014 1.993307
v 1.092795 0.500014 1.998803
v 1.140652 0.500014 1.965543
v 1.117021 0.101419 2.068356
v 1.061246 0.101419 1.984883
v 0.977774 0.101419 2.040657
v 1.033549 0.101419 2.124130
v 1.120969 0.101419 2.069141
v 1.120969 0.109784 2.069141
v 1.062032 0.109784 1.980935
v 0.973826 0.109784 2.039872
v 1.032763 0.109784 2.128078
v 1.062032 0.101419 1.980935
v 0.973826 0.101419 2.039872
v 1.032763 0.101419 2.128078
v 1.061246 -0.011608 1.984883
v 0.977774 -0.011608 2.040657
v 1.117021 -0.011608 2.068356
v 1.033549 -0.011608 2.124130
v 1.033549 0.867417 2.124130
v 0.977775 0.867417 2.040657
v 1.061246 0.867417 1.984883
v 1.117021 0.867417 2.068356
v 1.032763 0.867417 2.128078
v 1.032763 0.859051 2.128078
v 0.973826 0.859051 2.039872
v 1.062032 0.859051 1.980935
v 1.120969 0.859051 2.069141
v 0.973826 0.867417 2.039872
v 1.062032 0.867417 1.980935
v 1.120969 0.867417 2.069141
v 0.977775 0.980443 2.040657
v 1.061246 0.980443 1.984883
v 1.033549 0.980443 2.124130
v 1.117021 0.980443 2.068356
v 1.584890 0.500014 1.686716
v 1.537034 0.500014 1.719975
v 1.563282 0.500014 1.656974
v 1.516862 0.500014 1.692211
v 1.650923 -0.007777 1.650923
v 1.650923 0.069990 1.650923
v 1.610378 -0.007777 1.610378
v 1.610378 0.069990 1.610378
v 2.080284 0.894512 1.059958
v 2.080284 0.972280 1.059958
v 2.029194 0.894512 1.033926
v 2.029194 0.972280 1.033926
v 1.728232 0.531387 1.533458
v 1.686164 0.531387 1.593993
v 1.686245 -0.004072 1.593882
v 1.728217 -0.004072 1.533479
v 1.693061 0.531387 1.507904
v 1.648487 0.531387 1.566620
v 1.648569 -0.004072 1.566509
v 1.693045 -0.004072 1.507926
v 1.686168 0.490183 1.593987
v 1.728231 0.490183 1.533459
v 1.648492 0.490183 1.566614
v 1.693060 0.490183 1.507905
v 1.742151 0.531387 1.527415
v 1.685163 0.531387 1.609422
v 1.992458 0.531387 1.169783
v 2.037031 0.531387 1.111066
v 1.694506 0.531387 1.492798
v 1.634123 0.531387 1.572340
v 1.685169 0.483234 1.609414
v 1.742150 0.483234 1.527416
v 1.634129 0.483234 1.572331
v 1.694505 0.483234 1.492800
v 1.596123 -0.004761 1.604940
v 1.596123 0.886610 1.604940
v 1.589079 -0.004761 1.620221
v 1.589079 0.886610 1.620221
v 1.588417 -0.004761 1.637034
v 1.588417 0.886610 1.637034
v 1.594244 -0.004761 1.652823
v 1.594244 0.886610 1.652823
v 1.605664 -0.004761 1.665178
v 1.605664 0.886610 1.665178
v 1.620947 -0.004761 1.672224
v 1.620947 0.886610 1.672224
v 1.637759 -0.004761 1.672883
v 1.637759 0.886610 1.672883
v 1.653545 -0.004761 1.667058
v 1.653545 0.886610 1.667058
v 1.665902 -0.004761 1.655638
v 1.665902 0.886610 1.655638
v 1.672946 -0.004761 1.640356
v 1.672946 0.886610 1.640356
v 1.673607 -0.004761 1.623543
v 1.673607 0.886610 1.623543
v 1.667784 -0.004761 1.607757
v 1.667784 0.886610 1.607757
v 1.656360 -0.004761 1.595400
v 1.656360 0.886610 1.595400
v 1.641081 -0.004761 1.588356
v 1.641081 0.886610 1.588356
v 1.624266 -0.004761 1.587694
v 1.624266 0.886610 1.587694
v 1.608479 -0.004761 1.593519
v 1.608479 0.886610 1.593519
v 1.828877 0.765072 1.328757
v 1.827888 0.830852 1.328039
v 1.857630 0.830852 1.349647
v 1.856641 0.765072 1.348929
v 2.036950 -0.004072 1.111178
v 1.992473 -0.004072 1.169761
v 1.686674 0.584981 1.584949
v 1.719983 0.572262 1.537023
v 1.957286 0.531387 1.144229
v 1.999354 0.531387 1.083693
v 1.999274 -0.004072 1.083805
v 1.957302 -0.004072 1.144207
v 2.037026 0.490183 1.111073
v 1.992459 0.490183 1.169781
v 1.999350 0.490183 1.083699
v 1.957287 0.490183 1.144228
v 1.757950 0.713446 1.484767
v 1.733398 0.763395 1.520639
v 1.798469 0.750196 1.428996
v 1.787715 0.812900 1.445877
v 1.732184 0.650626 1.520231
v 1.702537 0.687734 1.563114
v 1.656932 0.584981 1.563341
v 1.692219 0.572262 1.516851
v 1.991012 0.531387 1.184888
v 2.051395 0.531387 1.105347
v 1.943367 0.531387 1.150272
v 2.000355 0.531387 1.068264
v 2.051389 0.483234 1.105356
v 1.991013 0.483234 1.184886
v 1.730186 0.713446 1.464595
v 1.703656 0.763395 1.499030
v 1.770705 0.750196 1.408824
v 1.757974 0.812900 1.424269
v 2.000349 0.483234 1.068273
v 1.943368 0.483234 1.150270
v 2.028587 0.584981 1.114346
v 1.993299 0.572262 1.160835
v 1.955333 0.713446 1.213092
v 1.981863 0.763395 1.178657
v 1.914813 0.750196 1.268862
v 1.927545 0.812900 1.253418
v 1.981100 0.650626 1.177628
v 2.012723 0.687734 1.136181
v 1.998846 0.584981 1.092738
v 1.965535 0.572262 1.140664
v 1.927569 0.713446 1.192920
v 1.952121 0.763395 1.157048
v 1.887049 0.750196 1.248691
v 1.897804 0.812900 1.231809
v 1.953336 0.650626 1.157456
v 1.982981 0.687734 1.114573
v 1.704420 0.650626 1.500060
v 1.672796 0.687734 1.541506
v 1.686716 0.500014 1.584891
v 1.719975 0.500014 1.537034
v 1.656974 0.500014 1.563282
v 1.692211 0.500014 1.516862
v 1.701507 0.101419 1.621945
v 1.622668 0.101419 1.559793
v 1.560517 0.101419 1.638632
v 1.639356 0.101419 1.700783
v 1.705504 0.101419 1.621472
v 1.705504 0.109784 1.621472
v 1.622195 0.109784 1.555796
v 1.556519 0.109784 1.639105
v 1.639829 0.109784 1.704781
v 1.622195 0.101419 1.555796
v 1.556519 0.101419 1.639105
v 1.639829 0.101419 1.704781
v 1.622668 -0.011608 1.559793
v 1.560517 -0.011608 1.638632
v 1.701507 -0.011608 1.621945
v 1.639356 -0.011608 1.700783
v 1.639356 0.867417 1.700783
v 1.560517 0.867417 1.638632
v 1.622668 0.867417 1.559793
v 1.701507 0.867417 1.621945
v 1.639829 0.867417 1.704781
v 1.639829 0.859051 1.704781
v 1.556519 0.859051 1.639105
v 1.622195 0.859051 1.555796
v 1.705504 0.859051 1.621472
v 1.556519 0.867417 1.639105
v 1.622195 0.867417 1.555796
v 1.705504 0.867417 1.621472
v 1.560517 0.980443 1.638632
v 1.622668 0.980443 1.559793
v 1.639356 0.980443 1.700783
v 1.701507 0.980443 1.621945
v 2.028544 0.500014 1.114404
v 1.993307 0.500014 1.160824
v 1.998803 0.500014 1.092796
v 1.965543 0.500014 1.140652
v 2.080284 -0.007777 1.059958
v 2.080284 0.069990 1.059958
v 2.029194 -0.007777 1.033926
v 2.029194 0.069990 1.033926
v 2.306013 0.894512 0.365237
v 2.306013 0.972280 0.365237
v 2.249380 0.894512 0.356267
v 2.249380 0.972280 0.356267
v 2.117511 0.531387 0.924351
v 2.096208 0.531387 0.994924
v 2.096251 -0.004072 0.994793
v 2.117503 -0.004072 0.924377
v 2.076164 0.531387 0.910917
v 2.051917 0.531387 0.980533
v 2.051960 -0.004072 0.980402
v 2.076156 -0.004072 0.910942
v 2.096210 0.490183 0.994917
v 2.117511 0.490183 0.924353
v 2.051919 0.490183 0.980526
v 2.076164 0.490183 0.910919
v 2.128881 0.531387 0.914303
v 2.100024 0.531387 1.009907
v 2.256422 0.531387 0.496826
v 2.280670 0.531387 0.427209
v 2.072871 0.531387 0.896104
v 2.040023 0.531387 0.990412
v 2.100028 0.483234 1.009897
v 2.128881 0.483234 0.914305
v 2.040026 0.483234 0.990402
v 2.072871 0.483234 0.896106
v 2.013957 -0.004761 1.033159
v 2.013957 0.886610 1.033159
v 2.011980 -0.004761 1.049869
v 2.011980 0.886610 1.049869
v 2.016546 -0.004761 1.066064
v 2.016546 0.886610 1.066064
v 2.026966 -0.004761 1.079279
v 2.026966 0.886610 1.079279
v 2.041646 -0.004761 1.087500
v 2.041646 0.886610 1.087500
v 2.058357 -0.004761 1.089479
v 2.058357 0.886610 1.089479
v 2.074551 -0.004761 1.084911
v 2.074551 0.886610 1.084911
v 2.087764 -0.004761 1.074493
v 2.087764 0.886610 1.074493
v 2.095987 -0.004761 1.059813
v 2.095987 0.886610 1.059813
v 2.097964 -0.004761 1.043102
v 2.097964 0.886610 1.043102
v 2.093397 -0.004761 1.026908
v 2.093397 0.886610 1.026908
v 2.082981 -0.004761 1.013694
v 2.082981 0.886610 1.013694
v 2.068298 -0.004761 1.005472
v 2.068298 0.886610 1.005472
v 2.051590 -0.004761 1.003494
v 2.051590 0.886610 1.003494
v 2.035393 -0.004761 1.008061
v 2.035393 0.886610 1.008061
v 2.022179 -0.004761 1.018478
v 2.022179 0.886610 1.018478
v 2.149973 0.765072 0.698569
v 2.148812 0.830852 0.698191
v 2.183774 0.830852 0.709551
v 2.182612 0.765072 0.709174
v 2.280627 -0.004072 0.427341
v 2.256431 -0.004072 0.496800
v 2.093898 0.584981 0.986165
v 2.110767 0.572262 0.930291
v 2.215076 0.531387 0.483391
v 2.236378 0.531387 0.412818
v 2.236336 -0.004072 0.412950
v 2.215084 -0.004072 0.483366
v 2.280667 0.490183 0.427217
v 2.256423 0.490183 0.496824
v 2.236377 0.490183 0.412826
v 2.215076 0.490183 0.483390
v 2.130728 0.713446 0.868861
v 2.118463 0.763395 0.910564
v 2.152030 0.750196 0.803298
v 2.147019 0.812900 0.822676
v 2.117182 0.650626 0.910551
v 2.102238 0.687734 0.960497
v 2.058935 0.584981 0.974805
v 2.078128 0.572262 0.919686
v 2.259715 0.531387 0.511638
v 2.292563 0.531387 0.417331
v 2.203705 0.531387 0.493440
v 2.232563 0.531387 0.397836
v 2.292561 0.483234 0.417341
v 2.259716 0.483234 0.511636
v 2.098089 0.713446 0.858256
v 2.083499 0.763395 0.899203
v 2.119391 0.750196 0.792693
v 2.112056 0.812900 0.811316
v 2.232559 0.483234 0.397846
v 2.203706 0.483234 0.493438
v 2.273653 0.584981 0.432938
v 2.254458 0.572262 0.488056
v 2.234499 0.713446 0.549487
v 2.249088 0.763395 0.508540
v 2.213195 0.750196 0.615050
v 2.220531 0.812900 0.596427
v 2.248045 0.650626 0.507797
v 2.265312 0.687734 0.458606
v 2.238690 0.584981 0.421578
v 2.221819 0.572262 0.477451
v 2.201860 0.713446 0.538882
v 2.214125 0.763395 0.497179
v 2.180557 0.750196 0.604445
v 2.185569 0.812900 0.585066
v 2.215406 0.650626 0.497192
v 2.230349 0.687734 0.447246
v 2.084543 0.650626 0.899946
v 2.067275 0.687734 0.949136
v 2.093920 0.500014 0.986097
v 2.110763 0.500014 0.930304
v 2.058957 0.500014 0.974736
v 2.078124 0.500014 0.919699
v 2.119438 0.101419 1.016766
v 2.025251 0.101419 0.982019
v 1.990504 0.101419 1.076205
v 2.084691 0.101419 1.110952
v 2.123093 0.101419 1.015081
v 2.123093 0.109784 1.015081
v 2.023566 0.109784 0.978364
v 1.986849 0.109784 1.077890
v 2.086376 0.109784 1.114608
v 2.023566 0.101419 0.978364
v 1.986849 0.101419 1.077890
v 2.086376 0.101419 1.114608
v 2.025251 -0.011608 0.982019
v 1.990504 -0.011608 1.076205
v 2.119438 -0.011608 1.016766
v 2.084691 -0.011608 1.110952
v 2.084691 0.867417 1.110952
v 1.990505 0.867417 1.076205
v 2.025251 0.867417 0.982019
v 2.119438 0.867417 1.016766
v 2.086376 0.867417 1.114608
v 2.086376 0.859051 1.114608
v 1.986849 0.859051 1.077890
v 2.023566 0.859051 0.978364
v 2.123093 0.859051 1.015081
v 1.986849 0.867417 1.077890
v 2.023566 0.867417 0.978364
v 2.123093 0.867417 1.015081
v 1.990505 0.980443 1.076205
v 2.025251 0.980443 0.982019
v 2.084691 0.980443 1.110952
v 2.119438 0.980443 1.016766
v 2.273630 0.500014 0.433007
v 2.254462 0.500014 0.488043
v 2.238667 0.500014 0.421646
v 2.221824 0.500014 0.477438
v 2.306013 -0.007777 0.365237
v 2.306013 0.069990 0.365237
v 2.249380 -0.007777 0.356267
v 2.249380 0.069990 0.356267
v 2.299513 0.531387 0.224764
v 2.301061 0.531387 0.298466
v 2.301061 -0.004072 0.298327
v 2.299513 -0.004072 0.224790
v 2.256039 0.531387 0.224764
v 2.254490 0.531387 0.298465
v 2.254491 -0.004072 0.298327
v 2.256039 -0.004072 0.224790
v 2.301061 0.490183 0.298458
v 2.299513 0.490183 0.224765
v 2.254491 0.490183 0.298458
v 2.256039 0.490183 0.224765
v 2.307222 0.531387 0.211693
v 2.309320 0.531387 0.311536
v 2.248329 0.531387 0.211693
v 2.246232 0.531387 0.311536
v 2.309320 0.483234 0.311525
v 2.307222 0.483234 0.211695
v 2.246232 0.483234 0.311525
v 2.248330 0.483234 0.211695
v 2.234650 -0.004761 0.360246
v 2.234650 0.886610 0.360246
v 2.237934 -0.004761 0.376749
v 2.237934 0.886610 0.376749
v 2.247281 -0.004761 0.390740
v 2.247281 0.886610 0.390740
v 2.261275 -0.004761 0.400089
v 2.261275 0.886610 0.400089
v 2.277777 -0.004761 0.403371
v 2.277777 0.886610 0.403371
v 2.294282 -0.004761 0.400089
v 2.294282 0.886610 0.400089
v 2.308271 -0.004761 0.390740
v 2.308271 0.886610 0.390740
v 2.317618 -0.004761 0.376749
v 2.317618 0.886610 0.376749
v 2.320903 -0.004761 0.360246
v 2.320903 0.886610 0.360246
v 2.317619 -0.004761 0.343743
v 2.317619 0.886610 0.343743
v 2.308271 -0.004761 0.329752
v 2.308271 0.886610 0.329752
v 2.294281 -0.004761 0.320404
v 2.294281 0.886610 0.320404
v 2.277776 -0.004761 0.317121
v 2.277776 0.886610 0.317121
v 2.261275 -0.004761 0.320404
v 2.261275 0.886610 0.320404
v 2.247282 -0.004761 0.329752
v 2.247282 0.886610 0.329752
v 2.237934 -0.004761 0.343743
v 2.237934 0.886610 0.343743
v 2.260616 0.765072 0.000000
v 2.259394 0.830852 0.000000
v 2.296157 0.830852 0.000000
v 2.294934 0.765072 0.000000
v 2.296158 0.584981 0.290849
v 2.294935 0.572262 0.232497
v 2.294936 0.713446 0.167904
v 2.296158 0.763395 0.211357
v 2.294935 0.750196 0.098968
v 2.296157 0.812900 0.118947
v 2.294936 0.650626 0.211741
v 2.296157 0.687734 0.263860
v 2.259396 0.584981 0.290849
v 2.260617 0.572262 0.232497
v 2.260617 0.713446 0.167904
v 2.259395 0.763395 0.211357
v 2.260617 0.750196 0.098968
v 2.259395 0.812900 0.118947
v 2.260618 0.650626 0.211740
v 2.259395 0.687734 0.263859
v 2.296157 0.500014 0.290777
v 2.294935 0.500014 0.232511
v 2.259395 0.500014 0.290777
v 2.260617 0.500014 0.232511
v 2.312301 0.101419 0.423193
v 2.215679 0.101419 0.395943
v 2.242929 0.101419 0.299321
v 2.339552 0.101419 0.326571
v 2.314268 0.101419 0.426705
v 2.314268 0.109784 0.426705
v 2.212167 0.109784 0.397910
v 2.240963 0.109784 0.295809
v 2.343064 0.109784 0.324604
v 2.212167 0.101419 0.397910
v 2.240963 0.101419 0.295809
v 2.343064 0.101419 0.324604
v 2.215679 -0.011608 0.395943
v 2.242929 -0.011608 0.299321
v 2.312301 -0.011608 0.423193
v 2.339552 -0.011608 0.326571
v 2.339552 0.867417 0.326571
v 2.242929 0.867417 0.299321
v 2.215679 0.867417 0.395943
v 2.312301 0.867417 0.423193
v 2.343064 0.867417 0.324604
v 2.343064 0.859051 0.324604
v 2.240963 0.859051 0.295809
v 2.212167 0.859051 0.397910
v 2.314268 0.859051 0.426705
v 2.240963 0.867417 0.295809
v 2.212167 0.867417 0.397910
v 2.314268 0.867417 0.426705
v 2.242929 0.980443 0.299321
v 2.215679 0.980443 0.395943
v 2.339552 0.980443 0.326571
v 2.312301 0.980443 0.423193
v 0.365236 0.894512 -2.306012
v 0.365236 0.972280 -2.306012
v 0.356267 0.894512 -2.249380
v 0.356267 0.972280 -2.249380
v 0.224764 0.531387 -2.299513
v 0.298465 0.531387 -2.301061
v 0.298327 -0.004072 -2.301061
v 0.224790 -0.004072 -2.299513
v 0.224764 0.531387 -2.256038
v 0.298465 0.531387 -2.254490
v 0.298327 -0.004072 -2.254490
v 0.224790 -0.004072 -2.256038
v 0.298458 0.490183 -2.301061
v 0.224765 0.490183 -2.299513
v 0.298458 0.490183 -2.254490
v 0.224765 0.490183 -2.256038
v 0.211693 0.531387 -2.307222
v 0.311536 0.531387 -2.309319
v 0.211693 0.531387 -2.248329
v 0.311536 0.531387 -2.246231
v 0.311525 0.483234 -2.309320
v 0.211695 0.483234 -2.307222
v 0.311525 0.483234 -2.246231
v 0.211695 0.483234 -2.248329
v 0.290849 0.584981 -2.296157
v 0.232497 0.572262 -2.294935
v 0.167904 0.713446 -2.294935
v 0.211357 0.763395 -2.296157
v 0.098968 0.750196 -2.294935
v 0.118947 0.812900 -2.296157
v 0.211741 0.650626 -2.294935
v 0.263859 0.687734 -2.296157
v 0.290849 0.584981 -2.259395
v 0.232497 0.572262 -2.260616
v 0.167904 0.713446 -2.260617
v 0.211357 0.763395 -2.259394
v 0.098968 0.750196 -2.260616
v 0.118946 0.812900 -2.259394
v 0.211741 0.650626 -2.260617
v 0.263859 0.687734 -2.259394
v 0.290777 0.500014 -2.296157
v 0.232511 0.500014 -2.294935
v 0.290777 0.500014 -2.259394
v 0.232511 0.500014 -2.260616
v 0.365236 -0.007777 -2.306012
v 0.365236 0.069990 -2.306012
v 0.356267 -0.007777 -2.249380
v 0.356267 0.069990 -2.249380
v 1.059958 0.894512 -2.080284
v 1.059958 0.972280 -2.080284
v 1.033926 0.894512 -2.029195
v 1.033926 0.972280 -2.029195
v 0.496826 0.531387 -2.256423
v 0.427209 0.531387 -2.280670
v 0.427341 -0.004072 -2.280627
v 0.496800 -0.004072 -2.256431
v 0.483391 0.531387 -2.215076
v 0.412818 0.531387 -2.236378
v 0.412950 -0.004072 -2.236336
v 0.483366 -0.004072 -2.215084
v 0.427217 0.490183 -2.280667
v 0.496824 0.490183 -2.256423
v 0.412826 0.490183 -2.236377
v 0.483390 0.490183 -2.215077
v 0.511638 0.531387 -2.259715
v 0.417331 0.531387 -2.292563
v 0.924351 0.531387 -2.117511
v 0.994924 0.531387 -2.096208
v 0.493440 0.531387 -2.203705
v 0.397836 0.531387 -2.232563
v 0.417341 0.483234 -2.292561
v 0.511636 0.483234 -2.259716
v 0.397845 0.483234 -2.232560
v 0.493438 0.483234 -2.203706
v 0.347930 -0.004761 -2.236601
v 0.347930 0.886610 -2.236601
v 0.333250 -0.004761 -2.244824
v 0.333250 0.886610 -2.244824
v 0.322832 -0.004761 -2.258037
v 0.322832 0.886610 -2.258037
v 0.318266 -0.004761 -2.274235
v 0.318266 0.886610 -2.274235
v 0.320243 -0.004761 -2.290943
v 0.320243 0.886610 -2.290943
v 0.328465 -0.004761 -2.305626
v 0.328465 0.886610 -2.305626
v 0.341679 -0.004761 -2.316042
v 0.341679 0.886610 -2.316042
v 0.357873 -0.004761 -2.320608
v 0.357873 0.886610 -2.320608
v 0.374584 -0.004761 -2.318631
v 0.374584 0.886610 -2.318631
v 0.389264 -0.004761 -2.310408
v 0.389264 0.886610 -2.310408
v 0.399682 -0.004761 -2.297195
v 0.399682 0.886610 -2.297195
v 0.404250 -0.004761 -2.281001
v 0.404250 0.886610 -2.281001
v 0.402271 -0.004761 -2.264290
v 0.402271 0.886610 -2.264290
v 0.394050 -0.004761 -2.249610
v 0.394050 0.886610 -2.249610
v 0.380835 -0.004761 -2.239191
v 0.380835 0.886610 -2.239191
v 0.364641 -0.004761 -2.234624
v 0.364641 0.886610 -2.234624
v 0.698569 0.765072 -2.149973
v 0.698191 0.830852 -2.148812
v 0.709551 0.830852 -2.183775
v 0.709174 0.765072 -2.182612
v 0.994793 -0.004072 -2.096251
v 0.924377 -0.004072 -2.117503
v 0.432938 0.584981 -2.273653
v 0.488056 0.572262 -2.254458
v 0.910917 0.531387 -2.076165
v 0.980533 0.531387 -2.051917
v 0.980402 -0.004072 -2.051960
v 0.910942 -0.004072 -2.076156
v 0.994917 0.490183 -2.096210
v 0.924353 0.490183 -2.117511
v 0.980526 0.490183 -2.051920
v 0.910919 0.490183 -2.076164
v 0.549487 0.713446 -2.234499
v 0.508539 0.763395 -2.249088
v 0.615050 0.750196 -2.213195
v 0.596427 0.812900 -2.220532
v 0.507797 0.650626 -2.248045
v 0.458606 0.687734 -2.265312
v 0.421578 0.584981 -2.238690
v 0.477451 0.572262 -2.221819
v 0.914303 0.531387 -2.128882
v 1.009907 0.531387 -2.100024
v 0.896104 0.531387 -2.072871
v 0.990412 0.531387 -2.040023
v 1.009897 0.483234 -2.100028
v 0.914305 0.483234 -2.128881
v 0.538882 0.713446 -2.201860
v 0.497179 0.763395 -2.214125
v 0.604445 0.750196 -2.180557
v 0.585066 0.812900 -2.185569
v 0.990402 0.483234 -2.040026
v 0.896106 0.483234 -2.072871
v 0.986165 0.584981 -2.093898
v 0.930291 0.572262 -2.110767
v 0.868861 0.713446 -2.130728
v 0.910564 0.763395 -2.118463
v 0.803298 0.750196 -2.152030
v 0.822676 0.812900 -2.147019
v 0.910551 0.650626 -2.117182
v 0.960497 0.687734 -2.102238
v 0.974805 0.584981 -2.058935
v 0.919686 0.572262 -2.078129
v 0.858256 0.713446 -2.098089
v 0.899203 0.763395 -2.083499
v 0.792693 0.750196 -2.119391
v 0.811316 0.812900 -2.112056
v 0.899946 0.650626 -2.084544
v 0.949136 0.687734 -2.067275
v 0.497192 0.650626 -2.215406
v 0.447246 0.687734 -2.230349
v 0.433006 0.500014 -2.273630
v 0.488043 0.500014 -2.254462
v 0.421646 0.500014 -2.238667
v 0.477438 0.500014 -2.221824
v 0.423193 0.101419 -2.312302
v 0.395942 0.101419 -2.215679
v 0.299321 0.101419 -2.242929
v 0.326571 0.101419 -2.339552
v 0.426705 0.101419 -2.314268
v 0.426705 0.109784 -2.314268
v 0.397910 0.109784 -2.212167
v 0.295809 0.109784 -2.240963
v 0.324604 0.109784 -2.343064
v 0.397910 0.101419 -2.212167
v 0.295809 0.101419 -2.240963
v 0.324604 0.101419 -2.343064
v 0.395942 -0.011608 -2.215679
v 0.299321 -0.011608 -2.242929
v 0.423193 -0.011608 -2.312302
v 0.326571 -0.011608 -2.339552
v 0.326571 0.867417 -2.339552
v 0.299321 0.867417 -2.242929
v 0.395942 0.867417 -2.215679
v 0.423193 0.867417 -2.312302
v 0.324604 0.867417 -2.343064
v 0.324604 0.859051 -2.343064
v 0.295809 0.859051 -2.240963
v 0.397910 0.859051 -2.212167
v 0.426705 0.859051 -2.314268
v 0.295809 0.867417 -2.240963
v 0.397910 0.867417 -2.212167
v 0.426705 0.867417 -2.314268
v 0.299321 0.980443 -2.242929
v 0.395942 0.980443 -2.215679
v 0.326571 0.980443 -2.339552
v 0.423193 0.980443 -2.312302
v 0.986097 0.500014 -2.093920
v 0.930304 0.500014 -2.110763
v 0.974736 0.500014 -2.058957
v 0.919699 0.500014 -2.078124
v 1.059958 -0.007777 -2.080284
v 1.059958 0.069990 -2.080284
v 1.033926 -0.007777 -2.029195
v 1.033926 0.069990 -2.029195
v 1.650923 0.894512 -1.650923
v 1.650923 0.972280 -1.650923
v 1.610378 0.894512 -1.610378
v 1.610378 0.972280 -1.610378
v 1.169782 0.531387 -1.992458
v 1.111066 0.531387 -2.037031
v 1.111178 -0.004072 -2.036950
v 1.169761 -0.004072 -1.992473
v 1.144229 0.531387 -1.957286
v 1.083692 0.531387 -1.999354
v 1.083804 -0.004072 -1.999274
v 1.144207 -0.004072 -1.957302
v 1.111072 0.490183 -2.037026
v 1.169781 0.490183 -1.992459
v 1.083699 0.490183 -1.999350
v 1.144227 0.490183 -1.957287
v 1.184887 0.531387 -1.991012
v 1.105346 0.531387 -2.051395
v 1.533457 0.531387 -1.728232
v 1.593993 0.531387 -1.686164
v 1.150271 0.531387 -1.943367
v 1.068264 0.531387 -2.000355
v 1.105355 0.483234 -2.051389
v 1.184886 0.483234 -1.991013
v 1.068272 0.483234 -2.000349
v 1.150269 0.483234 -1.943368
v 1.022049 -0.004761 -2.019617
v 1.022049 0.886610 -2.019617
v 1.010628 -0.004761 -2.031974
v 1.010628 0.886610 -2.031974
v 1.004803 -0.004761 -2.047760
v 1.004803 0.886610 -2.047760
v 1.005465 -0.004761 -2.064576
v 1.005465 0.886610 -2.064576
v 1.012509 -0.004761 -2.079856
v 1.012509 0.886610 -2.079856
v 1.024866 -0.004761 -2.091279
v 1.024866 0.886610 -2.091279
v 1.040652 -0.004761 -2.097102
v 1.040652 0.886610 -2.097102
v 1.057465 -0.004761 -2.096440
v 1.057465 0.886610 -2.096440
v 1.072747 -0.004761 -2.089396
v 1.072747 0.886610 -2.089396
v 1.084168 -0.004761 -2.077039
v 1.084168 0.886610 -2.077039
v 1.089992 -0.004761 -2.061254
v 1.089992 0.886610 -2.061254
v 1.089332 -0.004761 -2.044441
v 1.089332 0.886610 -2.044441
v 1.082287 -0.004761 -2.029159
v 1.082287 0.886610 -2.029159
v 1.069932 -0.004761 -2.017738
v 1.069932 0.886610 -2.017738
v 1.054144 -0.004761 -2.011913
v 1.054144 0.886610 -2.011913
v 1.037331 -0.004761 -2.012573
v 1.037331 0.886610 -2.012573
v 1.328756 0.765072 -1.828876
v 1.328038 0.830852 -1.827888
v 1.349647 0.830852 -1.857630
v 1.348928 0.765072 -1.856641
v 1.593881 -0.004072 -1.686245
v 1.533479 -0.004072 -1.728217
v 1.114346 0.584981 -2.028587
v 1.160835 0.572262 -1.993299
v 1.507904 0.531387 -1.693061
v 1.566619 0.531387 -1.648487
v 1.566508 -0.004072 -1.648569
v 1.507925 -0.004072 -1.693045
v 1.593987 0.490183 -1.686168
v 1.533458 0.490183 -1.728231
v 1.566614 0.490183 -1.648492
v 1.507905 0.490183 -1.693060
v 1.213091 0.713446 -1.955333
v 1.178656 0.763395 -1.981863
v 1.268862 0.750196 -1.914813
v 1.253417 0.812900 -1.927545
v 1.177627 0.650626 -1.981100
v 1.136180 0.687734 -2.012722
v 1.092737 0.584981 -1.998846
v 1.140663 0.572262 -1.965535
v 1.527414 0.531387 -1.742151
v 1.609422 0.531387 -1.685163
v 1.492798 0.531387 -1.694506
v 1.572339 0.531387 -1.634123
v 1.609414 0.483234 -1.685169
v 1.527416 0.483234 -1.742150
v 1.192920 0.713446 -1.927569
v 1.157048 0.763395 -1.952121
v 1.248690 0.750196 -1.887049
v 1.231809 0.812900 -1.897804
v 1.572331 0.483234 -1.634129
v 1.492800 0.483234 -1.694505
v 1.584949 0.584981 -1.686674
v 1.537022 0.572262 -1.719983
v 1.484766 0.713446 -1.757950
v 1.520638 0.763395 -1.733398
v 1.428995 0.750196 -1.798469
v 1.445877 0.812900 -1.787715
v 1.520231 0.650626 -1.732184
v 1.563114 0.687734 -1.702537
v 1.563341 0.584981 -1.656932
v 1.516851 0.572262 -1.692219
v 1.464595 0.713446 -1.730186
v 1.499030 0.763395 -1.703656
v 1.408824 0.750196 -1.770705
v 1.424268 0.812900 -1.757974
v 1.500059 0.650626 -1.704420
v 1.541505 0.687734 -1.672796
v 1.157456 0.650626 -1.953336
v 1.114572 0.687734 -1.982981
v 1.114404 0.500014 -2.028544
v 1.160824 0.500014 -1.993307
v 1.092795 0.500014 -1.998803
v 1.140652 0.500014 -1.965543
v 1.117021 0.101419 -2.068356
v 1.061246 0.101419 -1.984883
v 0.977774 0.101419 -2.040657
v 1.033549 0.101419 -2.124130
v 1.120969 0.101419 -2.069141
v 1.120969 0.109784 -2.069141
v 1.062032 0.109784 -1.980935
v 0.973826 0.109784 -2.039872
v 1.032763 0.109784 -2.128078
v 1.062032 0.101419 -1.980935
v 0.973826 0.101419 -2.039872
v 1.032763 0.101419 -2.128078
v 1.061246 -0.011608 -1.984883
v 0.977774 -0.011608 -2.040657
v 1.117021 -0.011608 -2.068356
v 1.033549 -0.011608 -2.124130
v 1.033549 0.867417 -2.124130
v 0.977775 0.867417 -2.040657
v 1.061246 0.867417 -1.984883
v 1.117021 0.867417 -2.068356
v 1.032763 0.867417 -2.128078
v 1.032763 0.859051 -2.128078
v 0.973826 0.859051 -2.039872
v 1.062032 0.859051 -1.980935
v 1.120969 0.859051 -2.069141
v 0.973826 0.867417 -2.039872
v 1.062032 0.867417 -1.980935
v 1.120969 0.867417 -2.069141
v 0.977775 0.980443 -2.040657
v 1.061246 0.980443 -1.984883
v 1.033549 0.980443 -2.124130
v 1.117021 0.980443 -2.068356
v 1.584890 0.500014 -1.686716
v 1.537034 0.500014 -1.719975
v 1.563282 0.500014 -1.656974
v 1.516862 0.500014 -1.692211
v 1.650923 -0.007777 -1.650923
v 1.650923 0.069990 -1.650923
v 1.610378 -0.007777 -1.610378
v 1.610378 0.069990 -1.610378
v 2.080284 0.894512 -1.059958
v 2.080284 0.972280 -1.059958
v 2.029194 0.894512 -1.033926
v 2.029194 0.972280 -1.033926
v 1.728232 0.531387 -1.533458
v 1.686164 0.531387 -1.593993
v 1.686245 -0.004072 -1.593882
v 1.728217 -0.004072 -1.533479
v 1.693061 0.531387 -1.507904
v 1.648487 0.531387 -1.566620
v 1.648569 -0.004072 -1.566509
v 1.693045 -0.004072 -1.507926
v 1.686168 0.490183 -1.593987
v 1.728231 0.490183 -1.533459
v 1.648492 0.490183 -1.566614
v 1.693060 0.490183 -1.507905
v 1.742151 0.531387 -1.527415
v 1.685163 0.531387 -1.609422
v 1.992458 0.531387 -1.169783
v 2.037031 0.531387 -1.111066
v 1.694506 0.531387 -1.492798
v 1.634123 0.531387 -1.572340
v 1.685169 0.483234 -1.609414
v 1.742150 0.483234 -1.527416
v 1.634129 0.483234 -1.572331
v 1.694505 0.483234 -1.492800
v 1.596123 -0.004761 -1.604940
v 1.596123 0.886610 -1.604940
v 1.589079 -0.004761 -1.620221
v 1.589079 0.886610 -1.620221
v 1.588417 -0.004761 -1.637034
v 1.588417 0.886610 -1.637034
v 1.594244 -0.004761 -1.652823
v 1.594244 0.886610 -1.652823
v 1.605664 -0.004761 -1.665178
v 1.605664 0.886610 -1.665178
v 1.620947 -0.004761 -1.672224
v 1.620947 0.886610 -1.672224
v 1.637759 -0.004761 -1.672883
v 1.637759 0.886610 -1.672883
v 1.653545 -0.004761 -1.667058
v 1.653545 0.886610 -1.667058
v 1.665902 -0.004761 -1.655638
v 1.665902 0.886610 -1.655638
v 1.672946 -0.004761 -1.640356
v 1.672946 0.886610 -1.640356
v 1.673607 -0.004761 -1.623543
v 1.673607 0.886610 -1.623543
v 1.667784 -0.004761 -1.607757
v 1.667784 0.886610 -1.607757
v 1.656360 -0.004761 -1.595400
v 1.656360 0.886610 -1.595400
v 1.641081 -0.004761 -1.588356
v 1.641081 0.886610 -1.588356
v 1.624266 -0.004761 -1.587694
v 1.624266 0.886610 -1.587694
v 1.608479 -0.004761 -1.593519
v 1.608479 0.886610 -1.593519
v 1.828877 0.765072 -1.328757
v 1.827888 0.830852 -1.328039
v 1.857630 0.830852 -1.349647
v 1.856641 0.765072 -1.348929
v 2.036950 -0.004072 -1.111178
v 1.992473 -0.004072 -1.169761
v 1.686674 0.584981 -1.584949
v 1.719983 0.572262 -1.537023
v 1.957286 0.531387 -1.144229
v 1.999354 0.531387 -1.083693
v 1.999274 -0.004072 -1.083805
v 1.957302 -0.004072 -1.144207
v 2.037026 0.490183 -1.111073
v 1.992459 0.490183 -1.169781
v 1.999350 0.490183 -1.083699
v 1.957287 0.490183 -1.144228
v 1.757950 0.713446 -1.484767
v 1.733398 0.763395 -1.520639
v 1.798469 0.750196 -1.428996
v 1.787715 0.812900 -1.445877
v 1.732184 0.650626 -1.520231
v 1.702537 0.687734 -1.563114
v 1.656932 0.584981 -1.563341
v 1.692219 0.572262 -1.516851
v 1.991012 0.531387 -1.184888
v 2.051395 0.531387 -1.105347
v 1.943367 0.531387 -1.150272
v 2.000355 0.531387 -1.068264
v 2.051389 0.483234 -1.105356
v 1.991013 0.483234 -1.184886
v 1.730186 0.713446 -1.464595
v 1.703656 0.763395 -1.499030
v 1.770705 0.750196 -1.408824
v 1.757974 0.812900 -1.424269
v 2.000349 0.483234 -1.068273
v 1.943368 0.483234 -1.150270
v 2.028587 0.584981 -1.114346
v 1.993299 0.572262 -1.160835
v 1.955333 0.713446 -1.213092
v 1.981863 0.763395 -1.178657
v 1.914813 0.750196 -1.268862
v 1.927545 0.812900 -1.253418
v 1.981100 0.650626 -1.177628
v 2.012723 0.687734 -1.136181
v 1.998846 0.584981 -1.092738
v 1.965535 0.572262 -1.140664
v 1.927569 0.713446 -1.192920
v 1.952121 0.763395 -1.157048
v 1.887049 0.750196 -1.248691
v 1.897804 0.812900 -1.231809
v 1.953336 0.650626 -1.157456
v 1.982981 0.687734 -1.114573
v 1.704420 0.650626 -1.500060
v 1.672796 0.687734 -1.541506
v 1.686716 0.500014 -1.584891
v 1.719975 0.500014 -1.537034
v 1.656974 0.500014 -1.563282
v 1.692211 0.500014 -1.516862
v 1.701507 0.101419 -1.621945
v 1.622668 0.101419 -1.559793
v 1.560517 0.101419 -1.638632
v 1.639356 0.101419 -1.700783
v 1.705504 0.101419 -1.621472
v 1.705504 0.109784 -1.621472
v 1.622195 0.109784 -1.555796
v 1.556519 0.109784 -1.639105
v 1.639829 0.109784 -1.704781
v 1.622195 0.101419 -1.555796
v 1.556519 0.101419 -1.639105
v 1.639829 0.101419 -1.704781
v 1.622668 -0.011608 -1.559793
v 1.560517 -0.011608 -1.638632
v 1.701507 -0.011608 -1.621945
v 1.639356 -0.011608 -1.700783
v 1.639356 0.867417 -1.700783
v 1.560517 0.867417 -1.638632
v 1.622668 0.867417 -1.559793
v 1.701507 0.867417 -1.621945
v 1.639829 0.867417 -1.704781
v 1.639829 0.859051 -1.704781
v 1.556519 0.859051 -1.639105
v 1.622195 0.859051 -1.555796
v 1.705504 0.859051 -1.621472
v 1.556519 0.867417 -1.639105
v 1.622195 0.867417 -1.555796
v 1.705504 0.867417 -1.621472
v 1.560517 0.980443 -1.638632
v 1.622668 0.980443 -1.559793
v 1.639356 0.980443 -1.700783
v 1.701507 0.980443 -1.621945
v 2.028544 0.500014 -1.114404
v 1.993307 0.500014 -1.160824
v 1.998803 0.500014 -1.092796
v 1.965543 0.500014 -1.140652
v 2.080284 -0.007777 -1.059958
v 2.080284 0.069990 -1.059958
v 2.029194 -0.007777 -1.033926
v 2.029194 0.069990 -1.033926
v 2.306013 0.894512 -0.365237
v 2.306013 0.972280 -0.365237
v 2.249380 0.894512 -0.356267
v 2.249380 0.972280 -0.356267
v 2.117511 0.531387 -0.924351
v 2.096208 0.531387 -0.994924
v 2.096251 -0.004072 -0.994793
v 2.117503 -0.004072 -0.924377
v 2.076164 0.531387 -0.910917
v 2.051917 0.531387 -0.980533
v 2.051960 -0.004072 -0.980402
v 2.076156 -0.004072 -0.910942
v 2.096210 0.490183 -0.994917
v 2.117511 0.490183 -0.924353
v 2.051919 0.490183 -0.980526
v 2.076164 0.490183 -0.910919
v 2.128881 0.531387 -0.914303
v 2.100024 0.531387 -1.009907
v 2.256422 0.531387 -0.496826
v 2.280670 0.531387 -0.427209
v 2.072871 0.531387 -0.896104
v 2.040023 0.531387 -0.990412
v 2.100028 0.483234 -1.009897
v 2.128881 0.483234 -0.914305
v 2.040026 0.483234 -0.990402
v 2.072871 0.483234 -0.896106
v 2.013957 -0.004761 -1.033159
v 2.013957 0.886610 -1.033159
v 2.011980 -0.004761 -1.049869
v 2.011980 0.886610 -1.049869
v 2.016546 -0.004761 -1.066064
v 2.016546 0.886610 -1.066064
v 2.026966 -0.004761 -1.079279
v 2.026966 0.886610 -1.079279
v 2.041646 -0.004761 -1.087500
v 2.041646 0.886610 -1.087500
v 2.058357 -0.004761 -1.089479
v 2.058357 0.886610 -1.089479
v 2.074551 -0.004761 -1.084911
v 2.074551 0.886610 -1.084911
v 2.087764 -0.004761 -1.074493
v 2.087764 0.886610 -1.074493
v 2.095987 -0.004761 -1.059813
v 2.095987 0.886610 -1.059813
v 2.097964 -0.004761 -1.043102
v 2.097964 0.886610 -1.043102
v 2.093397 -0.004761 -1.026908
v 2.093397 0.886610 -1.026908
v 2.082981 -0.004761 -1.013694
v 2.082981 0.886610 -1.013694
v 2.068298 -0.004761 -1.005472
v 2.068298 0.886610 -1.005472
v 2.051590 -0.004761 -1.003494
v 2.051590 0.886610 -1.003494
v 2.035393 -0.004761 -1.008061
v 2.035393 0.886610 -1.008061
v 2.022179 -0.004761 -1.018478
v 2.022179 0.886610 -1.018478
v 2.149973 0.765072 -0.698569
v 2.148812 0.830852 -0.698191
v 2.183774 0.830852 -0.709551
v 2.182612 0.765072 -0.709174
v 2.280627 -0.004072 -0.427341
v 2.256431 -0.004072 -0.496800
v 2.093898 0.584981 -0.986165
v 2.110767 0.572262 -0.930291
v 2.215076 0.531387 -0.483391
v 2.236378 0.531387 -0.412818
v 2.236336 -0.004072 -0.412950
v 2.215084 -0.004072 -0.483366
v 2.280667 0.490183 -0.427217
v 2.256423 0.490183 -0.496824
v 2.236377 0.490183 -0.412826
v 2.215076 0.490183 -0.483390
v 2.130728 0.713446 -0.868861
v 2.118463 0.763395 -0.910564
v 2.152030 0.750196 -0.803298
v 2.147019 0.812900 -0.822676
v 2.117182 0.650626 -0.910551
v 2.102238 0.687734 -0.960497
v 2.058935 0.584981 -0.974805
v 2.078128 0.572262 -0.919686
v 2.259715 0.531387 -0.511638
v 2.292563 0.531387 -0.417331
v 2.203705 0.531387 -0.493440
v 2.232563 0.531387 -0.397836
v 2.292561 0.483234 -0.417341
v 2.259716 0.483234 -0.511636
v 2.098089 0.713446 -0.858256
v 2.083499 0.763395 -0.899203
v 2.119391 0.750196 -0.792693
v 2.112056 0.812900 -0.811316
v 2.232559 0.483234 -0.397846
v 2.203706 0.483234 -0.493438
v 2.273653 0.584981 -0.432938
v 2.254458 0.572262 -0.488056
v 2.234499 0.713446 -0.549487
v 2.249088 0.763395 -0.508540
v 2.213195 0.750196 -0.615050
v 2.220531 0.812900 -0.596427
v 2.248045 0.650626 -0.507797
v 2.265312 0.687734 -0.458606
v 2.238690 0.584981 -0.421578
v 2.221819 0.572262 -0.477451
v 2.201860 0.713446 -0.538882
v 2.214125 0.763395 -0.497179
v 2.180557 0.750196 -0.604445
v 2.185569 0.812900 -0.585066
v 2.215406 0.650626 -0.497192
v 2.230349 0.687734 -0.447246
v 2.084543 0.650626 -0.899946
v 2.067275 0.687734 -0.949136
v 2.093920 0.500014 -0.986097
v 2.110763 0.500014 -0.930304
v 2.058957 0.500014 -0.974736
v 2.078124 0.500014 -0.919699
v 2.119438 0.101419 -1.016766
v 2.025251 0.101419 -0.982019
v 1.990504 0.101419 -1.076205
v 2.084691 0.101419 -1.110952
v 2.123093 0.101419 -1.015081
v 2.123093 0.109784 -1.015081
v 2.023566 0.109784 -0.978364
v 1.986849 0.109784 -1.077890
v 2.086376 0.109784 -1.114608
v 2.023566 0.101419 -0.978364
v 1.986849 0.101419 -1.077890
v 2.086376 0.101419 -1.114608
v 2.025251 -0.011608 -0.982019
v 1.990504 -0.011608 -1.076205
v 2.119438 -0.011608 -1.016766
v 2.084691 -0.011608 -1.110952
v 2.084691 0.867417 -1.110952
v 1.990505 0.867417 -1.076205
v 2.025251 0.867417 -0.982019
v 2.119438 0.867417 -1.016766
v 2.086376 0.867417 -1.114608
v 2.086376 0.859051 -1.114608
v 1.986849 0.859051 -1.077890
v 2.023566 0.859051 -0.978364
v 2.123093 0.859051 -1.015081
v 1.986849 0.867417 -1.077890
v 2.023566 0.867417 -0.978364
v 2.123093 0.867417 -1.015081
v 1.990505 0.980443 -1.076205
v 2.025251 0.980443 -0.982019
v 2.084691 0.980443 -1.110952
v 2.119438 0.980443 -1.016766
v 2.273630 0.500014 -0.433007
v 2.254462 0.500014 -0.488043
v 2.238667 0.500014 -0.421646
v 2.221824 0.500014 -0.477438
v 2.306013 -0.007777 -0.365237
v 2.306013 0.069990 -0.365237
v 2.249380 -0.007777 -0.356267
v 2.249380 0.069990 -0.356267
v 2.299513 0.531387 -0.224764
v 2.301061 0.531387 -0.298466
v 2.301061 -0.004072 -0.298327
v 2.299513 -0.004072 -0.224790
v 2.256039 0.531387 -0.224764
v 2.254490 0.531387 -0.298465
v 2.254491 -0.004072 -0.298327
v 2.256039 -0.004072 -0.224790
v 2.301061 0.490183 -0.298458
v 2.299513 0.490183 -0.224765
v 2.254491 0.490183 -0.298458
v 2.256039 0.490183 -0.224765
v 2.307222 0.531387 -0.211693
v 2.309320 0.531387 -0.311536
v 2.248329 0.531387 -0.211693
v 2.246232 0.531387 -0.311536
v 2.309320 0.483234 -0.311525
v 2.307222 0.483234 -0.211695
v 2.246232 0.483234 -0.311525
v 2.248330 0.483234 -0.211695
v 2.234650 -0.004761 -0.360246
v 2.234650 0.886610 -0.360246
v 2.237934 -0.004761 -0.376749
v 2.237934 0.886610 -0.376749
v 2.247281 -0.004761 -0.390740
v 2.247281 0.886610 -0.390740
v 2.261275 -0.004761 -0.400089
v 2.261275 0.886610 -0.400089
v 2.277777 -0.004761 -0.403371
v 2.277777 0.886610 -0.403371
v 2.294282 -0.004761 -0.400089
v 2.294282 0.886610 -0.400089
v 2.308271 -0.004761 -0.390740
v 2.308271 0.886610 -0.390740
v 2.317618 -0.004761 -0.376749
v 2.317618 0.886610 -0.376749
v 2.320903 -0.004761 -0.360246
v 2.320903 0.886610 -0.360246
v 2.317619 -0.004761 -0.343743
v 2.317619 0.886610 -0.343743
v 2.308271 -0.004761 -0.329752
v 2.308271 0.886610 -0.329752
v 2.294281 -0.004761 -0.320404
v 2.294281 0.886610 -0.320404
v 2.277776 -0.004761 -0.317121
v 2.277776 0.886610 -0.317121
v 2.261275 -0.004761 -0.320404
v 2.261275 0.886610 -0.320404
v 2.247282 -0.004761 -0.329752
v 2.247282 0.886610 -0.329752
v 2.237934 -0.004761 -0.343743
v 2.237934 0.886610 -0.343743
v 2.296158 0.584981 -0.290849
v 2.294935 0.572262 -0.232497
v 2.294936 0.713446 -0.167904
v 2.296158 0.763395 -0.211357
v 2.294935 0.750196 -0.098968
v 2.296157 0.812900 -0.118947
v 2.294936 0.650626 -0.211741
v 2.296157 0.687734 -0.263860
v 2.259396 0.584981 -0.290849
v 2.260617 0.572262 -0.232497
v 2.260617 0.713446 -0.167904
v 2.259395 0.763395 -0.211357
v 2.260617 0.750196 -0.098968
v 2.259395 0.812900 -0.118947
v 2.260618 0.650626 -0.211740
v 2.259395 0.687734 -0.263859
v 2.296157 0.500014 -0.290777
v 2.294935 0.500014 -0.232511
v 2.259395 0.500014 -0.290777
v 2.260617 0.500014 -0.232511
v 2.312301 0.101419 -0.423193
v 2.215679 0.101419 -0.395943
v 2.242929 0.101419 -0.299321
v 2.339552 0.101419 -0.326571
v 2.314268 0.101419 -0.426705
v 2.314268 0.109784 -0.426705
v 2.212167 0.109784 -0.397910
v 2.240963 0.109784 -0.295809
v 2.343064 0.109784 -0.324604
v 2.212167 0.101419 -0.397910
v 2.240963 0.101419 -0.295809
v 2.343064 0.101419 -0.324604
v 2.215679 -0.011608 -0.395943
v 2.242929 -0.011608 -0.299321
v 2.312301 -0.011608 -0.423193
v 2.339552 -0.011608 -0.326571
v 2.339552 0.867417 -0.326571
v 2.242929 0.867417 -0.299321
v 2.215679 0.867417 -0.395943
v 2.312301 0.867417 -0.423193
v 2.343064 0.867417 -0.324604
v 2.343064 0.859051 -0.324604
v 2.240963 0.859051 -0.295809
v 2.212167 0.859051 -0.397910
v 2.314268 0.859051 -0.426705
v 2.240963 0.867417 -0.295809
v 2.212167 0.867417 -0.397910
v 2.314268 0.867417 -0.426705
v 2.242929 0.980443 -0.299321
v 2.215679 0.980443 -0.395943
v 2.339552 0.980443 -0.326571
v 2.312301 0.980443 -0.423193
v -0.365236 0.894512 2.306012
v -0.365236 0.972280 2.306012
v -0.356267 0.894512 2.249380
v -0.356267 0.972280 2.249380
v -0.224764 0.531387 2.299513
v -0.298465 0.531387 2.301061
v -0.298327 -0.004072 2.301061
v -0.224790 -0.004072 2.299513
v -0.224764 0.531387 2.256038
v -0.298465 0.531387 2.254490
v -0.298327 -0.004072 2.254490
v -0.224790 -0.004072 2.256038
v -0.298458 0.490183 2.301061
v -0.224765 0.490183 2.299513
v -0.298458 0.490183 2.254490
v -0.224765 0.490183 2.256038
v -0.211693 0.531387 2.307222
v -0.311536 0.531387 2.309319
v -0.211693 0.531387 2.248329
v -0.311536 0.531387 2.246231
v -0.311525 0.483234 2.309320
v -0.211695 0.483234 2.307222
v -0.311525 0.483234 2.246231
v -0.211695 0.483234 2.248329
v -0.290849 0.584981 2.296157
v -0.232497 0.572262 2.294935
v -0.167904 0.713446 2.294935
v -0.211357 0.763395 2.296157
v -0.098968 0.750196 2.294935
v -0.118947 0.812900 2.296157
v -0.211741 0.650626 2.294935
v -0.263859 0.687734 2.296157
v -0.290849 0.584981 2.259395
v -0.232497 0.572262 2.260616
v -0.167904 0.713446 2.260617
v -0.211357 0.763395 2.259394
v -0.098968 0.750196 2.260616
v -0.118946 0.812900 2.259394
v -0.211741 0.650626 2.260617
v -0.263859 0.687734 2.259394
v -0.290777 0.500014 2.296157
v -0.232511 0.500014 2.294935
v -0.290777 0.500014 2.259394
v -0.232511 0.500014 2.260616
v -0.365236 -0.007777 2.306012
v -0.365236 0.069990 2.306012
v -0.356267 -0.007777 2.249380
v -0.356267 0.069990 2.249380
v -1.059958 0.894512 2.080284
v -1.059958 0.972280 2.080284
v -1.033926 0.894512 2.029195
v -1.033926 0.972280 2.029195
v -0.496826 0.531387 2.256423
v -0.427209 0.531387 2.280670
v -0.427341 -0.004072 2.280627
v -0.496800 -0.004072 2.256431
v -0.483391 0.531387 2.215076
v -0.412818 0.531387 2.236378
v -0.412950 -0.004072 2.236336
v -0.483366 -0.004072 2.215084
v -0.427217 0.490183 2.280667
v -0.496824 0.490183 2.256423
v -0.412826 0.490183 2.236377
v -0.483390 0.490183 2.215077
v -0.511638 0.531387 2.259715
v -0.417331 0.531387 2.292563
v -0.924351 0.531387 2.117511
v -0.994924 0.531387 2.096208
v -0.493440 0.531387 2.203705
v -0.397836 0.531387 2.232563
v -0.417341 0.483234 2.292561
v -0.511636 0.483234 2.259716
v -0.397845 0.483234 2.232560
v -0.493438 0.483234 2.203706
v -0.347930 -0.004761 2.236601
v -0.347930 0.886610 2.236601
v -0.333250 -0.004761 2.244824
v -0.333250 0.886610 2.244824
v -0.322832 -0.004761 2.258037
v -0.322832 0.886610 2.258037
v -0.318266 -0.004761 2.274235
v -0.318266 0.886610 2.274235
v -0.320243 -0.004761 2.290943
v -0.320243 0.886610 2.290943
v -0.328465 -0.004761 2.305626
v -0.328465 0.886610 2.305626
v -0.341679 -0.004761 2.316042
v -0.341679 0.886610 2.316042
v -0.357873 -0.004761 2.320608
v -0.357873 0.886610 2.320608
v -0.374584 -0.004761 2.318631
v -0.374584 0.886610 2.318631
v -0.389264 -0.004761 2.310408
v -0.389264 0.886610 2.310408
v -0.399682 -0.004761 2.297195
v -0.399682 0.886610 2.297195
v -0.404250 -0.004761 2.281001
v -0.404250 0.886610 2.281001
v -0.402271 -0.004761 2.264290
v -0.402271 0.886610 2.264290
v -0.394050 -0.004761 2.249610
v -0.394050 0.886610 2.249610
v -0.380835 -0.004761 2.239191
v -0.380835 0.886610 2.239191
v -0.364641 -0.004761 2.234624
v -0.364641 0.886610 2.234624
v -0.698569 0.765072 2.149973
v -0.698191 0.830852 2.148812
v -0.709551 0.830852 2.183775
v -0.709174 0.765072 2.182612
v -0.994793 -0.004072 2.096251
v -0.924377 -0.004072 2.117503
v -0.432938 0.584981 2.273653
v -0.488056 0.572262 2.254458
v -0.910917 0.531387 2.076165
v -0.980533 0.531387 2.051917
v -0.980402 -0.004072 2.051960
v -0.910942 -0.004072 2.076156
v -0.994917 0.490183 2.096210
v -0.924353 0.490183 2.117511
v -0.980526 0.490183 2.051920
v -0.910919 0.490183 2.076164
v -0.549487 0.713446 2.234499
v -0.508539 0.763395 2.249088
v -0.615050 0.750196 2.213195
v -0.596427 0.812900 2.220532
v -0.507797 0.650626 2.248045
v -0.458606 0.687734 2.265312
v -0.421578 0.584981 2.238690
v -0.477451 0.572262 2.221819
v -0.914303 0.531387 2.128882
v -1.009907 0.531387 2.100024
v -0.896104 0.531387 2.072871
v -0.990412 0.531387 2.040023
v -1.009897 0.483234 2.100028
v -0.914305 0.483234 2.128881
v -0.538882 0.713446 2.201860
v -0.497179 0.763395 2.214125
v -0.604445 0.750196 2.180557
v -0.585066 0.812900 2.185569
v -0.990402 0.483234 2.040026
v -0.896106 0.483234 2.072871
v -0.986165 0.584981 2.093898
v -0.930291 0.572262 2.110767
v -0.868861 0.713446 2.130728
v -0.910564 0.763395 2.118463
v -0.803298 0.750196 2.152030
v -0.822676 0.812900 2.147019
v -0.910551 0.650626 2.117182
v -0.960497 0.687734 2.102238
v -0.974805 0.584981 2.058935
v -0.919686 0.572262 2.078129
v -0.858256 0.713446 2.098089
v -0.899203 0.763395 2.083499
v -0.792693 0.750196 2.119391
v -0.811316 0.812900 2.112056
v -0.899946 0.650626 2.084544
v -0.949136 0.687734 2.067275
v -0.497192 0.650626 2.215406
v -0.447246 0.687734 2.230349
v -0.433006 0.500014 2.273630
v -0.488043 0.500014 2.254462
v -0.421646 0.500014 2.238667
v -0.477438 0.500014 2.221824
v -0.423193 0.101419 2.312302
v -0.395942 0.101419 2.215679
v -0.299321 0.101419 2.242929
v -0.326571 0.101419 2.339552
v -0.426705 0.101419 2.314268
v -0.426705 0.109784 2.314268
v -0.397910 0.109784 2.212167
v -0.295809 0.109784 2.240963
v -0.324604 0.109784 2.343064
v -0.397910 0.101419 2.212167
v -0.295809 0.101419 2.240963
v -0.324604 0.101419 2.343064
v -0.395942 -0.011608 2.215679
v -0.299321 -0.011608 2.242929
v -0.423193 -0.011608 2.312302
v -0.326571 -0.011608 2.339552
v -0.326571 0.867417 2.339552
v -0.299321 0.867417 2.242929
v -0.395942 0.867417 2.215679
v -0.423193 0.867417 2.312302
v -0.324604 0.867417 2.343064
v -0.324604 0.859051 2.343064
v -0.295809 0.859051 2.240963
v -0.397910 0.859051 2.212167
v -0.426705 0.859051 2.314268
v -0.295809 0.867417 2.240963
v -0.397910 0.867417 2.212167
v -0.426705 0.867417 2.314268
v -0.299321 0.980443 2.242929
v -0.395942 0.980443 2.215679
v -0.326571 0.980443 2.339552
v -0.423193 0.980443 2.312302
v -0.986097 0.500014 2.093920
v -0.930304 0.500014 2.110763
v -0.974736 0.500014 2.058957
v -0.919699 0.500014 2.078124
v -1.059958 -0.007777 2.080284
v -1.059958 0.069990 2.080284
v -1.033926 -0.007777 2.029195
v -1.033926 0.069990 2.029195
v -1.650923 0.894512 1.650923
v -1.650923 0.972280 1.650923
v -1.610378 0.894512 1.610378
v -1.610378 0.972280 1.610378
v -1.169782 0.531387 1.992458
v -1.111066 0.531387 2.037031
v -1.111178 -0.004072 2.036950
v -1.169761 -0.004072 1.992473
v -1.144229 0.531387 1.957286
v -1.083692 0.531387 1.999354
v -1.083804 -0.004072 1.999274
v -1.144207 -0.004072 1.957302
v -1.111072 0.490183 2.037026
v -1.169781 0.490183 1.992459
v -1.083699 0.490183 1.999350
v -1.144227 0.490183 1.957287
v -1.184887 0.531387 1.991012
v -1.105346 0.531387 2.051395
v -1.533457 0.531387 1.728232
v -1.593993 0.531387 1.686164
v -1.150271 0.531387 1.943367
v -1.068264 0.531387 2.000355
v -1.105355 0.483234 2.051389
v -1.184886 0.483234 1.991013
v -1.068272 0.483234 2.000349
v -1.150269 0.483234 1.943368
v -1.022049 -0.004761 2.019617
v -1.022049 0.886610 2.019617
v -1.010628 -0.004761 2.031974
v -1.010628 0.886610 2.031974
v -1.004803 -0.004761 2.047760
v -1.004803 0.886610 2.047760
v -1.005465 -0.004761 2.064576
v -1.005465 0.886610 2.064576
v -1.012509 -0.004761 2.079856
v -1.012509 0.886610 2.079856
v -1.024866 -0.004761 2.091279
v -1.024866 0.886610 2.091279
v -1.040652 -0.004761 2.097102
v -1.040652 0.886610 2.097102
v -1.057465 -0.004761 2.096440
v -1.057465 0.886610 2.096440
v -1.072747 -0.004761 2.089396
v -1.072747 0.886610 2.089396
v -1.084168 -0.004761 2.077039
v -1.084168 0.886610 2.077039
v -1.089992 -0.004761 2.061254
v -1.089992 0.886610 2.061254
v -1.089332 -0.004761 2.044441
v -1.089332 0.886610 2.044441
v -1.082287 -0.004761 2.029159
v -1.082287 0.886610 2.029159
v -1.069932 -0.004761 2.017738
v -1.069932 0.886610 2.017738
v -1.054144 -0.004761 2.011913
v -1.054144 0.886610 2.011913
v -1.037331 -0.004761 2.012573
v -1.037331 0.886610 2.012573
v -1.328756 0.765072 1.828876
v -1.328038 0.830852 1.827888
v -1.349647 0.830852 1.857630
v -1.348928 0.765072 1.856641
v -1.593881 -0.004072 1.686245
v -1.533479 -0.004072 1.728217
v -1.114346 0.584981 2.028587
v -1.160835 0.572262 1.993299
v -1.507904 0.531387 1.693061
v -1.566619 0.531387 1.648487
v -1.566508 -0.004072 1.648569
v -1.507925 -0.004072 1.693045
v -1.593987 0.490183 1.686168
v -1.533458 0.490183 1.728231
v -1.566614 0.490183 1.648492
v -1.507905 0.490183 1.693060
v -1.213091 0.713446 1.955333
v -1.178656 0.763395 1.981863
v -1.268862 0.750196 1.914813
v -1.253417 0.812900 1.927545
v -1.177627 0.650626 1.981100
v -1.136180 0.687734 2.012722
v -1.092737 0.584981 1.998846
v -1.140663 0.572262 1.965535
v -1.527414 0.531387 1.742151
v -1.609422 0.531387 1.685163
v -1.492798 0.531387 1.694506
v -1.572339 0.531387 1.634123
v -1.609414 0.483234 1.685169
v -1.527416 0.483234 1.742150
v -1.192920 0.713446 1.927569
v -1.157048 0.763395 1.952121
v -1.248690 0.750196 1.887049
v -1.231809 0.812900 1.897804
v -1.572331 0.483234 1.634129
v -1.492800 0.483234 1.694505
v -1.584949 0.584981 1.686674
v -1.537022 0.572262 1.719983
v -1.484766 0.713446 1.757950
v -1.520638 0.763395 1.733398
v -1.428995 0.750196 1.798469
v -1.445877 0.812900 1.787715
v -1.520231 0.650626 1.732184
v -1.563114 0.687734 1.702537
v -1.563341 0.584981 1.656932
v -1.516851 0.572262 1.692219
v -1.464595 0.713446 1.730186
v -1.499030 0.763395 1.703656
v -1.408824 0.750196 1.770705
v -1.424268 0.812900 1.757974
v -1.500059 0.650626 1.704420
v -1.541505 0.687734 1.672796
v -1.157456 0.650626 1.953336
v -1.114572 0.687734 1.982981
v -1.114404 0.500014 2.028544
v -1.160824 0.500014 1.993307
v -1.092795 0.500014 1.998803
v -1.140652 0.500014 1.965543
v -1.117021 0.101419 2.068356
v -1.061246 0.101419 1.984883
v -0.977774 0.101419 2.040657
v -1.033549 0.101419 2.124130
v -1.120969 0.101419 2.069141
v -1.120969 0.109784 2.069141
v -1.062032 0.109784 1.980935
v -0.973826 0.109784 2.039872
v -1.032763 0.109784 2.128078
v -1.062032 0.101419 1.980935
v -0.973826 0.101419 2.039872
v -1.032763 0.101419 2.128078
v -1.061246 -0.011608 1.984883
v -0.977774 -0.011608 2.040657
v -1.117021 -0.011608 2.068356
v -1.033549 -0.011608 2.124130
v -1.033549 0.867417 2.124130
v -0.977775 0.867417 2.040657
v -1.061246 0.867417 1.984883
v -1.117021 0.867417 2.068356
v -1.032763 0.867417 2.128078
v -1.032763 0.859051 2.128078
v -0.973826 0.859051 2.039872
v -1.062032 0.859051 1.980935
v -1.120969 0.859051 2.069141
v -0.973826 0.867417 2.039872
v -1.062032 0.867417 1.980935
v -1.120969 0.867417 2.069141
v -0.977775 0.980443 2.040657
v -1.061246 0.980443 1.984883
v -1.033549 0.980443 2.124130
v -1.117021 0.980443 2.068356
v -1.584890 0.500014 1.686716
v -1.537034 0.500014 1.719975
v -1.563282 0.500014 1.656974
v -1.516862 0.500014 1.692211
v -1.650923 -0.007777 1.650923
v -1.650923 0.069990 1.650923
v -1.610378 -0.007777 1.610378
v -1.610378 0.069990 1.610378
v -2.080284 0.894512 1.059958
v -2.080284 0.972280 1.059958
v -2.029194 0.894512 1.033926
v -2.029194 0.972280 1.033926
v -1.728232 0.531387 1.533458
v -1.686164 0.531387 1.593993
v -1.686245 -0.004072 1.593882
v -1.728217 -0.004072 1.533479
v -1.693061 0.531387 1.507904
v -1.648487 0.531387 1.566620
v -1.648569 -0.004072 1.566509
v -1.693045 -0.004072 1.507926
v -1.686168 0.490183 1.593987
v -1.728231 0.490183 1.533459
v -1.648492 0.490183 1.566614
v -1.693060 0.490183 1.507905
v -1.742151 0.531387 1.527415
v -1.685163 0.531387 1.609422
v -1.992458 0.531387 1.169783
v -2.037031 0.531387 1.111066
v -1.694506 0.531387 1.492798
v -1.634123 0.531387 1.572340
v -1.685169 0.483234 1.609414
v -1.742150 0.483234 1.527416
v -1.634129 0.483234 1.572331
v -1.694505 0.483234 1.492800
v -1.596123 -0.004761 1.604940
v -1.596123 0.886610 1.604940
v -1.589079 -0.004761 1.620221
v -1.589079 0.886610 1.620221
v -1.588417 -0.004761 1.637034
v -1.588417 0.886610 1.637034
v -1.594244 -0.004761 1.652823
v -1.594244 0.886610 1.652823
v -1.605664 -0.004761 1.665178
v -1.605664 0.886610 1.665178
v -1.620947 -0.004761 1.672224
v -1.620947 0.886610 1.672224
v -1.637759 -0.004761 1.672883
v -1.637759 0.886610 1.672883
v -1.653545 -0.004761 1.667058
v -1.653545 0.886610 1.667058
v -1.665902 -0.004761 1.655638
v -1.665902 0.886610 1.655638
v -1.672946 -0.004761 1.640356
v -1.672946 0.886610 1.640356
v -1.673607 -0.004761 1.623543
v -1.673607 0.886610 1.623543
v -1.667784 -0.004761 1.607757
v -1.667784 0.886610 1.607757
v -1.656360 -0.004761 1.595400
v -1.656360 0.886610 1.595400
v -1.641081 -0.004761 1.588356
v -1.641081 0.886610 1.588356
v -1.624266 -0.004761 1.587694
v -1.624266 0.886610 1.587694
v -1.608479 -0.004761 1.593519
v -1.608479 0.886610 1.593519
v -1.828877 0.765072 1.328757
v -1.827888 0.830852 1.328039
v -1.857630 0.830852 1.349647
v -1.856641 0.765072 1.348929
v -2.036950 -0.004072 1.111178
v -1.992473 -0.004072 1.169761
v -1.686674 0.584981 1.584949
v -1.719983 0.572262 1.537023
v -1.957286 0.531387 1.144229
v -1.999354 0.531387 1.083693
v -1.999274 -0.004072 1.083805
v -1.957302 -0.004072 1.144207
v -2.037026 0.490183 1.111073
v -1.992459 0.490183 1.169781
v -1.999350 0.490183 1.083699
v -1.957287 0.490183 1.144228
v -1.757950 0.713446 1.484767
v -1.733398 0.763395 1.520639
v -1.798469 0.750196 1.428996
v -1.787715 0.812900 1.445877
v -1.732184 0.650626 1.520231
v -1.702537 0.687734 1.563114
v -1.656932 0.584981 1.563341
v -1.692219 0.572262 1.516851
v -1.991012 0.531387 1.184888
v -2.051395 0.531387 1.105347
v -1.943367 0.531387 1.150272
v -2.000355 0.531387 1.068264
v -2.051389 0.483234 1.105356
v -1.991013 0.483234 1.184886
v -1.730186 0.713446 1.464595
v -1.703656 0.763395 1.499030
v -1.770705 0.750196 1.408824
v -1.757974 0.812900 1.424269
v -2.000349 0.483234 1.068273
v -1.943368 0.483234 1.150270
v -2.028587 0.584981 1.114346
v -1.993299 0.572262 1.160835
v -1.955333 0.713446 1.213092
v -1.981863 0.763395 1.178657
v -1.914813 0.750196 1.268862
v -1.927545 0.812900 1.253418
v -1.981100 0.650626 1.177628
v -2.012723 0.687734 1.136181
v -1.998846 0.584981 1.092738
v -1.965535 0.572262 1.140664
v -1.927569 0.713446 1.192920
v -1.952121 0.763395 1.157048
v -1.887049 0.750196 1.248691
v -1.897804 0.812900 1.231809
v -1.953336 0.650626 1.157456
v -1.982981 0.687734 1.114573
v -1.704420 0.650626 1.500060
v -1.672796 0.687734 1.541506
v -1.686716 0.500014 1.584891
v -1.719975 0.500014 1.537034
v -1.656974 0.500014 1.563282
v -1.692211 0.500014 1.516862
v -1.701507 0.101419 1.621945
v -1.622668 0.101419 1.559793
v -1.560517 0.101419 1.638632
v -1.639356 0.101419 1.700783
v -1.705504 0.101419 1.621472
v -1.705504 0.109784 1.621472
v -1.622195 0.109784 1.555796
v -1.556519 0.109784 1.639105
v -1.639829 0.109784 1.704781
v -1.622195 0.101419 1.555796
v -1.556519 0.101419 1.639105
v -1.639829 0.101419 1.704781
v -1.622668 -0.011608 1.559793
v -1.560517 -0.011608 1.638632
v -1.701507 -0.011608 1.621945
v -1.639356 -0.011608 1.700783
v -1.639356 0.867417 1.700783
v -1.560517 0.867417 1.638632
v -1.622668 0.867417 1.559793
v -1.701507 0.867417 1.621945
v -1.639829 0.867417 1.704781
v -1.639829 0.859051 1.704781
v -1.556519 0.859051 1.639105
v -1.622195 0.859051 1.555796
v -1.705504 0.859051 1.621472
v -1.556519 0.867417 1.639105
v -1.622195 0.867417 1.555796
v -1.705504 0.867417 1.621472
v -1.560517 0.980443 1.638632
v -1.622668 0.980443 1.559793
v -1.639356 0.980443 1.700783
v -1.701507 0.980443 1.621945
v -2.028544 0.500014 1.114404
v -1.993307 0.500014 1.160824
v -1.998803 0.500014 1.092796
v -1.965543 0.500014 1.140652
v -2.080284 -0.007777 1.059958
v -2.080284 0.069990 1.059958
v -2.029194 -0.007777 1.033926
v -2.029194 0.069990 1.033926
v -2.306013 0.894512 0.365237
v -2.306013 0.972280 0.365237
v -2.249380 0.894512 0.356267
v -2.249380 0.972280 0.356267
v -2.117511 0.531387 0.924351
v -2.096208 0.531387 0.994924
v -2.096251 -0.004072 0.994793
v -2.117503 -0.004072 0.924377
v -2.076164 0.531387 0.910917
v -2.051917 0.531387 0.980533
v -2.051960 -0.004072 0.980402
v -2.076156 -0.004072 0.910942
v -2.096210 0.490183 0.994917
v -2.117511 0.490183 0.924353
v -2.051919 0.490183 0.980526
v -2.076164 0.490183 0.910919
v -2.128881 0.531387 0.914303
v -2.100024 0.531387 1.009907
v -2.256422 0.531387 0.496826
v -2.280670 0.531387 0.427209
v -2.072871 0.531387 0.896104
v -2.040023 0.531387 0.990412
v -2.100028 0.483234 1.009897
v -2.128881 0.483234 0.914305
v -2.040026 0.483234 0.990402
v -2.072871 0.483234 0.896106
v -2.013957 -0.004761 1.033159
v -2.013957 0.886610 1.033159
v -2.011980 -0.004761 1.049869
v -2.011980 0.886610 1.049869
v -2.016546 -0.004761 1.066064
v -2.016546 0.886610 1.066064
v -2.026966 -0.004761 1.079279
v -2.026966 0.886610 1.079279
v -2.041646 -0.004761 1.087500
v -2.041646 0.886610 1.087500
v -2.058357 -0.004761 1.089479
v -2.058357 0.886610 1.089479
v -2.074551 -0.004761 1.084911
v -2.074551 0.886610 1.084911
v -2.087764 -0.004761 1.074493
v -2.087764 0.886610 1.074493
v -2.095987 -0.004761 1.059813
v -2.095987 0.886610 1.059813
v -2.097964 -0.004761 1.043102
v -2.097964 0.886610 1.043102
v -2.093397 -0.004761 1.026908
v -2.093397 0.886610 1.026908
v -2.082981 -0.004761 1.013694
v -2.082981 0.886610 1.013694
v -2.068298 -0.004761 1.005472
v -2.068298 0.886610 1.005472
v -2.051590 -0.004761 1.003494
v -2.051590 0.886610 1.003494
v -2.035393 -0.004761 1.008061
v -2.035393 0.886610 1.008061
v -2.022179 -0.004761 1.018478
v -2.022179 0.886610 1.018478
v -2.149973 0.765072 0.698569
v -2.148812 0.830852 0.698191
v -2.183774 0.830852 0.709551
v -2.182612 0.765072 0.709174
v -2.280627 -0.004072 0.427341
v -2.256431 -0.004072 0.496800
v -2.093898 0.584981 0.986165
v -2.110767 0.572262 0.930291
v -2.215076 0.531387 0.483391
v -2.236378 0.531387 0.412818
v -2.236336 -0.004072 0.412950
v -2.215084 -0.004072 0.483366
v -2.280667 0.490183 0.427217
v -2.256423 0.490183 0.496824
v -2.236377 0.490183 0.412826
v -2.215076 0.490183 0.483390
v -2.130728 0.713446 0.868861
v -2.118463 0.763395 0.910564
v -2.152030 0.750196 0.803298
v -2.147019 0.812900 0.822676
v -2.117182 0.650626 0.910551
v -2.102238 0.687734 0.960497
v -2.058935 0.584981 0.974805
v -2.078128 0.572262 0.919686
v -2.259715 0.531387 0.511638
v -2.292563 0.531387 0.417331
v -2.203705 0.531387 0.493440
v -2.232563 0.531387 0.397836
v -2.292561 0.483234 0.417341
v -2.259716 0.483234 0.511636
v -2.098089 0.713446 0.858256
v -2.083499 0.763395 0.899203
v -2.119391 0.750196 0.792693
v -2.112056 0.812900 0.811316
v -2.232559 0.483234 0.397846
v -2.203706 0.483234 0.493438
v -2.273653 0.584981 0.432938
v -2.254458 0.572262 0.488056
v -2.234499 0.713446 0.549487
v -2.249088 0.763395 0.508540
v -2.213195 0.750196 0.615050
v -2.220531 0.812900 0.596427
v -2.248045 0.650626 0.507797
v -2.265312 0.687734 0.458606
v -2.238690 0.584981 0.421578
v -2.221819 0.572262 0.477451
v -2.201860 0.713446 0.538882
v -2.214125 0.763395 0.497179
v -2.180557 0.750196 0.604445
v -2.185569 0.812900 0.585066
v -2.215406 0.650626 0.497192
v -2.230349 0.687734 0.447246
v -2.084543 0.650626 0.899946
v -2.067275 0.687734 0.949136
v -2.093920 0.500014 0.986097
v -2.110763 0.500014 0.930304
v -2.058957 0.500014 0.974736
v -2.078124 0.500014 0.919699
v -2.119438 0.101419 1.016766
v -2.025251 0.101419 0.982019
v -1.990504 0.101419 1.076205
v -2.084691 0.101419 1.110952
v -2.123093 0.101419 1.015081
v -2.123093 0.109784 1.015081
v -2.023566 0.109784 0.978364
v -1.986849 0.109784 1.077890
v -2.086376 0.109784 1.114608
v -2.023566 0.101419 0.978364
v -1.986849 0.101419 1.077890
v -2.086376 0.101419 1.114608
v -2.025251 -0.011608 0.982019
v -1.990504 -0.011608 1.076205
v -2.119438 -0.011608 1.016766
v -2.084691 -0.011608 1.110952
v -2.084691 0.867417 1.110952
v -1.990505 0.867417 1.076205
v -2.025251 0.867417 0.982019
v -2.119438 0.867417 1.016766
v -2.086376 0.867417 1.114608
v -2.086376 0.859051 1.114608
v -1.986849 0.859051 1.077890
v -2.023566 0.859051 0.978364
v -2.123093 0.859051 1.015081
v -1.986849 0.867417 1.077890
v -2.023566 0.867417 0.978364
v -2.123093 0.867417 1.015081
v -1.990505 0.980443 1.076205
v -2.025251 0.980443 0.982019
v -2.084691 0.980443 1.110952
v -2.119438 0.980443 1.016766
v -2.273630 0.500014 0.433007
v -2.254462 0.500014 0.488043
v -2.238667 0.500014 0.421646
v -2.221824 0.500014 0.477438
v -2.306013 -0.007777 0.365237
v -2.306013 0.069990 0.365237
v -2.249380 -0.007777 0.356267
v -2.249380 0.069990 0.356267
v -2.299513 0.531387 0.224764
v -2.301061 0.531387 0.298466
v -2.301061 -0.004072 0.298327
v -2.299513 -0.004072 0.224790
v -2.256039 0.531387 0.224764
v -2.254490 0.531387 0.298465
v -2.254491 -0.004072 0.298327
v -2.256039 -0.004072 0.224790
v -2.301061 0.490183 0.298458
v -2.299513 0.490183 0.224765
v -2.254491 0.490183 0.298458
v -2.256039 0.490183 0.224765
v -2.307222 0.531387 0.211693
v -2.309320 0.531387 0.311536
v -2.248329 0.531387 0.211693
v -2.246232 0.531387 0.311536
v -2.309320 0.483234 0.311525
v -2.307222 0.483234 0.211695
v -2.246232 0.483234 0.311525
v -2.248330 0.483234 0.211695
v -2.234650 -0.004761 0.360246
v -2.234650 0.886610 0.360246
v -2.237934 -0.004761 0.376749
v -2.237934 0.886610 0.376749
v -2.247281 -0.004761 0.390740
v -2.247281 0.886610 0.390740
v -2.261275 -0.004761 0.400089
v -2.261275 0.886610 0.400089
v -2.277777 -0.004761 0.403371
v -2.277777 0.886610 0.403371
v -2.294282 -0.004761 0.400089
v -2.294282 0.886610 0.400089
v -2.308271 -0.004761 0.390740
v -2.308271 0.886610 0.390740
v -2.317618 -0.004761 0.376749
v -2.317618 0.886610 0.376749
v -2.320903 -0.004761 0.360246
v -2.320903 0.886610 0.360246
v -2.317619 -0.004761 0.343743
v -2.317619 0.886610 0.343743
v -2.308271 -0.004761 0.329752
v -2.308271 0.886610 0.329752
v -2.294281 -0.004761 0.320404
v -2.294281 0.886610 0.320404
v -2.277776 -0.004761 0.317121
v -2.277776 0.886610 0.317121
v -2.261275 -0.004761 0.320404
v -2.261275 0.886610 0.320404
v -2.247282 -0.004761 0.329752
v -2.247282 0.886610 0.329752
v -2.237934 -0.004761 0.343743
v -2.237934 0.886610 0.343743
v -2.260616 0.765072 0.000000
v -2.259394 0.830852 0.000000
v -2.296157 0.830852 0.000000
v -2.294934 0.765072 0.000000
v -2.296158 0.584981 0.290849
v -2.294935 0.572262 0.232497
v -2.294936 0.713446 0.167904
v -2.296158 0.763395 0.211357
v -2.294935 0.750196 0.098968
v -2.296157 0.812900 0.118947
v -2.294936 0.650626 0.211741
v -2.296157 0.687734 0.263860
v -2.259396 0.584981 0.290849
v -2.260617 0.572262 0.232497
v -2.260617 0.713446 0.167904
v -2.259395 0.763395 0.211357
v -2.260617 0.750196 0.098968
v -2.259395 0.812900 0.118947
v -2.260618 0.650626 0.211740
v -2.259395 0.687734 0.263859
v -2.296157 0.500014 0.290777
v -2.294935 0.500014 0.232511
v -2.259395 0.500014 0.290777
v -2.260617 0.500014 0.232511
v -2.312301 0.101419 0.423193
v -2.215679 0.101419 0.395943
v -2.242929 0.101419 0.299321
v -2.339552 0.101419 0.326571
v -2.314268 0.101419 0.426705
v -2.314268 0.109784 0.426705
v -2.212167 0.109784 0.397910
v -2.240963 0.109784 0.295809
v -2.343064 0.109784 0.324604
v -2.212167 0.101419 0.397910
v -2.240963 0.101419 0.295809
v -2.343064 0.101419 0.324604
v -2.215679 -0.011608 0.395943
v -2.242929 -0.011608 0.299321
v -2.312301 -0.011608 0.423193
v -2.339552 -0.011608 0.326571
v -2.339552 0.867417 0.326571
v -2.242929 0.867417 0.299321
v -2.215679 0.867417 0.395943
v -2.312301 0.867417 0.423193
v -2.343064 0.867417 0.324604
v -2.343064 0.859051 0.324604
v -2.240963 0.859051 0.295809
v -2.212167 0.859051 0.397910
v -2.314268 0.859051 0.426705
v -2.240963 0.867417 0.295809
v -2.212167 0.867417 0.397910
v -2.314268 0.867417 0.426705
v -2.242929 0.980443 0.299321
v -2.215679 0.980443 0.395943
v -2.339552 0.980443 0.326571
v -2.312301 0.980443 0.423193
v -0.365236 0.894512 -2.306012
v -0.365236 0.972280 -2.306012
v -0.356267 0.894512 -2.249380
v -0.356267 0.972280 -2.249380
v -0.224764 0.531387 -2.299513
v -0.298465 0.531387 -2.301061
v -0.298327 -0.004072 -2.301061
v -0.224790 -0.004072 -2.299513
v -0.224764 0.531387 -2.256038
v -0.298465 0.531387 -2.254490
v -0.298327 -0.004072 -2.254490
v -0.224790 -0.004072 -2.256038
v -0.298458 0.490183 -2.301061
v -0.224765 0.490183 -2.299513
v -0.298458 0.490183 -2.254490
v -0.224765 0.490183 -2.256038
v -0.211693 0.531387 -2.307222
v -0.311536 0.531387 -2.309319
v -0.211693 0.531387 -2.248329
v -0.311536 0.531387 -2.246231
v -0.311525 0.483234 -2.309320
v -0.211695 0.483234 -2.307222
v -0.311525 0.483234 -2.246231
v -0.211695 0.483234 -2.248329
v -0.360752 0.894512 -2.277697
v -0.360752 -0.004926 -2.277697
v -0.290849 0.584981 -2.296157
v -0.232497 0.572262 -2.294935
v -0.167904 0.713446 -2.294935
v -0.211357 0.763395 -2.296157
v -0.098968 0.750196 -2.294935
v -0.118947 0.812900 -2.296157
v -0.211741 0.650626 -2.294935
v -0.263859 0.687734 -2.296157
v -0.290849 0.584981 -2.259395
v -0.232497 0.572262 -2.260616
v -0.167904 0.713446 -2.260617
v -0.211357 0.763395 -2.259394
v -0.098968 0.750196 -2.260616
v -0.118946 0.812900 -2.259394
v -0.211741 0.650626 -2.260617
v -0.263859 0.687734 -2.259394
v -0.290777 0.500014 -2.296157
v -0.232511 0.500014 -2.294935
v -0.290777 0.500014 -2.259394
v -0.232511 0.500014 -2.260616
v -0.365236 -0.007777 -2.306012
v -0.365236 0.069990 -2.306012
v -0.356267 -0.007777 -2.249380
v -0.356267 0.069990 -2.249380
v -1.059958 0.894512 -2.080284
v -1.059958 0.972280 -2.080284
v -1.033926 0.894512 -2.029195
v -1.033926 0.972280 -2.029195
v -0.496826 0.531387 -2.256423
v -0.427209 0.531387 -2.280670
v -0.427341 -0.004072 -2.280627
v -0.496800 -0.004072 -2.256431
v -0.483391 0.531387 -2.215076
v -0.412818 0.531387 -2.236378
v -0.412950 -0.004072 -2.236336
v -0.483366 -0.004072 -2.215084
v -0.427217 0.490183 -2.280667
v -0.496824 0.490183 -2.256423
v -0.412826 0.490183 -2.236377
v -0.483390 0.490183 -2.215077
v -0.511638 0.531387 -2.259715
v -0.417331 0.531387 -2.292563
v -0.924351 0.531387 -2.117511
v -0.994924 0.531387 -2.096208
v -0.493440 0.531387 -2.203705
v -0.397836 0.531387 -2.232563
v -0.417341 0.483234 -2.292561
v -0.511636 0.483234 -2.259716
v -0.397845 0.483234 -2.232560
v -0.493438 0.483234 -2.203706
v -0.347930 -0.004761 -2.236601
v -0.347930 0.886610 -2.236601
v -0.333250 -0.004761 -2.244824
v -0.333250 0.886610 -2.244824
v -0.322832 -0.004761 -2.258037
v -0.322832 0.886610 -2.258037
v -0.318266 -0.004761 -2.274235
v -0.318266 0.886610 -2.274235
v -0.320243 -0.004761 -2.290943
v -0.320243 0.886610 -2.290943
v -0.328465 -0.004761 -2.305626
v -0.328465 0.886610 -2.305626
v -0.341679 -0.004761 -2.316042
v -0.341679 0.886610 -2.316042
v -0.357873 -0.004761 -2.320608
v -0.357873 0.886610 -2.320608
v -0.374584 -0.004761 -2.318631
v -0.374584 0.886610 -2.318631
v -0.389264 -0.004761 -2.310408
v -0.389264 0.886610 -2.310408
v -0.399682 -0.004761 -2.297195
v -0.399682 0.886610 -2.297195
v -0.404250 -0.004761 -2.281001
v -0.404250 0.886610 -2.281001
v -0.402271 -0.004761 -2.264290
v -0.402271 0.886610 -2.264290
v -0.394050 -0.004761 -2.249610
v -0.394050 0.886610 -2.249610
v -0.380835 -0.004761 -2.239191
v -0.380835 0.886610 -2.239191
v -0.364641 -0.004761 -2.234624
v -0.364641 0.886610 -2.234624
v -0.698569 0.765072 -2.149973
v -0.698191 0.830852 -2.148812
v -0.709551 0.830852 -2.183775
v -0.709174 0.765072 -2.182612
v -0.994793 -0.004072 -2.096251
v -0.924377 -0.004072 -2.117503
v -0.432938 0.584981 -2.273653
v -0.488056 0.572262 -2.254458
v -0.910917 0.531387 -2.076165
v -0.980533 0.531387 -2.051917
v -0.980402 -0.004072 -2.051960
v -0.910942 -0.004072 -2.076156
v -0.994917 0.490183 -2.096210
v -0.924353 0.490183 -2.117511
v -0.980526 0.490183 -2.051920
v -0.910919 0.490183 -2.076164
v -0.549487 0.713446 -2.234499
v -0.508539 0.763395 -2.249088
v -0.615050 0.750196 -2.213195
v -0.596427 0.812900 -2.220532
v -0.507797 0.650626 -2.248045
v -0.458606 0.687734 -2.265312
v -0.421578 0.584981 -2.238690
v -0.477451 0.572262 -2.221819
v -0.914303 0.531387 -2.128882
v -1.009907 0.531387 -2.100024
v -0.896104 0.531387 -2.072871
v -0.990412 0.531387 -2.040023
v -1.009897 0.483234 -2.100028
v -0.914305 0.483234 -2.128881
v -0.538882 0.713446 -2.201860
v -0.497179 0.763395 -2.214125
v -0.604445 0.750196 -2.180557
v -0.585066 0.812900 -2.185569
v -0.990402 0.483234 -2.040026
v -0.896106 0.483234 -2.072871
v -0.986165 0.584981 -2.093898
v -0.930291 0.572262 -2.110767
v -0.868861 0.713446 -2.130728
v -0.910564 0.763395 -2.118463
v -0.803298 0.750196 -2.152030
v -0.822676 0.812900 -2.147019
v -0.910551 0.650626 -2.117182
v -0.960497 0.687734 -2.102238
v -0.974805 0.584981 -2.058935
v -0.919686 0.572262 -2.078129
v -0.858256 0.713446 -2.098089
v -0.899203 0.763395 -2.083499
v -0.792693 0.750196 -2.119391
v -0.811316 0.812900 -2.112056
v -0.899946 0.650626 -2.084544
v -0.949136 0.687734 -2.067275
v -0.497192 0.650626 -2.215406
v -0.447246 0.687734 -2.230349
v -0.433006 0.500014 -2.273630
v -0.488043 0.500014 -2.254462
v -0.421646 0.500014 -2.238667
v -0.477438 0.500014 -2.221824
v -0.423193 0.101419 -2.312302
v -0.395942 0.101419 -2.215679
v -0.299321 0.101419 -2.242929
v -0.326571 0.101419 -2.339552
v -0.426705 0.101419 -2.314268
v -0.426705 0.109784 -2.314268
v -0.397910 0.109784 -2.212167
v -0.295809 0.109784 -2.240963
v -0.324604 0.109784 -2.343064
v -0.397910 0.101419 -2.212167
v -0.295809 0.101419 -2.240963
v -0.324604 0.101419 -2.343064
v -0.395942 -0.011608 -2.215679
v -0.299321 -0.011608 -2.242929
v -0.423193 -0.011608 -2.312302
v -0.326571 -0.011608 -2.339552
v -0.326571 0.867417 -2.339552
v -0.299321 0.867417 -2.242929
v -0.395942 0.867417 -2.215679
v -0.423193 0.867417 -2.312302
v -0.324604 0.867417 -2.343064
v -0.324604 0.859051 -2.343064
v -0.295809 0.859051 -2.240963
v -0.397910 0.859051 -2.212167
v -0.426705 0.859051 -2.314268
v -0.295809 0.867417 -2.240963
v -0.397910 0.867417 -2.212167
v -0.426705 0.867417 -2.314268
v -0.299321 0.980443 -2.242929
v -0.395942 0.980443 -2.215679
v -0.326571 0.980443 -2.339552
v -0.423193 0.980443 -2.312302
v -0.986097 0.500014 -2.093920
v -0.930304 0.500014 -2.110763
v -0.974736 0.500014 -2.058957
v -0.919699 0.500014 -2.078124
v -1.059958 -0.007777 -2.080284
v -1.059958 0.069990 -2.080284
v -1.033926 -0.007777 -2.029195
v -1.033926 0.069990 -2.029195
v -1.650923 0.894512 -1.650923
v -1.650923 0.972280 -1.650923
v -1.610378 0.894512 -1.610378
v -1.610378 0.972280 -1.610378
v -1.169782 0.531387 -1.992458
v -1.111066 0.531387 -2.037031
v -1.111178 -0.004072 -2.036950
v -1.169761 -0.004072 -1.992473
v -1.144229 0.531387 -1.957286
v -1.083692 0.531387 -1.999354
v -1.083804 -0.004072 -1.999274
v -1.144207 -0.004072 -1.957302
v -1.111072 0.490183 -2.037026
v -1.169781 0.490183 -1.992459
v -1.083699 0.490183 -1.999350
v -1.144227 0.490183 -1.957287
v -1.184887 0.531387 -1.991012
v -1.105346 0.531387 -2.051395
v -1.533457 0.531387 -1.728232
v -1.593993 0.531387 -1.686164
v -1.150271 0.531387 -1.943367
v -1.068264 0.531387 -2.000355
v -1.105355 0.483234 -2.051389
v -1.184886 0.483234 -1.991013
v -1.068272 0.483234 -2.000349
v -1.150269 0.483234 -1.943368
v -1.022049 -0.004761 -2.019617
v -1.022049 0.886610 -2.019617
v -1.010628 -0.004761 -2.031974
v -1.010628 0.886610 -2.031974
v -1.004803 -0.004761 -2.047760
v -1.004803 0.886610 -2.047760
v -1.005465 -0.004761 -2.064576
v -1.005465 0.886610 -2.064576
v -1.012509 -0.004761 -2.079856
v -1.012509 0.886610 -2.079856
v -1.024866 -0.004761 -2.091279
v -1.024866 0.886610 -2.091279
v -1.040652 -0.004761 -2.097102
v -1.040652 0.886610 -2.097102
v -1.057465 -0.004761 -2.096440
v -1.057465 0.886610 -2.096440
v -1.072747 -0.004761 -2.089396
v -1.072747 0.886610 -2.089396
v -1.084168 -0.004761 -2.077039
v -1.084168 0.886610 -2.077039
v -1.089992 -0.004761 -2.061254
v -1.089992 0.886610 -2.061254
v -1.089332 -0.004761 -2.044441
v -1.089332 0.886610 -2.044441
v -1.082287 -0.004761 -2.029159
v -1.082287 0.886610 -2.029159
v -1.069932 -0.004761 -2.017738
v -1.069932 0.886610 -2.017738
v -1.054144 -0.004761 -2.011913
v -1.054144 0.886610 -2.011913
v -1.037331 -0.004761 -2.012573
v -1.037331 0.886610 -2.012573
v -1.328756 0.765072 -1.828876
v -1.328038 0.830852 -1.827888
v -1.349647 0.830852 -1.857630
v -1.348928 0.765072 -1.856641
v -1.593881 -0.004072 -1.686245
v -1.533479 -0.004072 -1.728217
v -1.114346 0.584981 -2.028587
v -1.160835 0.572262 -1.993299
v -1.507904 0.531387 -1.693061
v -1.566619 0.531387 -1.648487
v -1.566508 -0.004072 -1.648569
v -1.507925 -0.004072 -1.693045
v -1.593987 0.490183 -1.686168
v -1.533458 0.490183 -1.728231
v -1.566614 0.490183 -1.648492
v -1.507905 0.490183 -1.693060
v -1.213091 0.713446 -1.955333
v -1.178656 0.763395 -1.981863
v -1.268862 0.750196 -1.914813
v -1.253417 0.812900 -1.927545
v -1.177627 0.650626 -1.981100
v -1.136180 0.687734 -2.012722
v -1.092737 0.584981 -1.998846
v -1.140663 0.572262 -1.965535
v -1.527414 0.531387 -1.742151
v -1.609422 0.531387 -1.685163
v -1.492798 0.531387 -1.694506
v -1.572339 0.531387 -1.634123
v -1.609414 0.483234 -1.685169
v -1.527416 0.483234 -1.742150
v -1.192920 0.713446 -1.927569
v -1.157048 0.763395 -1.952121
v -1.248690 0.750196 -1.887049
v -1.231809 0.812900 -1.897804
v -1.572331 0.483234 -1.634129
v -1.492800 0.483234 -1.694505
v -1.584949 0.584981 -1.686674
v -1.537022 0.572262 -1.719983
v -1.484766 0.713446 -1.757950
v -1.520638 0.763395 -1.733398
v -1.428995 0.750196 -1.798469
v -1.445877 0.812900 -1.787715
v -1.520231 0.650626 -1.732184
v -1.563114 0.687734 -1.702537
v -1.563341 0.584981 -1.656932
v -1.516851 0.572262 -1.692219
v -1.464595 0.713446 -1.730186
v -1.499030 0.763395 -1.703656
v -1.408824 0.750196 -1.770705
v -1.424268 0.812900 -1.757974
v -1.500059 0.650626 -1.704420
v -1.541505 0.687734 -1.672796
v -1.157456 0.650626 -1.953336
v -1.114572 0.687734 -1.982981
v -1.114404 0.500014 -2.028544
v -1.160824 0.500014 -1.993307
v -1.092795 0.500014 -1.998803
v -1.140652 0.500014 -1.965543
v -1.117021 0.101419 -2.068356
v -1.061246 0.101419 -1.984883
v -0.977774 0.101419 -2.040657
v -1.033549 0.101419 -2.124130
v -1.120969 0.101419 -2.069141
v -1.120969 0.109784 -2.069141
v -1.062032 0.109784 -1.980935
v -0.973826 0.109784 -2.039872
v -1.032763 0.109784 -2.128078
v -1.062032 0.101419 -1.980935
v -0.973826 0.101419 -2.039872
v -1.032763 0.101419 -2.128078
v -1.061246 -0.011608 -1.984883
v -0.977774 -0.011608 -2.040657
v -1.117021 -0.011608 -2.068356
v -1.033549 -0.011608 -2.124130
v -1.033549 0.867417 -2.124130
v -0.977775 0.867417 -2.040657
v -1.061246 0.867417 -1.984883
v -1.117021 0.867417 -2.068356
v -1.032763 0.867417 -2.128078
v -1.032763 0.859051 -2.128078
v -0.973826 0.859051 -2.039872
v -1.062032 0.859051 -1.980935
v -1.120969 0.859051 -2.069141
v -0.973826 0.867417 -2.039872
v -1.062032 0.867417 -1.980935
v -1.120969 0.867417 -2.069141
v -0.977775 0.980443 -2.040657
v -1.061246 0.980443 -1.984883
v -1.033549 0.980443 -2.124130
v -1.117021 0.980443 -2.068356
v -1.584890 0.500014 -1.686716
v -1.537034 0.500014 -1.719975
v -1.563282 0.500014 -1.656974
v -1.516862 0.500014 -1.692211
v -1.650923 -0.007777 -1.650923
v -1.650923 0.069990 -1.650923
v -1.610378 -0.007777 -1.610378
v -1.610378 0.069990 -1.610378
v -2.080284 0.894512 -1.059958
v -2.080284 0.972280 -1.059958
v -2.029194 0.894512 -1.033926
v -2.029194 0.972280 -1.033926
v -1.728232 0.531387 -1.533458
v -1.686164 0.531387 -1.593993
v -1.686245 -0.004072 -1.593882
v -1.728217 -0.004072 -1.533479
v -1.693061 0.531387 -1.507904
v -1.648487 0.531387 -1.566620
v -1.648569 -0.004072 -1.566509
v -1.693045 -0.004072 -1.507926
v -1.686168 0.490183 -1.593987
v -1.728231 0.490183 -1.533459
v -1.648492 0.490183 -1.566614
v -1.693060 0.490183 -1.507905
v -1.742151 0.531387 -1.527415
v -1.685163 0.531387 -1.609422
v -1.992458 0.531387 -1.169783
v -2.037031 0.531387 -1.111066
v -1.694506 0.531387 -1.492798
v -1.634123 0.531387 -1.572340
v -1.685169 0.483234 -1.609414
v -1.742150 0.483234 -1.527416
v -1.634129 0.483234 -1.572331
v -1.694505 0.483234 -1.492800
v -1.596123 -0.004761 -1.604940
v -1.596123 0.886610 -1.604940
v -1.589079 -0.004761 -1.620221
v -1.589079 0.886610 -1.620221
v -1.588417 -0.004761 -1.637034
v -1.588417 0.886610 -1.637034
v -1.594244 -0.004761 -1.652823
v -1.594244 0.886610 -1.652823
v -1.605664 -0.004761 -1.665178
v -1.605664 0.886610 -1.665178
v -1.620947 -0.004761 -1.672224
v -1.620947 0.886610 -1.672224
v -1.637759 -0.004761 -1.672883
v -1.637759 0.886610 -1.672883
v -1.653545 -0.004761 -1.667058
v -1.653545 0.886610 -1.667058
v -1.665902 -0.004761 -1.655638
v -1.665902 0.886610 -1.655638
v -1.672946 -0.004761 -1.640356
v -1.672946 0.886610 -1.640356
v -1.673607 -0.004761 -1.623543
v -1.673607 0.886610 -1.623543
v -1.667784 -0.004761 -1.607757
v -1.667784 0.886610 -1.607757
v -1.656360 -0.004761 -1.595400
v -1.656360 0.886610 -1.595400
v -1.641081 -0.004761 -1.588356
v -1.641081 0.886610 -1.588356
v -1.624266 -0.004761 -1.587694
v -1.624266 0.886610 -1.587694
v -1.608479 -0.004761 -1.593519
v -1.608479 0.886610 -1.593519
v -1.828877 0.765072 -1.328757
v -1.827888 0.830852 -1.328039
v -1.857630 0.830852 -1.349647
v -1.856641 0.765072 -1.348929
v -2.036950 -0.004072 -1.111178
v -1.992473 -0.004072 -1.169761
v -1.686674 0.584981 -1.584949
v -1.719983 0.572262 -1.537023
v -1.957286 0.531387 -1.144229
v -1.999354 0.531387 -1.083693
v -1.999274 -0.004072 -1.083805
v -1.957302 -0.004072 -1.144207
v -2.037026 0.490183 -1.111073
v -1.992459 0.490183 -1.169781
v -1.999350 0.490183 -1.083699
v -1.957287 0.490183 -1.144228
v -1.757950 0.713446 -1.484767
v -1.733398 0.763395 -1.520639
v -1.798469 0.750196 -1.428996
v -1.787715 0.812900 -1.445877
v -1.732184 0.650626 -1.520231
v -1.702537 0.687734 -1.563114
v -1.656932 0.584981 -1.563341
v -1.692219 0.572262 -1.516851
v -1.991012 0.531387 -1.184888
v -2.051395 0.531387 -1.105347
v -1.943367 0.531387 -1.150272
v -2.000355 0.531387 -1.068264
v -2.051389 0.483234 -1.105356
v -1.991013 0.483234 -1.184886
v -1.730186 0.713446 -1.464595
v -1.703656 0.763395 -1.499030
v -1.770705 0.750196 -1.408824
v -1.757974 0.812900 -1.424269
v -2.000349 0.483234 -1.068273
v -1.943368 0.483234 -1.150270
v -2.028587 0.584981 -1.114346
v -1.993299 0.572262 -1.160835
v -1.955333 0.713446 -1.213092
v -1.981863 0.763395 -1.178657
v -1.914813 0.750196 -1.268862
v -1.927545 0.812900 -1.253418
v -1.981100 0.650626 -1.177628
v -2.012723 0.687734 -1.136181
v -1.998846 0.584981 -1.092738
v -1.965535 0.572262 -1.140664
v -1.927569 0.713446 -1.192920
v -1.952121 0.763395 -1.157048
v -1.887049 0.750196 -1.248691
v -1.897804 0.812900 -1.231809
v -1.953336 0.650626 -1.157456
v -1.982981 0.687734 -1.114573
v -1.704420 0.650626 -1.500060
v -1.672796 0.687734 -1.541506
v -1.686716 0.500014 -1.584891
v -1.719975 0.500014 -1.537034
v -1.656974 0.500014 -1.563282
v -1.692211 0.500014 -1.516862
v -1.701507 0.101419 -1.621945
v -1.622668 0.101419 -1.559793
v -1.560517 0.101419 -1.638632
v -1.639356 0.101419 -1.700783
v -1.705504 0.101419 -1.621472
v -1.705504 0.109784 -1.621472
v -1.622195 0.109784 -1.555796
v -1.556519 0.109784 -1.639105
v -1.639829 0.109784 -1.704781
v -1.622195 0.101419 -1.555796
v -1.556519 0.101419 -1.639105
v -1.639829 0.101419 -1.704781
v -1.622668 -0.011608 -1.559793
v -1.560517 -0.011608 -1.638632
v -1.701507 -0.011608 -1.621945
v -1.639356 -0.011608 -1.700783
v -1.639356 0.867417 -1.700783
v -1.560517 0.867417 -1.638632
v -1.622668 0.867417 -1.559793
v -1.701507 0.867417 -1.621945
v -1.639829 0.867417 -1.704781
v -1.639829 0.859051 -1.704781
v -1.556519 0.859051 -1.639105
v -1.622195 0.859051 -1.555796
v -1.705504 0.859051 -1.621472
v -1.556519 0.867417 -1.639105
v -1.622195 0.867417 -1.555796
v -1.705504 0.867417 -1.621472
v -1.560517 0.980443 -1.638632
v -1.622668 0.980443 -1.559793
v -1.639356 0.980443 -1.700783
v -1.701507 0.980443 -1.621945
v -2.028544 0.500014 -1.114404
v -1.993307 0.500014 -1.160824
v -1.998803 0.500014 -1.092796
v -1.965543 0.500014 -1.140652
v -2.080284 -0.007777 -1.059958
v -2.080284 0.069990 -1.059958
v -2.029194 -0.007777 -1.033926
v -2.029194 0.069990 -1.033926
v -2.306013 0.894512 -0.365237
v -2.306013 0.972280 -0.365237
v -2.249380 0.894512 -0.356267
v -2.249380 0.972280 -0.356267
v -2.117511 0.531387 -0.924351
v -2.096208 0.531387 -0.994924
v -2.096251 -0.004072 -0.994793
v -2.117503 -0.004072 -0.924377
v -2.076164 0.531387 -0.910917
v -2.051917 0.531387 -0.980533
v -2.051960 -0.004072 -0.980402
v -2.076156 -0.004072 -0.910942
v -2.096210 0.490183 -0.994917
v -2.117511 0.490183 -0.924353
v -2.051919 0.490183 -0.980526
v -2.076164 0.490183 -0.910919
v -2.128881 0.531387 -0.914303
v -2.100024 0.531387 -1.009907
v -2.256422 0.531387 -0.496826
v -2.280670 0.531387 -0.427209
v -2.072871 0.531387 -0.896104
v -2.040023 0.531387 -0.990412
v -2.100028 0.483234 -1.009897
v -2.128881 0.483234 -0.914305
v -2.040026 0.483234 -0.990402
v -2.072871 0.483234 -0.896106
v -2.013957 -0.004761 -1.033159
v -2.013957 0.886610 -1.033159
v -2.011980 -0.004761 -1.049869
v -2.011980 0.886610 -1.049869
v -2.016546 -0.004761 -1.066064
v -2.016546 0.886610 -1.066064
v -2.026966 -0.004761 -1.079279
v -2.026966 0.886610 -1.079279
v -2.041646 -0.004761 -1.087500
v -2.041646 0.886610 -1.087500
v -2.058357 -0.004761 -1.089479
v -2.058357 0.886610 -1.089479
v -2.074551 -0.004761 -1.084911
v -2.074551 0.886610 -1.084911
v -2.087764 -0.004761 -1.074493
v -2.087764 0.886610 -1.074493
v -2.095987 -0.004761 -1.059813
v -2.095987 0.886610 -1.059813
v -2.097964 -0.004761 -1.043102
v -2.097964 0.886610 -1.043102
v -2.093397 -0.004761 -1.026908
v -2.093397 0.886610 -1.026908
v -2.082981 -0.004761 -1.013694
v -2.082981 0.886610 -1.013694
v -2.068298 -0.004761 -1.005472
v -2.068298 0.886610 -1.005472
v -2.051590 -0.004761 -1.003494
v -2.051590 0.886610 -1.003494
v -2.035393 -0.004761 -1.008061
v -2.035393 0.886610 -1.008061
v -2.022179 -0.004761 -1.018478
v -2.022179 0.886610 -1.018478
v -2.149973 0.765072 -0.698569
v -2.148812 0.830852 -0.698191
v -2.183774 0.830852 -0.709551
v -2.182612 0.765072 -0.709174
v -2.280627 -0.004072 -0.427341
v -2.256431 -0.004072 -0.496800
v -2.093898 0.584981 -0.986165
v -2.110767 0.572262 -0.930291
v -2.215076 0.531387 -0.483391
v -2.236378 0.531387 -0.412818
v -2.236336 -0.004072 -0.412950
v -2.215084 -0.004072 -0.483366
v -2.280667 0.490183 -0.427217
v -2.256423 0.490183 -0.496824
v -2.236377 0.490183 -0.412826
v -2.215076 0.490183 -0.483390
v -2.130728 0.713446 -0.868861
v -2.118463 0.763395 -0.910564
v -2.152030 0.750196 -0.803298
v -2.147019 0.812900 -0.822676
v -2.117182 0.650626 -0.910551
v -2.102238 0.687734 -0.960497
v -2.058935 0.584981 -0.974805
v -2.078128 0.572262 -0.919686
v -2.259715 0.531387 -0.511638
v -2.292563 0.531387 -0.417331
v -2.203705 0.531387 -0.493440
v -2.232563 0.531387 -0.397836
v -2.292561 0.483234 -0.417341
v -2.259716 0.483234 -0.511636
v -2.098089 0.713446 -0.858256
v -2.083499 0.763395 -0.899203
v -2.119391 0.750196 -0.792693
v -2.112056 0.812900 -0.811316
v -2.232559 0.483234 -0.397846
v -2.203706 0.483234 -0.493438
v -2.273653 0.584981 -0.432938
v -2.254458 0.572262 -0.488056
v -2.234499 0.713446 -0.549487
v -2.249088 0.763395 -0.508540
v -2.213195 0.750196 -0.615050
v -2.220531 0.812900 -0.596427
v -2.248045 0.650626 -0.507797
v -2.265312 0.687734 -0.458606
v -2.238690 0.584981 -0.421578
v -2.221819 0.572262 -0.477451
v -2.201860 0.713446 -0.538882
v -2.214125 0.763395 -0.497179
v -2.180557 0.750196 -0.604445
v -2.185569 0.812900 -0.585066
v -2.215406 0.650626 -0.497192
v -2.230349 0.687734 -0.447246
v -2.084543 0.650626 -0.899946
v -2.067275 0.687734 -0.949136
v -2.093920 0.500014 -0.986097
v -2.110763 0.500014 -0.930304
v -2.058957 0.500014 -0.974736
v -2.078124 0.500014 -0.919699
v -2.119438 0.101419 -1.016766
v -2.025251 0.101419 -0.982019
v -1.990504 0.101419 -1.076205
v -2.084691 0.101419 -1.110952
v -2.123093 0.101419 -1.015081
v -2.123093 0.109784 -1.015081
v -2.023566 0.109784 -0.978364
v -1.986849 0.109784 -1.077890
v -2.086376 0.109784 -1.114608
v -2.023566 0.101419 -0.978364
v -1.986849 0.101419 -1.077890
v -2.086376 0.101419 -1.114608
v -2.025251 -0.011608 -0.982019
v -1.990504 -0.011608 -1.076205
v -2.119438 -0.011608 -1.016766
v -2.084691 -0.011608 -1.110952
v -2.084691 0.867417 -1.110952
v -1.990505 0.867417 -1.076205
v -2.025251 0.867417 -0.982019
v -2.119438 0.867417 -1.016766
v -2.086376 0.867417 -1.114608
v -2.086376 0.859051 -1.114608
v -1.986849 0.859051 -1.077890
v -2.023566 0.859051 -0.978364
v -2.123093 0.859051 -1.015081
v -1.986849 0.867417 -1.077890
v -2.023566 0.867417 -0.978364
v -2.123093 0.867417 -1.015081
v -1.990505 0.980443 -1.076205
v -2.025251 0.980443 -0.982019
v -2.084691 0.980443 -1.110952
v -2.119438 0.980443 -1.016766
v -2.273630 0.500014 -0.433007
v -2.254462 0.500014 -0.488043
v -2.238667 0.500014 -0.421646
v -2.221824 0.500014 -0.477438
v -2.306013 -0.007777 -0.365237
v -2.306013 0.069990 -0.365237
v -2.249380 -0.007777 -0.356267
v -2.249380 0.069990 -0.356267
v -2.299513 0.531387 -0.224764
v -2.301061 0.531387 -0.298466
v -2.301061 -0.004072 -0.298327
v -2.299513 -0.004072 -0.224790
v -2.256039 0.531387 -0.224764
v -2.254490 0.531387 -0.298465
v -2.254491 -0.004072 -0.298327
v -2.256039 -0.004072 -0.224790
v -2.301061 0.490183 -0.298458
v -2.299513 0.490183 -0.224765
v -2.254491 0.490183 -0.298458
v -2.256039 0.490183 -0.224765
v -2.307222 0.531387 -0.211693
v -2.309320 0.531387 -0.311536
v -2.248329 0.531387 -0.211693
v -2.246232 0.531387 -0.311536
v -2.309320 0.483234 -0.311525
v -2.307222 0.483234 -0.211695
v -2.246232 0.483234 -0.311525
v -2.248330 0.483234 -0.211695
v -2.234650 -0.004761 -0.360246
v -2.234650 0.886610 -0.360246
v -2.237934 -0.004761 -0.376749
v -2.237934 0.886610 -0.376749
v -2.247281 -0.004761 -0.390740
v -2.247281 0.886610 -0.390740
v -2.261275 -0.004761 -0.400089
v -2.261275 0.886610 -0.400089
v -2.277777 -0.004761 -0.403371
v -2.277777 0.886610 -0.403371
v -2.294282 -0.004761 -0.400089
v -2.294282 0.886610 -0.400089
v -2.308271 -0.004761 -0.390740
v -2.308271 0.886610 -0.390740
v -2.317618 -0.004761 -0.376749
v -2.317618 0.886610 -0.376749
v -2.320903 -0.004761 -0.360246
v -2.320903 0.886610 -0.360246
v -2.317619 -0.004761 -0.343743
v -2.317619 0.886610 -0.343743
v -2.308271 -0.004761 -0.329752
v -2.308271 0.886610 -0.329752
v -2.294281 -0.004761 -0.320404
v -2.294281 0.886610 -0.320404
v -2.277776 -0.004761 -0.317121
v -2.277776 0.886610 -0.317121
v -2.261275 -0.004761 -0.320404
v -2.261275 0.886610 -0.320404
v -2.247282 -0.004761 -0.329752
v -2.247282 0.886610 -0.329752
v -2.237934 -0.004761 -0.343743
v -2.237934 0.886610 -0.343743
v -2.296158 0.584981 -0.290849
v -2.294935 0.572262 -0.232497
v -2.294936 0.713446 -0.167904
v -2.296158 0.763395 -0.211357
v -2.294935 0.750196 -0.098968
v -2.296157 0.812900 -0.118947
v -2.294936 0.650626 -0.211741
v -2.296157 0.687734 -0.263860
v -2.259396 0.584981 -0.290849
v -2.260617 0.572262 -0.232497
v -2.260617 0.713446 -0.167904
v -2.259395 0.763395 -0.211357
v -2.260617 0.750196 -0.098968
v -2.259395 0.812900 -0.118947
v -2.260618 0.650626 -0.211740
v -2.259395 0.687734 -0.263859
v -2.296157 0.500014 -0.290777
v -2.294935 0.500014 -0.232511
v -2.259395 0.500014 -0.290777
v -2.260617 0.500014 -0.232511
v -2.312301 0.101419 -0.423193
v -2.215679 0.101419 -0.395943
v -2.242929 0.101419 -0.299321
v -2.339552 0.101419 -0.326571
v -2.314268 0.101419 -0.426705
v -2.314268 0.109784 -0.426705
v -2.212167 0.109784 -0.397910
v -2.240963 0.109784 -0.295809
v -2.343064 0.109784 -0.324604
v -2.212167 0.101419 -0.397910
v -2.240963 0.101419 -0.295809
v -2.343064 0.101419 -0.324604
v -2.215679 -0.011608 -0.395943
v -2.242929 -0.011608 -0.299321
v -2.312301 -0.011608 -0.423193
v -2.339552 -0.011608 -0.326571
v -2.339552 0.867417 -0.326571
v -2.242929 0.867417 -0.299321
v -2.215679 0.867417 -0.395943
v -2.312301 0.867417 -0.423193
v -2.343064 0.867417 -0.324604
v -2.343064 0.859051 -0.324604
v -2.240963 0.859051 -0.295809
v -2.212167 0.859051 -0.397910
v -2.314268 0.859051 -0.426705
v -2.240963 0.867417 -0.295809
v -2.212167 0.867417 -0.397910
v -2.314268 0.867417 -0.426705
v -2.242929 0.980443 -0.299321
v -2.215679 0.980443 -0.395943
v -2.339552 0.980443 -0.326571
v -2.312301 0.980443 -0.423193
v -0.264115 -0.004926 -2.277776
v -0.264115 0.894512 -2.277776
v 0.000000 0.802956 -2.277776
v -0.264115 0.595338 -2.277776
v 0.000000 0.894512 -2.277776
v -0.192459 0.744328 -2.277776
v 0.264115 -0.004926 -2.277776
v 0.264115 0.894512 -2.277776
v 0.264115 0.595338 -2.277776
v 0.192459 0.744328 -2.277776
v -0.360752 0.595336 -2.277697
v -0.360752 0.744270 -2.277697
v 1.046942 0.894512 -2.054740
v 1.046942 -0.004926 -2.054740
v 0.360752 0.894512 -2.277697
v 0.360752 -0.004926 -2.277697
v 0.452683 -0.004926 -2.247910
v 0.452683 0.894512 -2.247910
v 0.703872 0.802956 -2.166294
v 0.452683 0.595338 -2.247910
v 0.703872 0.894512 -2.166294
v 0.520832 0.744328 -2.225767
v 0.955060 -0.004926 -2.084678
v 0.955060 0.894512 -2.084678
v 0.955060 0.595338 -2.084678
v 0.886911 0.744328 -2.106821
v 1.046942 0.595336 -2.054740
v 1.046942 0.744270 -2.054740
v 0.360752 0.595336 -2.277697
v 0.360752 0.744270 -2.277697
v 1.125170 -0.004926 -1.998003
v 1.125170 0.894512 -1.998003
v 1.338843 0.802956 -1.842760
v 1.125170 0.595338 -1.998003
v 1.338843 0.894512 -1.842760
v 1.183141 0.744328 -1.955884
v 1.552517 -0.004926 -1.687517
v 1.552517 0.894512 -1.687517
v 1.552517 0.595338 -1.687517
v 1.494546 0.744328 -1.729635
v 2.054740 0.894512 -1.046942
v 2.054740 -0.004926 -1.046942
v 1.630651 0.894512 -1.630651
v 1.630651 -0.004926 -1.630651
v 1.687517 -0.004926 -1.552517
v 1.687517 0.894512 -1.552517
v 1.842760 0.802956 -1.338844
v 1.687517 0.595338 -1.552517
v 1.842760 0.894512 -1.338844
v 1.729635 0.744328 -1.494546
v 1.998003 -0.004926 -1.125170
v 1.998003 0.894512 -1.125170
v 1.998003 0.595338 -1.125170
v 1.955885 0.744328 -1.183141
v 2.054740 0.595336 -1.046942
v 2.054740 0.744270 -1.046942
v 1.630651 0.595336 -1.630651
v 1.630651 0.744270 -1.630651
v 2.084678 -0.004926 -0.955060
v 2.084678 0.894512 -0.955060
v 2.166294 0.802956 -0.703872
v 2.084678 0.595338 -0.955060
v 2.166294 0.894512 -0.703872
v 2.106821 0.744328 -0.886911
v 2.247910 -0.004926 -0.452683
v 2.247910 0.894512 -0.452683
v 2.247910 0.595338 -0.452683
v 2.225767 0.744328 -0.520832
v 2.277697 0.894512 0.360752
v 2.277697 -0.004926 0.360752
v 2.277697 0.894512 -0.360752
v 2.277697 -0.004926 -0.360752
v 2.277777 -0.004926 -0.264115
v 2.277777 0.894512 -0.264115
v 2.277777 0.802956 0.000000
v 2.277777 0.595338 -0.264115
v 2.277777 0.894512 0.000000
v 2.277777 0.744328 -0.192459
v 2.277777 -0.004926 0.264115
v 2.277777 0.894512 0.264115
v 2.277777 0.595338 0.264115
v 2.277777 0.744328 0.192459
v 2.277697 0.595336 0.360752
v 2.277697 0.744270 0.360752
v 2.277697 0.595336 -0.360752
v 2.277697 0.744270 -0.360752
v 2.247910 -0.004926 0.452683
v 2.247910 0.894512 0.452683
v 2.166294 0.802956 0.703871
v 2.247910 0.595338 0.452683
v 2.166294 0.894512 0.703871
v 2.225767 0.744328 0.520832
v 2.084678 -0.004926 0.955060
v 2.084678 0.894512 0.955060
v 2.084678 0.595338 0.955060
v 2.106821 0.744328 0.886911
v 1.630651 0.894512 1.630651
v 1.630651 -0.004926 1.630651
v 2.054740 0.894512 1.046942
v 2.054740 -0.004926 1.046942
v 1.998003 -0.004926 1.125170
v 1.998003 0.894512 1.125170
v 1.842760 0.802956 1.338844
v 1.998003 0.595338 1.125170
v 1.842760 0.894512 1.338844
v 1.955884 0.744328 1.183141
v 1.687517 -0.004926 1.552517
v 1.687517 0.894512 1.552517
v 1.687517 0.595338 1.552517
v 1.729636 0.744328 1.494546
v 1.630651 0.595336 1.630651
v 1.630651 0.744270 1.630651
v 2.054740 0.595336 1.046942
v 2.054740 0.744270 1.046942
v 1.552517 -0.004926 1.687517
v 1.552517 0.894512 1.687517
v 1.338843 0.802956 1.842760
v 1.552517 0.595338 1.687517
v 1.338843 0.894512 1.842760
v 1.494546 0.744328 1.729636
v 1.125170 -0.004926 1.998003
v 1.125170 0.894512 1.998003
v 1.125170 0.595338 1.998003
v 1.183141 0.744328 1.955885
v 0.360752 0.894512 2.277697
v 0.360752 -0.004926 2.277697
v 1.046942 0.894512 2.054740
v 1.046942 -0.004926 2.054740
v 0.955060 -0.004926 2.084678
v 0.955060 0.894512 2.084678
v 0.703872 0.802956 2.166294
v 0.955060 0.595338 2.084678
v 0.703872 0.894512 2.166294
v 0.886911 0.744328 2.106821
v 0.452683 -0.004926 2.247910
v 0.452683 0.894512 2.247910
v 0.452683 0.595338 2.247910
v 0.520832 0.744328 2.225767
v 0.360752 0.595336 2.277697
v 0.360752 0.744270 2.277697
v 1.046942 0.595336 2.054740
v 1.046942 0.744270 2.054740
v 0.264115 -0.004926 2.277776
v 0.264115 0.894512 2.277776
v 0.000000 0.802956 2.277776
v 0.264115 0.595338 2.277776
v 0.000000 0.894512 2.277776
v 0.192459 0.744328 2.277776
v -0.264116 -0.004926 2.277776
v -0.264116 0.894512 2.277776
v -0.264116 0.595338 2.277776
v -0.192459 0.744328 2.277776
v -1.046942 0.894512 2.054740
v -1.046942 -0.004926 2.054740
v -0.360752 0.894512 2.277697
v -0.360752 -0.004926 2.277697
v -0.452683 -0.004926 2.247910
v -0.452683 0.894512 2.247910
v -0.703872 0.802956 2.166294
v -0.452683 0.595338 2.247910
v -0.703872 0.894512 2.166294
v -0.520833 0.744328 2.225767
v -0.955060 -0.004926 2.084678
v -0.955060 0.894512 2.084678
v -0.955060 0.595338 2.084678
v -0.886911 0.744328 2.106822
v -1.046942 0.595336 2.054740
v -1.046942 0.744270 2.054740
v -0.360752 0.595336 2.277697
v -0.360752 0.744270 2.277697
v -1.125170 -0.004926 1.998003
v -1.125170 0.894512 1.998003
v -1.338844 0.802956 1.842760
v -1.125170 0.595338 1.998003
v -1.338844 0.894512 1.842760
v -1.183141 0.744328 1.955884
v -1.552518 -0.004926 1.687517
v -1.552518 0.894512 1.687517
v -1.552518 0.595338 1.687517
v -1.494546 0.744328 1.729635
v -2.054740 0.894512 1.046942
v -2.054740 -0.004926 1.046942
v -1.630651 0.894512 1.630651
v -1.630651 -0.004926 1.630651
v -1.687517 -0.004926 1.552517
v -1.687517 0.894512 1.552517
v -1.842760 0.802956 1.338844
v -1.687517 0.595338 1.552517
v -1.842760 0.894512 1.338844
v -1.729636 0.744328 1.494546
v -1.998003 -0.004926 1.125170
v -1.998003 0.894512 1.125170
v -1.998003 0.595338 1.125170
v -1.955885 0.744328 1.183141
v -2.054740 0.595336 1.046942
v -2.054740 0.744270 1.046942
v -1.630651 0.595336 1.630651
v -1.630651 0.744270 1.630651
v -2.084678 -0.004926 0.955060
v -2.084678 0.894512 0.955060
v -2.166294 0.802956 0.703872
v -2.084678 0.595338 0.955060
v -2.166294 0.894512 0.703872
v -2.106821 0.744328 0.886911
v -2.247910 -0.004926 0.452683
v -2.247910 0.894512 0.452683
v -2.247910 0.595338 0.452683
v -2.225767 0.744328 0.520832
v -2.277697 0.894512 -0.360752
v -2.277697 -0.004926 -0.360752
v -2.277697 0.894512 0.360752
v -2.277697 -0.004926 0.360752
v -2.277777 -0.004926 0.264115
v -2.277777 0.894512 0.264115
v -2.277777 0.802956 -0.000000
v -2.277777 0.595338 0.264115
v -2.277777 0.894512 -0.000000
v -2.277777 0.744328 0.192459
v -2.277777 -0.004926 -0.264116
v -2.277777 0.894512 -0.264116
v -2.277777 0.595338 -0.264116
v -2.277777 0.744328 -0.192459
v -2.277697 0.595336 -0.360752
v -2.277697 0.744270 -0.360752
v -2.277697 0.595336 0.360752
v -2.277697 0.744270 0.360752
v -2.247910 -0.004926 -0.452683
v -2.247910 0.894512 -0.452683
v -2.166294 0.802956 -0.703872
v -2.247910 0.595338 -0.452683
v -2.166294 0.894512 -0.703872
v -2.225767 0.744328 -0.520833
v -2.084678 -0.004926 -0.955061
v -2.084678 0.894512 -0.955061
v -2.084678 0.595338 -0.955061
v -2.106821 0.744328 -0.886911
v -1.630651 0.894512 -1.630651
v -1.630651 -0.004926 -1.630651
v -2.054740 0.894512 -1.046943
v -2.054740 -0.004926 -1.046943
v -1.998003 -0.004926 -1.125170
v -1.998003 0.894512 -1.125170
v -1.842760 0.802956 -1.338844
v -1.998003 0.595338 -1.125170
v -1.842760 0.894512 -1.338844
v -1.955884 0.744328 -1.183141
v -1.687517 -0.004926 -1.552518
v -1.687517 0.894512 -1.552518
v -1.687517 0.595338 -1.552518
v -1.729635 0.744328 -1.494546
v -1.630651 0.595336 -1.630651
v -1.630651 0.744270 -1.630651
v -2.054740 0.595336 -1.046943
v -2.054740 0.744270 -1.046943
v -1.552517 -0.004926 -1.687517
v -1.552517 0.894512 -1.687517
v -1.338843 0.802956 -1.842760
v -1.552517 0.595338 -1.687517
v -1.338843 0.894512 -1.842760
v -1.494546 0.744328 -1.729635
v -1.125169 -0.004926 -1.998003
v -1.125169 0.894512 -1.998003
v -1.125169 0.595338 -1.998003
v -1.183141 0.744328 -1.955885
v -1.046942 0.894512 -2.054740
v -1.046942 -0.004926 -2.054740
v -0.955060 -0.004926 -2.084679
v -0.955060 0.894512 -2.084679
v -0.703871 0.802956 -2.166294
v -0.955060 0.595338 -2.084679
v -0.703871 0.894512 -2.166294
v -0.886911 0.744328 -2.106821
v -0.452683 -0.004926 -2.247910
v -0.452683 0.894512 -2.247910
v -0.452683 0.595338 -2.247910
v -0.520833 0.744328 -2.225768
v -1.046942 0.595336 -2.054740
v -1.046942 0.744270 -2.054740
v 0.000000 1.742278 2.260616
v 0.000000 1.808058 2.259394
v 0.000000 1.808058 2.296156
v 0.000000 1.742278 2.294934
v 0.000000 1.742278 -2.260616
v 0.000000 1.808058 -2.259394
v 0.000000 1.808058 -2.296156
v 0.000000 1.742278 -2.294934
v 0.365236 1.871718 2.306012
v 0.365236 1.949486 2.306012
v 0.356267 1.871718 2.249380
v 0.356267 1.949486 2.249380
v 0.224764 1.508593 2.299513
v 0.298465 1.508593 2.301061
v 0.298327 0.973134 2.301061
v 0.224790 0.973134 2.299513
v 0.224764 1.508593 2.256038
v 0.298465 1.508593 2.254490
v 0.298327 0.973134 2.254490
v 0.224790 0.973134 2.256038
v 0.298458 1.467389 2.301061
v 0.224765 1.467389 2.299513
v 0.298458 1.467389 2.254490
v 0.224765 1.467389 2.256038
v 0.211693 1.508593 2.307222
v 0.311536 1.508593 2.309319
v 0.211693 1.508593 2.248329
v 0.311536 1.508593 2.246231
v 0.311525 1.460440 2.309320
v 0.211695 1.460440 2.307222
v 0.311525 1.460440 2.246231
v 0.211695 1.460440 2.248329
v 0.290849 1.562187 2.296157
v 0.232497 1.549468 2.294935
v 0.167904 1.690652 2.294935
v 0.211357 1.740601 2.296157
v 0.098968 1.727402 2.294935
v 0.118947 1.790106 2.296157
v 0.211741 1.627832 2.294935
v 0.263859 1.664940 2.296157
v 0.290849 1.562187 2.259395
v 0.232497 1.549468 2.260616
v 0.167904 1.690652 2.260617
v 0.211357 1.740601 2.259394
v 0.098968 1.727402 2.260616
v 0.118946 1.790106 2.259394
v 0.211741 1.627832 2.260617
v 0.263859 1.664940 2.259394
v 0.290777 1.477220 2.296157
v 0.232511 1.477220 2.294935
v 0.290777 1.477220 2.259394
v 0.232511 1.477220 2.260616
v 1.059958 1.871718 2.080284
v 1.059958 1.949486 2.080284
v 1.033926 1.871718 2.029195
v 1.033926 1.949486 2.029195
v 0.496826 1.508593 2.256423
v 0.427209 1.508593 2.280670
v 0.427341 0.973134 2.280627
v 0.496800 0.973134 2.256431
v 0.483391 1.508593 2.215076
v 0.412818 1.508593 2.236378
v 0.412950 0.973134 2.236336
v 0.483366 0.973134 2.215084
v 0.427217 1.467389 2.280667
v 0.496824 1.467389 2.256423
v 0.412826 1.467389 2.236377
v 0.483390 1.467389 2.215077
v 0.511638 1.508593 2.259715
v 0.417331 1.508593 2.292563
v 0.924351 1.508593 2.117511
v 0.994924 1.508593 2.096208
v 0.493440 1.508593 2.203705
v 0.397836 1.508593 2.232563
v 0.417341 1.460440 2.292561
v 0.511636 1.460440 2.259716
v 0.397845 1.460440 2.232560
v 0.493438 1.460440 2.203706
v 0.347930 0.972445 2.236601
v 0.347930 1.863816 2.236601
v 0.333250 0.972445 2.244824
v 0.333250 1.863816 2.244824
v 0.322832 0.972445 2.258037
v 0.322832 1.863816 2.258037
v 0.318266 0.972445 2.274235
v 0.318266 1.863816 2.274235
v 0.320243 0.972445 2.290943
v 0.320243 1.863816 2.290943
v 0.328465 0.972445 2.305626
v 0.328465 1.863816 2.305626
v 0.341679 0.972445 2.316042
v 0.341679 1.863816 2.316042
v 0.357873 0.972445 2.320608
v 0.357873 1.863816 2.320608
v 0.374584 0.972445 2.318631
v 0.374584 1.863816 2.318631
v 0.389264 0.972445 2.310408
v 0.389264 1.863816 2.310408
v 0.399682 0.972445 2.297195
v 0.399682 1.863816 2.297195
v 0.404250 0.972445 2.281001
v 0.404250 1.863816 2.281001
v 0.402271 0.972445 2.264290
v 0.402271 1.863816 2.264290
v 0.394050 0.972445 2.249610
v 0.394050 1.863816 2.249610
v 0.380835 0.972445 2.239191
v 0.380835 1.863816 2.239191
v 0.364641 0.972445 2.234624
v 0.364641 1.863816 2.234624
v 0.698569 1.742278 2.149973
v 0.698191 1.808058 2.148812
v 0.709551 1.808058 2.183775
v 0.709174 1.742278 2.182612
v 0.994793 0.973134 2.096251
v 0.924377 0.973134 2.117503
v 0.432938 1.562187 2.273653
v 0.488056 1.549468 2.254458
v 0.910917 1.508593 2.076165
v 0.980533 1.508593 2.051917
v 0.980402 0.973134 2.051960
v 0.910942 0.973134 2.076156
v 0.994917 1.467389 2.096210
v 0.924353 1.467389 2.117511
v 0.980526 1.467389 2.051920
v 0.910919 1.467389 2.076164
v 0.549487 1.690652 2.234499
v 0.508539 1.740601 2.249088
v 0.615050 1.727402 2.213195
v 0.596427 1.790106 2.220532
v 0.507797 1.627832 2.248045
v 0.458606 1.664940 2.265312
v 0.421578 1.562187 2.238690
v 0.477451 1.549468 2.221819
v 0.914303 1.508593 2.128882
v 1.009907 1.508593 2.100024
v 0.896104 1.508593 2.072871
v 0.990412 1.508593 2.040023
v 1.009897 1.460440 2.100028
v 0.914305 1.460440 2.128881
v 0.538882 1.690652 2.201860
v 0.497179 1.740601 2.214125
v 0.604445 1.727402 2.180557
v 0.585066 1.790106 2.185569
v 0.990402 1.460440 2.040026
v 0.896106 1.460440 2.072871
v 0.986165 1.562187 2.093898
v 0.930291 1.549468 2.110767
v 0.868861 1.690652 2.130728
v 0.910564 1.740601 2.118463
v 0.803298 1.727402 2.152030
v 0.822676 1.790106 2.147019
v 0.910551 1.627832 2.117182
v 0.960497 1.664940 2.102238
v 0.974805 1.562187 2.058935
v 0.919686 1.549468 2.078129
v 0.858256 1.690652 2.098089
v 0.899203 1.740601 2.083499
v 0.792693 1.727402 2.119391
v 0.811316 1.790106 2.112056
v 0.899946 1.627832 2.084544
v 0.949136 1.664940 2.067275
v 0.497192 1.627832 2.215406
v 0.447246 1.664940 2.230349
v 0.433006 1.477220 2.273630
v 0.488043 1.477220 2.254462
v 0.421646 1.477220 2.238667
v 0.477438 1.477220 2.221824
v 0.326571 1.844623 2.339552
v 0.299321 1.844623 2.242929
v 0.395942 1.844623 2.215679
v 0.423193 1.844623 2.312302
v 0.324604 1.844623 2.343064
v 0.324604 1.836257 2.343064
v 0.295809 1.836257 2.240963
v 0.397910 1.836257 2.212167
v 0.426705 1.836257 2.314268
v 0.295809 1.844623 2.240963
v 0.397910 1.844623 2.212167
v 0.426705 1.844623 2.314268
v 0.299321 1.957649 2.242929
v 0.395942 1.957649 2.215679
v 0.326571 1.957649 2.339552
v 0.423193 1.957649 2.312302
v 0.986097 1.477220 2.093920
v 0.930304 1.477220 2.110763
v 0.974736 1.477220 2.058957
v 0.919699 1.477220 2.078124
v 1.650923 1.871718 1.650923
v 1.650923 1.949486 1.650923
v 1.610378 1.871718 1.610378
v 1.610378 1.949486 1.610378
v 1.169782 1.508593 1.992458
v 1.111066 1.508593 2.037031
v 1.111178 0.973134 2.036950
v 1.169761 0.973134 1.992473
v 1.144229 1.508593 1.957286
v 1.083692 1.508593 1.999354
v 1.083804 0.973134 1.999274
v 1.144207 0.973134 1.957302
v 1.111072 1.467389 2.037026
v 1.169781 1.467389 1.992459
v 1.083699 1.467389 1.999350
v 1.144227 1.467389 1.957287
v 1.184887 1.508593 1.991012
v 1.105346 1.508593 2.051395
v 1.533457 1.508593 1.728232
v 1.593993 1.508593 1.686164
v 1.150271 1.508593 1.943367
v 1.068264 1.508593 2.000355
v 1.105355 1.460440 2.051389
v 1.184886 1.460440 1.991013
v 1.068272 1.460440 2.000349
v 1.150269 1.460440 1.943368
v 1.022049 0.972445 2.019617
v 1.022049 1.863816 2.019617
v 1.010628 0.972445 2.031974
v 1.010628 1.863816 2.031974
v 1.004803 0.972445 2.047760
v 1.004803 1.863816 2.047760
v 1.005465 0.972445 2.064576
v 1.005465 1.863816 2.064576
v 1.012509 0.972445 2.079856
v 1.012509 1.863816 2.079856
v 1.024866 0.972445 2.091279
v 1.024866 1.863816 2.091279
v 1.040652 0.972445 2.097102
v 1.040652 1.863816 2.097102
v 1.057465 0.972445 2.096440
v 1.057465 1.863816 2.096440
v 1.072747 0.972445 2.089396
v 1.072747 1.863816 2.089396
v 1.084168 0.972445 2.077039
v 1.084168 1.863816 2.077039
v 1.089992 0.972445 2.061254
v 1.089992 1.863816 2.061254
v 1.089332 0.972445 2.044441
v 1.089332 1.863816 2.044441
v 1.082287 0.972445 2.029159
v 1.082287 1.863816 2.029159
v 1.069932 0.972445 2.017738
v 1.069932 1.863816 2.017738
v 1.054144 0.972445 2.011913
v 1.054144 1.863816 2.011913
v 1.037331 0.972445 2.012573
v 1.037331 1.863816 2.012573
v 1.328756 1.742278 1.828876
v 1.328038 1.808058 1.827888
v 1.349647 1.808058 1.857630
v 1.348928 1.742278 1.856641
v 1.593881 0.973134 1.686245
v 1.533479 0.973134 1.728217
v 1.114346 1.562187 2.028587
v 1.160835 1.549468 1.993299
v 1.507904 1.508593 1.693061
v 1.566619 1.508593 1.648487
v 1.566508 0.973134 1.648569
v 1.507925 0.973134 1.693045
v 1.593987 1.467389 1.686168
v 1.533458 1.467389 1.728231
v 1.566614 1.467389 1.648492
v 1.507905 1.467389 1.693060
v 1.213091 1.690652 1.955333
v 1.178656 1.740601 1.981863
v 1.268862 1.727402 1.914813
v 1.253417 1.790106 1.927545
v 1.177627 1.627832 1.981100
v 1.136180 1.664940 2.012722
v 1.092737 1.562187 1.998846
v 1.140663 1.549468 1.965535
v 1.527414 1.508593 1.742151
v 1.609422 1.508593 1.685163
v 1.492798 1.508593 1.694506
v 1.572339 1.508593 1.634123
v 1.609414 1.460440 1.685169
v 1.527416 1.460440 1.742150
v 1.192920 1.690652 1.927569
v 1.157048 1.740601 1.952121
v 1.248690 1.727402 1.887049
v 1.231809 1.790106 1.897804
v 1.572331 1.460440 1.634129
v 1.492800 1.460440 1.694505
v 1.584949 1.562187 1.686674
v 1.537022 1.549468 1.719983
v 1.484766 1.690652 1.757950
v 1.520638 1.740601 1.733398
v 1.428995 1.727402 1.798469
v 1.445877 1.790106 1.787715
v 1.520231 1.627832 1.732184
v 1.563114 1.664940 1.702537
v 1.563341 1.562187 1.656932
v 1.516851 1.549468 1.692219
v 1.464595 1.690652 1.730186
v 1.499030 1.740601 1.703656
v 1.408824 1.727402 1.770705
v 1.424268 1.790106 1.757974
v 1.500059 1.627832 1.704420
v 1.541505 1.664940 1.672796
v 1.157456 1.627832 1.953336
v 1.114572 1.664940 1.982981
v 1.114404 1.477220 2.028544
v 1.160824 1.477220 1.993307
v 1.092795 1.477220 1.998803
v 1.140652 1.477220 1.965543
v 1.033549 1.844623 2.124130
v 0.977775 1.844623 2.040657
v 1.061246 1.844623 1.984883
v 1.117021 1.844623 2.068356
v 1.032763 1.844623 2.128078
v 1.032763 1.836257 2.128078
v 0.973826 1.836257 2.039872
v 1.062032 1.836257 1.980935
v 1.120969 1.836257 2.069141
v 0.973826 1.844623 2.039872
v 1.062032 1.844623 1.980935
v 1.120969 1.844623 2.069141
v 0.977775 1.957649 2.040657
v 1.061246 1.957649 1.984883
v 1.033549 1.957649 2.124130
v 1.117021 1.957649 2.068356
v 1.584890 1.477220 1.686716
v 1.537034 1.477220 1.719975
v 1.563282 1.477220 1.656974
v 1.516862 1.477220 1.692211
v 2.080284 1.871718 1.059958
v 2.080284 1.949486 1.059958
v 2.029194 1.871718 1.033926
v 2.029194 1.949486 1.033926
v 1.728232 1.508593 1.533458
v 1.686164 1.508593 1.593993
v 1.686245 0.973134 1.593882
v 1.728217 0.973134 1.533479
v 1.693061 1.508593 1.507904
v 1.648487 1.508593 1.566620
v 1.648569 0.973134 1.566509
v 1.693045 0.973134 1.507926
v 1.686168 1.467389 1.593987
v 1.728231 1.467389 1.533459
v 1.648492 1.467389 1.566614
v 1.693060 1.467389 1.507905
v 1.742151 1.508593 1.527415
v 1.685163 1.508593 1.609422
v 1.992458 1.508593 1.169783
v 2.037031 1.508593 1.111066
v 1.694506 1.508593 1.492798
v 1.634123 1.508593 1.572340
v 1.685169 1.460440 1.609414
v 1.742150 1.460440 1.527416
v 1.634129 1.460440 1.572331
v 1.694505 1.460440 1.492800
v 1.596123 0.972445 1.604940
v 1.596123 1.863816 1.604940
v 1.589079 0.972445 1.620221
v 1.589079 1.863816 1.620221
v 1.588417 0.972445 1.637034
v 1.588417 1.863816 1.637034
v 1.594244 0.972445 1.652823
v 1.594244 1.863816 1.652823
v 1.605664 0.972445 1.665178
v 1.605664 1.863816 1.665178
v 1.620947 0.972445 1.672224
v 1.620947 1.863816 1.672224
v 1.637759 0.972445 1.672883
v 1.637759 1.863816 1.672883
v 1.653545 0.972445 1.667058
v 1.653545 1.863816 1.667058
v 1.665902 0.972445 1.655638
v 1.665902 1.863816 1.655638
v 1.672946 0.972445 1.640356
v 1.672946 1.863816 1.640356
v 1.673607 0.972445 1.623543
v 1.673607 1.863816 1.623543
v 1.667784 0.972445 1.607757
v 1.667784 1.863816 1.607757
v 1.656360 0.972445 1.595400
v 1.656360 1.863816 1.595400
v 1.641081 0.972445 1.588356
v 1.641081 1.863816 1.588356
v 1.624266 0.972445 1.587694
v 1.624266 1.863816 1.587694
v 1.608479 0.972445 1.593519
v 1.608479 1.863816 1.593519
v 1.828877 1.742278 1.328757
v 1.827888 1.808058 1.328039
v 1.857630 1.808058 1.349647
v 1.856641 1.742278 1.348929
v 2.036950 0.973134 1.111178
v 1.992473 0.973134 1.169761
v 1.686674 1.562187 1.584949
v 1.719983 1.549468 1.537023
v 1.957286 1.508593 1.144229
v 1.999354 1.508593 1.083693
v 1.999274 0.973134 1.083805
v 1.957302 0.973134 1.144207
v 2.037026 1.467389 1.111073
v 1.992459 1.467389 1.169781
v 1.999350 1.467389 1.083699
v 1.957287 1.467389 1.144228
v 1.757950 1.690652 1.484767
v 1.733398 1.740601 1.520639
v 1.798469 1.727402 1.428996
v 1.787715 1.790106 1.445877
v 1.732184 1.627832 1.520231
v 1.702537 1.664940 1.563114
v 1.656932 1.562187 1.563341
v 1.692219 1.549468 1.516851
v 1.991012 1.508593 1.184888
v 2.051395 1.508593 1.105347
v 1.943367 1.508593 1.150272
v 2.000355 1.508593 1.068264
v 2.051389 1.460440 1.105356
v 1.991013 1.460440 1.184886
v 1.730186 1.690652 1.464595
v 1.703656 1.740601 1.499030
v 1.770705 1.727402 1.408824
v 1.757974 1.790106 1.424269
v 2.000349 1.460440 1.068273
v 1.943368 1.460440 1.150270
v 2.028587 1.562187 1.114346
v 1.993299 1.549468 1.160835
v 1.955333 1.690652 1.213092
v 1.981863 1.740601 1.178657
v 1.914813 1.727402 1.268862
v 1.927545 1.790106 1.253418
v 1.981100 1.627832 1.177628
v 2.012723 1.664940 1.136181
v 1.998846 1.562187 1.092738
v 1.965535 1.549468 1.140664
v 1.927569 1.690652 1.192920
v 1.952121 1.740601 1.157048
v 1.887049 1.727402 1.248691
v 1.897804 1.790106 1.231809
v 1.953336 1.627832 1.157456
v 1.982981 1.664940 1.114573
v 1.704420 1.627832 1.500060
v 1.672796 1.664940 1.541506
v 1.686716 1.477220 1.584891
v 1.719975 1.477220 1.537034
v 1.656974 1.477220 1.563282
v 1.692211 1.477220 1.516862
v 1.639356 1.844623 1.700783
v 1.560517 1.844623 1.638632
v 1.622668 1.844623 1.559793
v 1.701507 1.844623 1.621945
v 1.639829 1.844623 1.704781
v 1.639829 1.836257 1.704781
v 1.556519 1.836257 1.639105
v 1.622195 1.836257 1.555796
v 1.705504 1.836257 1.621472
v 1.556519 1.844623 1.639105
v 1.622195 1.844623 1.555796
v 1.705504 1.844623 1.621472
v 1.560517 1.957649 1.638632
v 1.622668 1.957649 1.559793
v 1.639356 1.957649 1.700783
v 1.701507 1.957649 1.621945
v 2.028544 1.477220 1.114404
v 1.993307 1.477220 1.160824
v 1.998803 1.477220 1.092796
v 1.965543 1.477220 1.140652
v 2.306013 1.871718 0.365237
v 2.306013 1.949486 0.365237
v 2.249380 1.871718 0.356267
v 2.249380 1.949486 0.356267
v 2.117511 1.508593 0.924351
v 2.096208 1.508593 0.994924
v 2.096251 0.973134 0.994793
v 2.117503 0.973134 0.924377
v 2.076164 1.508593 0.910917
v 2.051917 1.508593 0.980533
v 2.051960 0.973134 0.980402
v 2.076156 0.973134 0.910942
v 2.096210 1.467389 0.994917
v 2.117511 1.467389 0.924353
v 2.051919 1.467389 0.980526
v 2.076164 1.467389 0.910919
v 2.128881 1.508593 0.914303
v 2.100024 1.508593 1.009907
v 2.256422 1.508593 0.496826
v 2.280670 1.508593 0.427209
v 2.072871 1.508593 0.896104
v 2.040023 1.508593 0.990412
v 2.100028 1.460440 1.009897
v 2.128881 1.460440 0.914305
v 2.040026 1.460440 0.990402
v 2.072871 1.460440 0.896106
v 2.013957 0.972445 1.033159
v 2.013957 1.863816 1.033159
v 2.011980 0.972445 1.049869
v 2.011980 1.863816 1.049869
v 2.016546 0.972445 1.066064
v 2.016546 1.863816 1.066064
v 2.026966 0.972445 1.079279
v 2.026966 1.863816 1.079279
v 2.041646 0.972445 1.087500
v 2.041646 1.863816 1.087500
v 2.058357 0.972445 1.089479
v 2.058357 1.863816 1.089479
v 2.074551 0.972445 1.084911
v 2.074551 1.863816 1.084911
v 2.087764 0.972445 1.074493
v 2.087764 1.863816 1.074493
v 2.095987 0.972445 1.059813
v 2.095987 1.863816 1.059813
v 2.097964 0.972445 1.043102
v 2.097964 1.863816 1.043102
v 2.093397 0.972445 1.026908
v 2.093397 1.863816 1.026908
v 2.082981 0.972445 1.013694
v 2.082981 1.863816 1.013694
v 2.068298 0.972445 1.005472
v 2.068298 1.863816 1.005472
v 2.051590 0.972445 1.003494
v 2.051590 1.863816 1.003494
v 2.035393 0.972445 1.008061
v 2.035393 1.863816 1.008061
v 2.022179 0.972445 1.018478
v 2.022179 1.863816 1.018478
v 2.149973 1.742278 0.698569
v 2.148812 1.808058 0.698191
v 2.183774 1.808058 0.709551
v 2.182612 1.742278 0.709174
v 2.280627 0.973134 0.427341
v 2.256431 0.973134 0.496800
v 2.093898 1.562187 0.986165
v 2.110767 1.549468 0.930291
v 2.215076 1.508593 0.483391
v 2.236378 1.508593 0.412818
v 2.236336 0.973134 0.412950
v 2.215084 0.973134 0.483366
v 2.280667 1.467389 0.427217
v 2.256423 1.467389 0.496824
v 2.236377 1.467389 0.412826
v 2.215076 1.467389 0.483390
v 2.130728 1.690652 0.868861
v 2.118463 1.740601 0.910564
v 2.152030 1.727402 0.803298
v 2.147019 1.790106 0.822676
v 2.117182 1.627832 0.910551
v 2.102238 1.664940 0.960497
v 2.058935 1.562187 0.974805
v 2.078128 1.549468 0.919686
v 2.259715 1.508593 0.511638
v 2.292563 1.508593 0.417331
v 2.203705 1.508593 0.493440
v 2.232563 1.508593 0.397836
v 2.292561 1.460440 0.417341
v 2.259716 1.460440 0.511636
v 2.098089 1.690652 0.858256
v 2.083499 1.740601 0.899203
v 2.119391 1.727402 0.792693
v 2.112056 1.790106 0.811316
v 2.232559 1.460440 0.397846
v 2.203706 1.460440 0.493438
v 2.273653 1.562187 0.432938
v 2.254458 1.549468 0.488056
v 2.234499 1.690652 0.549487
v 2.249088 1.740601 0.508540
v 2.213195 1.727402 0.615050
v 2.220531 1.790106 0.596427
v 2.248045 1.627832 0.507797
v 2.265312 1.664940 0.458606
v 2.238690 1.562187 0.421578
v 2.221819 1.549468 0.477451
v 2.201860 1.690652 0.538882
v 2.214125 1.740601 0.497179
v 2.180557 1.727402 0.604445
v 2.185569 1.790106 0.585066
v 2.215406 1.627832 0.497192
v 2.230349 1.664940 0.447246
v 2.084543 1.627832 0.899946
v 2.067275 1.664940 0.949136
v 2.093920 1.477220 0.986097
v 2.110763 1.477220 0.930304
v 2.058957 1.477220 0.974736
v 2.078124 1.477220 0.919699
v 2.084691 1.844623 1.110952
v 1.990505 1.844623 1.076205
v 2.025251 1.844623 0.982019
v 2.119438 1.844623 1.016766
v 2.086376 1.844623 1.114608
v 2.086376 1.836257 1.114608
v 1.986849 1.836257 1.077890
v 2.023566 1.836257 0.978364
v 2.123093 1.836257 1.015081
v 1.986849 1.844623 1.077890
v 2.023566 1.844623 0.978364
v 2.123093 1.844623 1.015081
v 1.990505 1.957649 1.076205
v 2.025251 1.957649 0.982019
v 2.084691 1.957649 1.110952
v 2.119438 1.957649 1.016766
v 2.273630 1.477220 0.433007
v 2.254462 1.477220 0.488043
v 2.238667 1.477220 0.421646
v 2.221824 1.477220 0.477438
v 2.299513 1.508593 0.224764
v 2.301061 1.508593 0.298466
v 2.301061 0.973134 0.298327
v 2.299513 0.973134 0.224790
v 2.256039 1.508593 0.224764
v 2.254490 1.508593 0.298465
v 2.254491 0.973134 0.298327
v 2.256039 0.973134 0.224790
v 2.301061 1.467389 0.298458
v 2.299513 1.467389 0.224765
v 2.254491 1.467389 0.298458
v 2.256039 1.467389 0.224765
v 2.307222 1.508593 0.211693
v 2.309320 1.508593 0.311536
v 2.248329 1.508593 0.211693
v 2.246232 1.508593 0.311536
v 2.309320 1.460440 0.311525
v 2.307222 1.460440 0.211695
v 2.246232 1.460440 0.311525
v 2.248330 1.460440 0.211695
v 2.234650 0.972445 0.360246
v 2.234650 1.863816 0.360246
v 2.237934 0.972445 0.376749
v 2.237934 1.863816 0.376749
v 2.247281 0.972445 0.390740
v 2.247281 1.863816 0.390740
v 2.261275 0.972445 0.400089
v 2.261275 1.863816 0.400089
v 2.277777 0.972445 0.403371
v 2.277777 1.863816 0.403371
v 2.294282 0.972445 0.400089
v 2.294282 1.863816 0.400089
v 2.308271 0.972445 0.390740
v 2.308271 1.863816 0.390740
v 2.317618 0.972445 0.376749
v 2.317618 1.863816 0.376749
v 2.320903 0.972445 0.360246
v 2.320903 1.863816 0.360246
v 2.317619 0.972445 0.343743
v 2.317619 1.863816 0.343743
v 2.308271 0.972445 0.329752
v 2.308271 1.863816 0.329752
v 2.294281 0.972445 0.320404
v 2.294281 1.863816 0.320404
v 2.277776 0.972445 0.317121
v 2.277776 1.863816 0.317121
v 2.261275 0.972445 0.320404
v 2.261275 1.863816 0.320404
v 2.247282 0.972445 0.329752
v 2.247282 1.863816 0.329752
v 2.237934 0.972445 0.343743
v 2.237934 1.863816 0.343743
v 2.260616 1.742278 0.000000
v 2.259394 1.808058 0.000000
v 2.296157 1.808058 0.000000
v 2.294934 1.742278 0.000000
v 2.296158 1.562187 0.290849
v 2.294935 1.549468 0.232497
v 2.294936 1.690652 0.167904
v 2.296158 1.740601 0.211357
v 2.294935 1.727402 0.098968
v 2.296157 1.790106 0.118947
v 2.294936 1.627832 0.211741
v 2.296157 1.664940 0.263860
v 2.259396 1.562187 0.290849
v 2.260617 1.549468 0.232497
v 2.260617 1.690652 0.167904
v 2.259395 1.740601 0.211357
v 2.260617 1.727402 0.098968
v 2.259395 1.790106 0.118947
v 2.260618 1.627832 0.211740
v 2.259395 1.664940 0.263859
v 2.296157 1.477220 0.290777
v 2.294935 1.477220 0.232511
v 2.259395 1.477220 0.290777
v 2.260617 1.477220 0.232511
v 2.339552 1.844623 0.326571
v 2.242929 1.844623 0.299321
v 2.215679 1.844623 0.395943
v 2.312301 1.844623 0.423193
v 2.343064 1.844623 0.324604
v 2.343064 1.836257 0.324604
v 2.240963 1.836257 0.295809
v 2.212167 1.836257 0.397910
v 2.314268 1.836257 0.426705
v 2.240963 1.844623 0.295809
v 2.212167 1.844623 0.397910
v 2.314268 1.844623 0.426705
v 2.242929 1.957649 0.299321
v 2.215679 1.957649 0.395943
v 2.339552 1.957649 0.326571
v 2.312301 1.957649 0.423193
v 0.365236 1.871718 -2.306012
v 0.365236 1.949486 -2.306012
v 0.356267 1.871718 -2.249380
v 0.356267 1.949486 -2.249380
v 0.224764 1.508593 -2.299513
v 0.298465 1.508593 -2.301061
v 0.298327 0.973134 -2.301061
v 0.224790 0.973134 -2.299513
v 0.224764 1.508593 -2.256038
v 0.298465 1.508593 -2.254490
v 0.298327 0.973134 -2.254490
v 0.224790 0.973134 -2.256038
v 0.298458 1.467389 -2.301061
v 0.224765 1.467389 -2.299513
v 0.298458 1.467389 -2.254490
v 0.224765 1.467389 -2.256038
v 0.211693 1.508593 -2.307222
v 0.311536 1.508593 -2.309319
v 0.211693 1.508593 -2.248329
v 0.311536 1.508593 -2.246231
v 0.311525 1.460440 -2.309320
v 0.211695 1.460440 -2.307222
v 0.311525 1.460440 -2.246231
v 0.211695 1.460440 -2.248329
v 0.290849 1.562187 -2.296157
v 0.232497 1.549468 -2.294935
v 0.167904 1.690652 -2.294935
v 0.211357 1.740601 -2.296157
v 0.098968 1.727402 -2.294935
v 0.118947 1.790106 -2.296157
v 0.211741 1.627832 -2.294935
v 0.263859 1.664940 -2.296157
v 0.290849 1.562187 -2.259395
v 0.232497 1.549468 -2.260616
v 0.167904 1.690652 -2.260617
v 0.211357 1.740601 -2.259394
v 0.098968 1.727402 -2.260616
v 0.118946 1.790106 -2.259394
v 0.211741 1.627832 -2.260617
v 0.263859 1.664940 -2.259394
v 0.290777 1.477220 -2.296157
v 0.232511 1.477220 -2.294935
v 0.290777 1.477220 -2.259394
v 0.232511 1.477220 -2.260616
v 1.059958 1.871718 -2.080284
v 1.059958 1.949486 -2.080284
v 1.033926 1.871718 -2.029195
v 1.033926 1.949486 -2.029195
v 0.496826 1.508593 -2.256423
v 0.427209 1.508593 -2.280670
v 0.427341 0.973134 -2.280627
v 0.496800 0.973134 -2.256431
v 0.483391 1.508593 -2.215076
v 0.412818 1.508593 -2.236378
v 0.412950 0.973134 -2.236336
v 0.483366 0.973134 -2.215084
v 0.427217 1.467389 -2.280667
v 0.496824 1.467389 -2.256423
v 0.412826 1.467389 -2.236377
v 0.483390 1.467389 -2.215077
v 0.511638 1.508593 -2.259715
v 0.417331 1.508593 -2.292563
v 0.924351 1.508593 -2.117511
v 0.994924 1.508593 -2.096208
v 0.493440 1.508593 -2.203705
v 0.397836 1.508593 -2.232563
v 0.417341 1.460440 -2.292561
v 0.511636 1.460440 -2.259716
v 0.397845 1.460440 -2.232560
v 0.493438 1.460440 -2.203706
v 0.347930 0.972445 -2.236601
v 0.347930 1.863816 -2.236601
v 0.333250 0.972445 -2.244824
v 0.333250 1.863816 -2.244824
v 0.322832 0.972445 -2.258037
v 0.322832 1.863816 -2.258037
v 0.318266 0.972445 -2.274235
v 0.318266 1.863816 -2.274235
v 0.320243 0.972445 -2.290943
v 0.320243 1.863816 -2.290943
v 0.328465 0.972445 -2.305626
v 0.328465 1.863816 -2.305626
v 0.341679 0.972445 -2.316042
v 0.341679 1.863816 -2.316042
v 0.357873 0.972445 -2.320608
v 0.357873 1.863816 -2.320608
v 0.374584 0.972445 -2.318631
v 0.374584 1.863816 -2.318631
v 0.389264 0.972445 -2.310408
v 0.389264 1.863816 -2.310408
v 0.399682 0.972445 -2.297195
v 0.399682 1.863816 -2.297195
v 0.404250 0.972445 -2.281001
v 0.404250 1.863816 -2.281001
v 0.402271 0.972445 -2.264290
v 0.402271 1.863816 -2.264290
v 0.394050 0.972445 -2.249610
v 0.394050 1.863816 -2.249610
v 0.380835 0.972445 -2.239191
v 0.380835 1.863816 -2.239191
v 0.364641 0.972445 -2.234624
v 0.364641 1.863816 -2.234624
v 0.698569 1.742278 -2.149973
v 0.698191 1.808058 -2.148812
v 0.709551 1.808058 -2.183775
v 0.709174 1.742278 -2.182612
v 0.994793 0.973134 -2.096251
v 0.924377 0.973134 -2.117503
v 0.432938 1.562187 -2.273653
v 0.488056 1.549468 -2.254458
v 0.910917 1.508593 -2.076165
v 0.980533 1.508593 -2.051917
v 0.980402 0.973134 -2.051960
v 0.910942 0.973134 -2.076156
v 0.994917 1.467389 -2.096210
v 0.924353 1.467389 -2.117511
v 0.980526 1.467389 -2.051920
v 0.910919 1.467389 -2.076164
v 0.549487 1.690652 -2.234499
v 0.508539 1.740601 -2.249088
v 0.615050 1.727402 -2.213195
v 0.596427 1.790106 -2.220532
v 0.507797 1.627832 -2.248045
v 0.458606 1.664940 -2.265312
v 0.421578 1.562187 -2.238690
v 0.477451 1.549468 -2.221819
v 0.914303 1.508593 -2.128882
v 1.009907 1.508593 -2.100024
v 0.896104 1.508593 -2.072871
v 0.990412 1.508593 -2.040023
v 1.009897 1.460440 -2.100028
v 0.914305 1.460440 -2.128881
v 0.538882 1.690652 -2.201860
v 0.497179 1.740601 -2.214125
v 0.604445 1.727402 -2.180557
v 0.585066 1.790106 -2.185569
v 0.990402 1.460440 -2.040026
v 0.896106 1.460440 -2.072871
v 0.986165 1.562187 -2.093898
v 0.930291 1.549468 -2.110767
v 0.868861 1.690652 -2.130728
v 0.910564 1.740601 -2.118463
v 0.803298 1.727402 -2.152030
v 0.822676 1.790106 -2.147019
v 0.910551 1.627832 -2.117182
v 0.960497 1.664940 -2.102238
v 0.974805 1.562187 -2.058935
v 0.919686 1.549468 -2.078129
v 0.858256 1.690652 -2.098089
v 0.899203 1.740601 -2.083499
v 0.792693 1.727402 -2.119391
v 0.811316 1.790106 -2.112056
v 0.899946 1.627832 -2.084544
v 0.949136 1.664940 -2.067275
v 0.497192 1.627832 -2.215406
v 0.447246 1.664940 -2.230349
v 0.433006 1.477220 -2.273630
v 0.488043 1.477220 -2.254462
v 0.421646 1.477220 -2.238667
v 0.477438 1.477220 -2.221824
v 0.326571 1.844623 -2.339552
v 0.299321 1.844623 -2.242929
v 0.395942 1.844623 -2.215679
v 0.423193 1.844623 -2.312302
v 0.324604 1.844623 -2.343064
v 0.324604 1.836257 -2.343064
v 0.295809 1.836257 -2.240963
v 0.397910 1.836257 -2.212167
v 0.426705 1.836257 -2.314268
v 0.295809 1.844623 -2.240963
v 0.397910 1.844623 -2.212167
v 0.426705 1.844623 -2.314268
v 0.299321 1.957649 -2.242929
v 0.395942 1.957649 -2.215679
v 0.326571 1.957649 -2.339552
v 0.423193 1.957649 -2.312302
v 0.986097 1.477220 -2.093920
v 0.930304 1.477220 -2.110763
v 0.974736 1.477220 -2.058957
v 0.919699 1.477220 -2.078124
v 1.650923 1.871718 -1.650923
v 1.650923 1.949486 -1.650923
v 1.610378 1.871718 -1.610378
v 1.610378 1.949486 -1.610378
v 1.169782 1.508593 -1.992458
v 1.111066 1.508593 -2.037031
v 1.111178 0.973134 -2.036950
v 1.169761 0.973134 -1.992473
v 1.144229 1.508593 -1.957286
v 1.083692 1.508593 -1.999354
v 1.083804 0.973134 -1.999274
v 1.144207 0.973134 -1.957302
v 1.111072 1.467389 -2.037026
v 1.169781 1.467389 -1.992459
v 1.083699 1.467389 -1.999350
v 1.144227 1.467389 -1.957287
v 1.184887 1.508593 -1.991012
v 1.105346 1.508593 -2.051395
v 1.533457 1.508593 -1.728232
v 1.593993 1.508593 -1.686164
v 1.150271 1.508593 -1.943367
v 1.068264 1.508593 -2.000355
v 1.105355 1.460440 -2.051389
v 1.184886 1.460440 -1.991013
v 1.068272 1.460440 -2.000349
v 1.150269 1.460440 -1.943368
v 1.022049 0.972445 -2.019617
v 1.022049 1.863816 -2.019617
v 1.010628 0.972445 -2.031974
v 1.010628 1.863816 -2.031974
v 1.004803 0.972445 -2.047760
v 1.004803 1.863816 -2.047760
v 1.005465 0.972445 -2.064576
v 1.005465 1.863816 -2.064576
v 1.012509 0.972445 -2.079856
v 1.012509 1.863816 -2.079856
v 1.024866 0.972445 -2.091279
v 1.024866 1.863816 -2.091279
v 1.040652 0.972445 -2.097102
v 1.040652 1.863816 -2.097102
v 1.057465 0.972445 -2.096440
v 1.057465 1.863816 -2.096440
v 1.072747 0.972445 -2.089396
v 1.072747 1.863816 -2.089396
v 1.084168 0.972445 -2.077039
v 1.084168 1.863816 -2.077039
v 1.089992 0.972445 -2.061254
v 1.089992 1.863816 -2.061254
v 1.089332 0.972445 -2.044441
v 1.089332 1.863816 -2.044441
v 1.082287 0.972445 -2.029159
v 1.082287 1.863816 -2.029159
v 1.069932 0.972445 -2.017738
v 1.069932 1.863816 -2.017738
v 1.054144 0.972445 -2.011913
v 1.054144 1.863816 -2.011913
v 1.037331 0.972445 -2.012573
v 1.037331 1.863816 -2.012573
v 1.328756 1.742278 -1.828876
v 1.328038 1.808058 -1.827888
v 1.349647 1.808058 -1.857630
v 1.348928 1.742278 -1.856641
v 1.593881 0.973134 -1.686245
v 1.533479 0.973134 -1.728217
v 1.114346 1.562187 -2.028587
v 1.160835 1.549468 -1.993299
v 1.507904 1.508593 -1.693061
v 1.566619 1.508593 -1.648487
v 1.566508 0.973134 -1.648569
v 1.507925 0.973134 -1.693045
v 1.593987 1.467389 -1.686168
v 1.533458 1.467389 -1.728231
v 1.566614 1.467389 -1.648492
v 1.507905 1.467389 -1.693060
v 1.213091 1.690652 -1.955333
v 1.178656 1.740601 -1.981863
v 1.268862 1.727402 -1.914813
v 1.253417 1.790106 -1.927545
v 1.177627 1.627832 -1.981100
v 1.136180 1.664940 -2.012722
v 1.092737 1.562187 -1.998846
v 1.140663 1.549468 -1.965535
v 1.527414 1.508593 -1.742151
v 1.609422 1.508593 -1.685163
v 1.492798 1.508593 -1.694506
v 1.572339 1.508593 -1.634123
v 1.609414 1.460440 -1.685169
v 1.527416 1.460440 -1.742150
v 1.192920 1.690652 -1.927569
v 1.157048 1.740601 -1.952121
v 1.248690 1.727402 -1.887049
v 1.231809 1.790106 -1.897804
v 1.572331 1.460440 -1.634129
v 1.492800 1.460440 -1.694505
v 1.584949 1.562187 -1.686674
v 1.537022 1.549468 -1.719983
v 1.484766 1.690652 -1.757950
v 1.520638 1.740601 -1.733398
v 1.428995 1.727402 -1.798469
v 1.445877 1.790106 -1.787715
v 1.520231 1.627832 -1.732184
v 1.563114 1.664940 -1.702537
v 1.563341 1.562187 -1.656932
v 1.516851 1.549468 -1.692219
v 1.464595 1.690652 -1.730186
v 1.499030 1.740601 -1.703656
v 1.408824 1.727402 -1.770705
v 1.424268 1.790106 -1.757974
v 1.500059 1.627832 -1.704420
v 1.541505 1.664940 -1.672796
v 1.157456 1.627832 -1.953336
v 1.114572 1.664940 -1.982981
v 1.114404 1.477220 -2.028544
v 1.160824 1.477220 -1.993307
v 1.092795 1.477220 -1.998803
v 1.140652 1.477220 -1.965543
v 1.033549 1.844623 -2.124130
v 0.977775 1.844623 -2.040657
v 1.061246 1.844623 -1.984883
v 1.117021 1.844623 -2.068356
v 1.032763 1.844623 -2.128078
v 1.032763 1.836257 -2.128078
v 0.973826 1.836257 -2.039872
v 1.062032 1.836257 -1.980935
v 1.120969 1.836257 -2.069141
v 0.973826 1.844623 -2.039872
v 1.062032 1.844623 -1.980935
v 1.120969 1.844623 -2.069141
v 0.977775 1.957649 -2.040657
v 1.061246 1.957649 -1.984883
v 1.033549 1.957649 -2.124130
v 1.117021 1.957649 -2.068356
v 1.584890 1.477220 -1.686716
v 1.537034 1.477220 -1.719975
v 1.563282 1.477220 -1.656974
v 1.516862 1.477220 -1.692211
v 2.080284 1.871718 -1.059958
v 2.080284 1.949486 -1.059958
v 2.029194 1.871718 -1.033926
v 2.029194 1.949486 -1.033926
v 1.728232 1.508593 -1.533458
v 1.686164 1.508593 -1.593993
v 1.686245 0.973134 -1.593882
v 1.728217 0.973134 -1.533479
v 1.693061 1.508593 -1.507904
v 1.648487 1.508593 -1.566620
v 1.648569 0.973134 -1.566509
v 1.693045 0.973134 -1.507926
v 1.686168 1.467389 -1.593987
v 1.728231 1.467389 -1.533459
v 1.648492 1.467389 -1.566614
v 1.693060 1.467389 -1.507905
v 1.742151 1.508593 -1.527415
v 1.685163 1.508593 -1.609422
v 1.992458 1.508593 -1.169783
v 2.037031 1.508593 -1.111066
v 1.694506 1.508593 -1.492798
v 1.634123 1.508593 -1.572340
v 1.685169 1.460440 -1.609414
v 1.742150 1.460440 -1.527416
v 1.634129 1.460440 -1.572331
v 1.694505 1.460440 -1.492800
v 1.596123 0.972445 -1.604940
v 1.596123 1.863816 -1.604940
v 1.589079 0.972445 -1.620221
v 1.589079 1.863816 -1.620221
v 1.588417 0.972445 -1.637034
v 1.588417 1.863816 -1.637034
v 1.594244 0.972445 -1.652823
v 1.594244 1.863816 -1.652823
v 1.605664 0.972445 -1.665178
v 1.605664 1.863816 -1.665178
v 1.620947 0.972445 -1.672224
v 1.620947 1.863816 -1.672224
v 1.637759 0.972445 -1.672883
v 1.637759 1.863816 -1.672883
v 1.653545 0.972445 -1.667058
v 1.653545 1.863816 -1.667058
v 1.665902 0.972445 -1.655638
v 1.665902 1.863816 -1.655638
v 1.672946 0.972445 -1.640356
v 1.672946 1.863816 -1.640356
v 1.673607 0.972445 -1.623543
v 1.673607 1.863816 -1.623543
v 1.667784 0.972445 -1.607757
v 1.667784 1.863816 -1.607757
v 1.656360 0.972445 -1.595400
v 1.656360 1.863816 -1.595400
v 1.641081 0.972445 -1.588356
v 1.641081 1.863816 -1.588356
v 1.624266 0.972445 -1.587694
v 1.624266 1.863816 -1.587694
v 1.608479 0.972445 -1.593519
v 1.608479 1.863816 -1.593519
v 1.828877 1.742278 -1.328757
v 1.827888 1.808058 -1.328039
v 1.857630 1.808058 -1.349647
v 1.856641 1.742278 -1.348929
v 2.036950 0.973134 -1.111178
v 1.992473 0.973134 -1.169761
v 1.686674 1.562187 -1.584949
v 1.719983 1.549468 -1.537023
v 1.957286 1.508593 -1.144229
v 1.999354 1.508593 -1.083693
v 1.999274 0.973134 -1.083805
v 1.957302 0.973134 -1.144207
v 2.037026 1.467389 -1.111073
v 1.992459 1.467389 -1.169781
v 1.999350 1.467389 -1.083699
v 1.957287 1.467389 -1.144228
v 1.757950 1.690652 -1.484767
v 1.733398 1.740601 -1.520639
v 1.798469 1.727402 -1.428996
v 1.787715 1.790106 -1.445877
v 1.732184 1.627832 -1.520231
v 1.702537 1.664940 -1.563114
v 1.656932 1.562187 -1.563341
v 1.692219 1.549468 -1.516851
v 1.991012 1.508593 -1.184888
v 2.051395 1.508593 -1.105347
v 1.943367 1.508593 -1.150272
v 2.000355 1.508593 -1.068264
v 2.051389 1.460440 -1.105356
v 1.991013 1.460440 -1.184886
v 1.730186 1.690652 -1.464595
v 1.703656 1.740601 -1.499030
v 1.770705 1.727402 -1.408824
v 1.757974 1.790106 -1.424269
v 2.000349 1.460440 -1.068273
v 1.943368 1.460440 -1.150270
v 2.028587 1.562187 -1.114346
v 1.993299 1.549468 -1.160835
v 1.955333 1.690652 -1.213092
v 1.981863 1.740601 -1.178657
v 1.914813 1.727402 -1.268862
v 1.927545 1.790106 -1.253418
v 1.981100 1.627832 -1.177628
v 2.012723 1.664940 -1.136181
v 1.998846 1.562187 -1.092738
v 1.965535 1.549468 -1.140664
v 1.927569 1.690652 -1.192920
v 1.952121 1.740601 -1.157048
v 1.887049 1.727402 -1.248691
v 1.897804 1.790106 -1.231809
v 1.953336 1.627832 -1.157456
v 1.982981 1.664940 -1.114573
v 1.704420 1.627832 -1.500060
v 1.672796 1.664940 -1.541506
v 1.686716 1.477220 -1.584891
v 1.719975 1.477220 -1.537034
v 1.656974 1.477220 -1.563282
v 1.692211 1.477220 -1.516862
v 1.639356 1.844623 -1.700783
v 1.560517 1.844623 -1.638632
v 1.622668 1.844623 -1.559793
v 1.701507 1.844623 -1.621945
v 1.639829 1.844623 -1.704781
v 1.639829 1.836257 -1.704781
v 1.556519 1.836257 -1.639105
v 1.622195 1.836257 -1.555796
v 1.705504 1.836257 -1.621472
v 1.556519 1.844623 -1.639105
v 1.622195 1.844623 -1.555796
v 1.705504 1.844623 -1.621472
v 1.560517 1.957649 -1.638632
v 1.622668 1.957649 -1.559793
v 1.639356 1.957649 -1.700783
v 1.701507 1.957649 -1.621945
v 2.028544 1.477220 -1.114404
v 1.993307 1.477220 -1.160824
v 1.998803 1.477220 -1.092796
v 1.965543 1.477220 -1.140652
v 2.306013 1.871718 -0.365237
v 2.306013 1.949486 -0.365237
v 2.249380 1.871718 -0.356267
v 2.249380 1.949486 -0.356267
v 2.117511 1.508593 -0.924351
v 2.096208 1.508593 -0.994924
v 2.096251 0.973134 -0.994793
v 2.117503 0.973134 -0.924377
v 2.076164 1.508593 -0.910917
v 2.051917 1.508593 -0.980533
v 2.051960 0.973134 -0.980402
v 2.076156 0.973134 -0.910942
v 2.096210 1.467389 -0.994917
v 2.117511 1.467389 -0.924353
v 2.051919 1.467389 -0.980526
v 2.076164 1.467389 -0.910919
v 2.128881 1.508593 -0.914303
v 2.100024 1.508593 -1.009907
v 2.256422 1.508593 -0.496826
v 2.280670 1.508593 -0.427209
v 2.072871 1.508593 -0.896104
v 2.040023 1.508593 -0.990412
v 2.100028 1.460440 -1.009897
v 2.128881 1.460440 -0.914305
v 2.040026 1.460440 -0.990402
v 2.072871 1.460440 -0.896106
v 2.013957 0.972445 -1.033159
v 2.013957 1.863816 -1.033159
v 2.011980 0.972445 -1.049869
v 2.011980 1.863816 -1.049869
v 2.016546 0.972445 -1.066064
v 2.016546 1.863816 -1.066064
v 2.026966 0.972445 -1.079279
v 2.026966 1.863816 -1.079279
v 2.041646 0.972445 -1.087500
v 2.041646 1.863816 -1.087500
v 2.058357 0.972445 -1.089479
v 2.058357 1.863816 -1.089479
v 2.074551 0.972445 -1.084911
v 2.074551 1.863816 -1.084911
v 2.087764 0.972445 -1.074493
v 2.087764 1.863816 -1.074493
v 2.095987 0.972445 -1.059813
v 2.095987 1.863816 -1.059813
v 2.097964 0.972445 -1.043102
v 2.097964 1.863816 -1.043102
v 2.093397 0.972445 -1.026908
v 2.093397 1.863816 -1.026908
v 2.082981 0.972445 -1.013694
v 2.082981 1.863816 -1.013694
v 2.068298 0.972445 -1.005472
v 2.068298 1.863816 -1.005472
v 2.051590 0.972445 -1.003494
v 2.051590 1.863816 -1.003494
v 2.035393 0.972445 -1.008061
v 2.035393 1.863816 -1.008061
v 2.022179 0.972445 -1.018478
v 2.022179 1.863816 -1.018478
v 2.149973 1.742278 -0.698569
v 2.148812 1.808058 -0.698191
v 2.183774 1.808058 -0.709551
v 2.182612 1.742278 -0.709174
v 2.280627 0.973134 -0.427341
v 2.256431 0.973134 -0.496800
v 2.093898 1.562187 -0.986165
v 2.110767 1.549468 -0.930291
v 2.215076 1.508593 -0.483391
v 2.236378 1.508593 -0.412818
v 2.236336 0.973134 -0.412950
v 2.215084 0.973134 -0.483366
v 2.280667 1.467389 -0.427217
v 2.256423 1.467389 -0.496824
v 2.236377 1.467389 -0.412826
v 2.215076 1.467389 -0.483390
v 2.130728 1.690652 -0.868861
v 2.118463 1.740601 -0.910564
v 2.152030 1.727402 -0.803298
v 2.147019 1.790106 -0.822676
v 2.117182 1.627832 -0.910551
v 2.102238 1.664940 -0.960497
v 2.058935 1.562187 -0.974805
v 2.078128 1.549468 -0.919686
v 2.259715 1.508593 -0.511638
v 2.292563 1.508593 -0.417331
v 2.203705 1.508593 -0.493440
v 2.232563 1.508593 -0.397836
v 2.292561 1.460440 -0.417341
v 2.259716 1.460440 -0.511636
v 2.098089 1.690652 -0.858256
v 2.083499 1.740601 -0.899203
v 2.119391 1.727402 -0.792693
v 2.112056 1.790106 -0.811316
v 2.232559 1.460440 -0.397846
v 2.203706 1.460440 -0.493438
v 2.273653 1.562187 -0.432938
v 2.254458 1.549468 -0.488056
v 2.234499 1.690652 -0.549487
v 2.249088 1.740601 -0.508540
v 2.213195 1.727402 -0.615050
v 2.220531 1.790106 -0.596427
v 2.248045 1.627832 -0.507797
v 2.265312 1.664940 -0.458606
v 2.238690 1.562187 -0.421578
v 2.221819 1.549468 -0.477451
v 2.201860 1.690652 -0.538882
v 2.214125 1.740601 -0.497179
v 2.180557 1.727402 -0.604445
v 2.185569 1.790106 -0.585066
v 2.215406 1.627832 -0.497192
v 2.230349 1.664940 -0.447246
v 2.084543 1.627832 -0.899946
v 2.067275 1.664940 -0.949136
v 2.093920 1.477220 -0.986097
v 2.110763 1.477220 -0.930304
v 2.058957 1.477220 -0.974736
v 2.078124 1.477220 -0.919699
v 2.084691 1.844623 -1.110952
v 1.990505 1.844623 -1.076205
v 2.025251 1.844623 -0.982019
v 2.119438 1.844623 -1.016766
v 2.086376 1.844623 -1.114608
v 2.086376 1.836257 -1.114608
v 1.986849 1.836257 -1.077890
v 2.023566 1.836257 -0.978364
v 2.123093 1.836257 -1.015081
v 1.986849 1.844623 -1.077890
v 2.023566 1.844623 -0.978364
v 2.123093 1.844623 -1.015081
v 1.990505 1.957649 -1.076205
v 2.025251 1.957649 -0.982019
v 2.084691 1.957649 -1.110952
v 2.119438 1.957649 -1.016766
v 2.273630 1.477220 -0.433007
v 2.254462 1.477220 -0.488043
v 2.238667 1.477220 -0.421646
v 2.221824 1.477220 -0.477438
v 2.299513 1.508593 -0.224764
v 2.301061 1.508593 -0.298466
v 2.301061 0.973134 -0.298327
v 2.299513 0.973134 -0.224790
v 2.256039 1.508593 -0.224764
v 2.254490 1.508593 -0.298465
v 2.254491 0.973134 -0.298327
v 2.256039 0.973134 -0.224790
v 2.301061 1.467389 -0.298458
v 2.299513 1.467389 -0.224765
v 2.254491 1.467389 -0.298458
v 2.256039 1.467389 -0.224765
v 2.307222 1.508593 -0.211693
v 2.309320 1.508593 -0.311536
v 2.248329 1.508593 -0.211693
v 2.246232 1.508593 -0.311536
v 2.309320 1.460440 -0.311525
v 2.307222 1.460440 -0.211695
v 2.246232 1.460440 -0.311525
v 2.248330 1.460440 -0.211695
v 2.234650 0.972445 -0.360246
v 2.234650 1.863816 -0.360246
v 2.237934 0.972445 -0.376749
v 2.237934 1.863816 -0.376749
v 2.247281 0.972445 -0.390740
v 2.247281 1.863816 -0.390740
v 2.261275 0.972445 -0.400089
v 2.261275 1.863816 -0.400089
v 2.277777 0.972445 -0.403371
v 2.277777 1.863816 -0.403371
v 2.294282 0.972445 -0.400089
v 2.294282 1.863816 -0.400089
v 2.308271 0.972445 -0.390740
v 2.308271 1.863816 -0.390740
v 2.317618 0.972445 -0.376749
v 2.317618 1.863816 -0.376749
v 2.320903 0.972445 -0.360246
v 2.320903 1.863816 -0.360246
v 2.317619 0.972445 -0.343743
v 2.317619 1.863816 -0.343743
v 2.308271 0.972445 -0.329752
v 2.308271 1.863816 -0.329752
v 2.294281 0.972445 -0.320404
v 2.294281 1.863816 -0.320404
v 2.277776 0.972445 -0.317121
v 2.277776 1.863816 -0.317121
v 2.261275 0.972445 -0.320404
v 2.261275 1.863816 -0.320404
v 2.247282 0.972445 -0.329752
v 2.247282 1.863816 -0.329752
v 2.237934 0.972445 -0.343743
v 2.237934 1.863816 -0.343743
v 2.296158 1.562187 -0.290849
v 2.294935 1.549468 -0.232497
v 2.294936 1.690652 -0.167904
v 2.296158 1.740601 -0.211357
v 2.294935 1.727402 -0.098968
v 2.296157 1.790106 -0.118947
v 2.294936 1.627832 -0.211741
v 2.296157 1.664940 -0.263860
v 2.259396 1.562187 -0.290849
v 2.260617 1.549468 -0.232497
v 2.260617 1.690652 -0.167904
v 2.259395 1.740601 -0.211357
v 2.260617 1.727402 -0.098968
v 2.259395 1.790106 -0.118947
v 2.260618 1.627832 -0.211740
v 2.259395 1.664940 -0.263859
v 2.296157 1.477220 -0.290777
v 2.294935 1.477220 -0.232511
v 2.259395 1.477220 -0.290777
v 2.260617 1.477220 -0.232511
v 2.339552 1.844623 -0.326571
v 2.242929 1.844623 -0.299321
v 2.215679 1.844623 -0.395943
v 2.312301 1.844623 -0.423193
v 2.343064 1.844623 -0.324604
v 2.343064 1.836257 -0.324604
v 2.240963 1.836257 -0.295809
v 2.212167 1.836257 -0.397910
v 2.314268 1.836257 -0.426705
v 2.240963 1.844623 -0.295809
v 2.212167 1.844623 -0.397910
v 2.314268 1.844623 -0.426705
v 2.242929 1.957649 -0.299321
v 2.215679 1.957649 -0.395943
v 2.339552 1.957649 -0.326571
v 2.312301 1.957649 -0.423193
v -0.365236 1.871718 2.306012
v -0.365236 1.949486 2.306012
v -0.356267 1.871718 2.249380
v -0.356267 1.949486 2.249380
v -0.224764 1.508593 2.299513
v -0.298465 1.508593 2.301061
v -0.298327 0.973134 2.301061
v -0.224790 0.973134 2.299513
v -0.224764 1.508593 2.256038
v -0.298465 1.508593 2.254490
v -0.298327 0.973134 2.254490
v -0.224790 0.973134 2.256038
v -0.298458 1.467389 2.301061
v -0.224765 1.467389 2.299513
v -0.298458 1.467389 2.254490
v -0.224765 1.467389 2.256038
v -0.211693 1.508593 2.307222
v -0.311536 1.508593 2.309319
v -0.211693 1.508593 2.248329
v -0.311536 1.508593 2.246231
v -0.311525 1.460440 2.309320
v -0.211695 1.460440 2.307222
v -0.311525 1.460440 2.246231
v -0.211695 1.460440 2.248329
v -0.290849 1.562187 2.296157
v -0.232497 1.549468 2.294935
v -0.167904 1.690652 2.294935
v -0.211357 1.740601 2.296157
v -0.098968 1.727402 2.294935
v -0.118947 1.790106 2.296157
v -0.211741 1.627832 2.294935
v -0.263859 1.664940 2.296157
v -0.290849 1.562187 2.259395
v -0.232497 1.549468 2.260616
v -0.167904 1.690652 2.260617
v -0.211357 1.740601 2.259394
v -0.098968 1.727402 2.260616
v -0.118946 1.790106 2.259394
v -0.211741 1.627832 2.260617
v -0.263859 1.664940 2.259394
v -0.290777 1.477220 2.296157
v -0.232511 1.477220 2.294935
v -0.290777 1.477220 2.259394
v -0.232511 1.477220 2.260616
v -1.059958 1.871718 2.080284
v -1.059958 1.949486 2.080284
v -1.033926 1.871718 2.029195
v -1.033926 1.949486 2.029195
v -0.496826 1.508593 2.256423
v -0.427209 1.508593 2.280670
v -0.427341 0.973134 2.280627
v -0.496800 0.973134 2.256431
v -0.483391 1.508593 2.215076
v -0.412818 1.508593 2.236378
v -0.412950 0.973134 2.236336
v -0.483366 0.973134 2.215084
v -0.427217 1.467389 2.280667
v -0.496824 1.467389 2.256423
v -0.412826 1.467389 2.236377
v -0.483390 1.467389 2.215077
v -0.511638 1.508593 2.259715
v -0.417331 1.508593 2.292563
v -0.924351 1.508593 2.117511
v -0.994924 1.508593 2.096208
v -0.493440 1.508593 2.203705
v -0.397836 1.508593 2.232563
v -0.417341 1.460440 2.292561
v -0.511636 1.460440 2.259716
v -0.397845 1.460440 2.232560
v -0.493438 1.460440 2.203706
v -0.347930 0.972445 2.236601
v -0.347930 1.863816 2.236601
v -0.333250 0.972445 2.244824
v -0.333250 1.863816 2.244824
v -0.322832 0.972445 2.258037
v -0.322832 1.863816 2.258037
v -0.318266 0.972445 2.274235
v -0.318266 1.863816 2.274235
v -0.320243 0.972445 2.290943
v -0.320243 1.863816 2.290943
v -0.328465 0.972445 2.305626
v -0.328465 1.863816 2.305626
v -0.341679 0.972445 2.316042
v -0.341679 1.863816 2.316042
v -0.357873 0.972445 2.320608
v -0.357873 1.863816 2.320608
v -0.374584 0.972445 2.318631
v -0.374584 1.863816 2.318631
v -0.389264 0.972445 2.310408
v -0.389264 1.863816 2.310408
v -0.399682 0.972445 2.297195
v -0.399682 1.863816 2.297195
v -0.404250 0.972445 2.281001
v -0.404250 1.863816 2.281001
v -0.402271 0.972445 2.264290
v -0.402271 1.863816 2.264290
v -0.394050 0.972445 2.249610
v -0.394050 1.863816 2.249610
v -0.380835 0.972445 2.239191
v -0.380835 1.863816 2.239191
v -0.364641 0.972445 2.234624
v -0.364641 1.863816 2.234624
v -0.698569 1.742278 2.149973
v -0.698191 1.808058 2.148812
v -0.709551 1.808058 2.183775
v -0.709174 1.742278 2.182612
v -0.994793 0.973134 2.096251
v -0.924377 0.973134 2.117503
v -0.432938 1.562187 2.273653
v -0.488056 1.549468 2.254458
v -0.910917 1.508593 2.076165
v -0.980533 1.508593 2.051917
v -0.980402 0.973134 2.051960
v -0.910942 0.973134 2.076156
v -0.994917 1.467389 2.096210
v -0.924353 1.467389 2.117511
v -0.980526 1.467389 2.051920
v -0.910919 1.467389 2.076164
v -0.549487 1.690652 2.234499
v -0.508539 1.740601 2.249088
v -0.615050 1.727402 2.213195
v -0.596427 1.790106 2.220532
v -0.507797 1.627832 2.248045
v -0.458606 1.664940 2.265312
v -0.421578 1.562187 2.238690
v -0.477451 1.549468 2.221819
v -0.914303 1.508593 2.128882
v -1.009907 1.508593 2.100024
v -0.896104 1.508593 2.072871
v -0.990412 1.508593 2.040023
v -1.009897 1.460440 2.100028
v -0.914305 1.460440 2.128881
v -0.538882 1.690652 2.201860
v -0.497179 1.740601 2.214125
v -0.604445 1.727402 2.180557
v -0.585066 1.790106 2.185569
v -0.990402 1.460440 2.040026
v -0.896106 1.460440 2.072871
v -0.986165 1.562187 2.093898
v -0.930291 1.549468 2.110767
v -0.868861 1.690652 2.130728
v -0.910564 1.740601 2.118463
v -0.803298 1.727402 2.152030
v -0.822676 1.790106 2.147019
v -0.910551 1.627832 2.117182
v -0.960497 1.664940 2.102238
v -0.974805 1.562187 2.058935
v -0.919686 1.549468 2.078129
v -0.858256 1.690652 2.098089
v -0.899203 1.740601 2.083499
v -0.792693 1.727402 2.119391
v -0.811316 1.790106 2.112056
v -0.899946 1.627832 2.084544
v -0.949136 1.664940 2.067275
v -0.497192 1.627832 2.215406
v -0.447246 1.664940 2.230349
v -0.433006 1.477220 2.273630
v -0.488043 1.477220 2.254462
v -0.421646 1.477220 2.238667
v -0.477438 1.477220 2.221824
v -0.326571 1.844623 2.339552
v -0.299321 1.844623 2.242929
v -0.395942 1.844623 2.215679
v -0.423193 1.844623 2.312302
v -0.324604 1.844623 2.343064
v -0.324604 1.836257 2.343064
v -0.295809 1.836257 2.240963
v -0.397910 1.836257 2.212167
v -0.426705 1.836257 2.314268
v -0.295809 1.844623 2.240963
v -0.397910 1.844623 2.212167
v -0.426705 1.844623 2.314268
v -0.299321 1.957649 2.242929
v -0.395942 1.957649 2.215679
v -0.326571 1.957649 2.339552
v -0.423193 1.957649 2.312302
v -0.986097 1.477220 2.093920
v -0.930304 1.477220 2.110763
v -0.974736 1.477220 2.058957
v -0.919699 1.477220 2.078124
v -1.650923 1.871718 1.650923
v -1.650923 1.949486 1.650923
v -1.610378 1.871718 1.610378
v -1.610378 1.949486 1.610378
v -1.169782 1.508593 1.992458
v -1.111066 1.508593 2.037031
v -1.111178 0.973134 2.036950
v -1.169761 0.973134 1.992473
v -1.144229 1.508593 1.957286
v -1.083692 1.508593 1.999354
v -1.083804 0.973134 1.999274
v -1.144207 0.973134 1.957302
v -1.111072 1.467389 2.037026
v -1.169781 1.467389 1.992459
v -1.083699 1.467389 1.999350
v -1.144227 1.467389 1.957287
v -1.184887 1.508593 1.991012
v -1.105346 1.508593 2.051395
v -1.533457 1.508593 1.728232
v -1.593993 1.508593 1.686164
v -1.150271 1.508593 1.943367
v -1.068264 1.508593 2.000355
v -1.105355 1.460440 2.051389
v -1.184886 1.460440 1.991013
v -1.068272 1.460440 2.000349
v -1.150269 1.460440 1.943368
v -1.022049 0.972445 2.019617
v -1.022049 1.863816 2.019617
v -1.010628 0.972445 2.031974
v -1.010628 1.863816 2.031974
v -1.004803 0.972445 2.047760
v -1.004803 1.863816 2.047760
v -1.005465 0.972445 2.064576
v -1.005465 1.863816 2.064576
v -1.012509 0.972445 2.079856
v -1.012509 1.863816 2.079856
v -1.024866 0.972445 2.091279
v -1.024866 1.863816 2.091279
v -1.040652 0.972445 2.097102
v -1.040652 1.863816 2.097102
v -1.057465 0.972445 2.096440
v -1.057465 1.863816 2.096440
v -1.072747 0.972445 2.089396
v -1.072747 1.863816 2.089396
v -1.084168 0.972445 2.077039
v -1.084168 1.863816 2.077039
v -1.089992 0.972445 2.061254
v -1.089992 1.863816 2.061254
v -1.089332 0.972445 2.044441
v -1.089332 1.863816 2.044441
v -1.082287 0.972445 2.029159
v -1.082287 1.863816 2.029159
v -1.069932 0.972445 2.017738
v -1.069932 1.863816 2.017738
v -1.054144 0.972445 2.011913
v -1.054144 1.863816 2.011913
v -1.037331 0.972445 2.012573
v -1.037331 1.863816 2.012573
v -1.328756 1.742278 1.828876
v -1.328038 1.808058 1.827888
v -1.349647 1.808058 1.857630
v -1.348928 1.742278 1.856641
v -1.593881 0.973134 1.686245
v -1.533479 0.973134 1.728217
v -1.114346 1.562187 2.028587
v -1.160835 1.549468 1.993299
v -1.507904 1.508593 1.693061
v -1.566619 1.508593 1.648487
v -1.566508 0.973134 1.648569
v -1.507925 0.973134 1.693045
v -1.593987 1.467389 1.686168
v -1.533458 1.467389 1.728231
v -1.566614 1.467389 1.648492
v -1.507905 1.467389 1.693060
v -1.213091 1.690652 1.955333
v -1.178656 1.740601 1.981863
v -1.268862 1.727402 1.914813
v -1.253417 1.790106 1.927545
v -1.177627 1.627832 1.981100
v -1.136180 1.664940 2.012722
v -1.092737 1.562187 1.998846
v -1.140663 1.549468 1.965535
v -1.527414 1.508593 1.742151
v -1.609422 1.508593 1.685163
v -1.492798 1.508593 1.694506
v -1.572339 1.508593 1.634123
v -1.609414 1.460440 1.685169
v -1.527416 1.460440 1.742150
v -1.192920 1.690652 1.927569
v -1.157048 1.740601 1.952121
v -1.248690 1.727402 1.887049
v -1.231809 1.790106 1.897804
v -1.572331 1.460440 1.634129
v -1.492800 1.460440 1.694505
v -1.584949 1.562187 1.686674
v -1.537022 1.549468 1.719983
v -1.484766 1.690652 1.757950
v -1.520638 1.740601 1.733398
v -1.428995 1.727402 1.798469
v -1.445877 1.790106 1.787715
v -1.520231 1.627832 1.732184
v -1.563114 1.664940 1.702537
v -1.563341 1.562187 1.656932
v -1.516851 1.549468 1.692219
v -1.464595 1.690652 1.730186
v -1.499030 1.740601 1.703656
v -1.408824 1.727402 1.770705
v -1.424268 1.790106 1.757974
v -1.500059 1.627832 1.704420
v -1.541505 1.664940 1.672796
v -1.157456 1.627832 1.953336
v -1.114572 1.664940 1.982981
v -1.114404 1.477220 2.028544
v -1.160824 1.477220 1.993307
v -1.092795 1.477220 1.998803
v -1.140652 1.477220 1.965543
v -1.033549 1.844623 2.124130
v -0.977775 1.844623 2.040657
v -1.061246 1.844623 1.984883
v -1.117021 1.844623 2.068356
v -1.032763 1.844623 2.128078
v -1.032763 1.836257 2.128078
v -0.973826 1.836257 2.039872
v -1.062032 1.836257 1.980935
v -1.120969 1.836257 2.069141
v -0.973826 1.844623 2.039872
v -1.062032 1.844623 1.980935
v -1.120969 1.844623 2.069141
v -0.977775 1.957649 2.040657
v -1.061246 1.957649 1.984883
v -1.033549 1.957649 2.124130
v -1.117021 1.957649 2.068356
v -1.584890 1.477220 1.686716
v -1.537034 1.477220 1.719975
v -1.563282 1.477220 1.656974
v -1.516862 1.477220 1.692211
v -2.080284 1.871718 1.059958
v -2.080284 1.949486 1.059958
v -2.029194 1.871718 1.033926
v -2.029194 1.949486 1.033926
v -1.728232 1.508593 1.533458
v -1.686164 1.508593 1.593993
v -1.686245 0.973134 1.593882
v -1.728217 0.973134 1.533479
v -1.693061 1.508593 1.507904
v -1.648487 1.508593 1.566620
v -1.648569 0.973134 1.566509
v -1.693045 0.973134 1.507926
v -1.686168 1.467389 1.593987
v -1.728231 1.467389 1.533459
v -1.648492 1.467389 1.566614
v -1.693060 1.467389 1.507905
v -1.742151 1.508593 1.527415
v -1.685163 1.508593 1.609422
v -1.992458 1.508593 1.169783
v -2.037031 1.508593 1.111066
v -1.694506 1.508593 1.492798
v -1.634123 1.508593 1.572340
v -1.685169 1.460440 1.609414
v -1.742150 1.460440 1.527416
v -1.634129 1.460440 1.572331
v -1.694505 1.460440 1.492800
v -1.596123 0.972445 1.604940
v -1.596123 1.863816 1.604940
v -1.589079 0.972445 1.620221
v -1.589079 1.863816 1.620221
v -1.588417 0.972445 1.637034
v -1.588417 1.863816 1.637034
v -1.594244 0.972445 1.652823
v -1.594244 1.863816 1.652823
v -1.605664 0.972445 1.665178
v -1.605664 1.863816 1.665178
v -1.620947 0.972445 1.672224
v -1.620947 1.863816 1.672224
v -1.637759 0.972445 1.672883
v -1.637759 1.863816 1.672883
v -1.653545 0.972445 1.667058
v -1.653545 1.863816 1.667058
v -1.665902 0.972445 1.655638
v -1.665902 1.863816 1.655638
v -1.672946 0.972445 1.640356
v -1.672946 1.863816 1.640356
v -1.673607 0.972445 1.623543
v -1.673607 1.863816 1.623543
v -1.667784 0.972445 1.607757
v -1.667784 1.863816 1.607757
v -1.656360 0.972445 1.595400
v -1.656360 1.863816 1.595400
v -1.641081 0.972445 1.588356
v -1.641081 1.863816 1.588356
v -1.624266 0.972445 1.587694
v -1.624266 1.863816 1.587694
v -1.608479 0.972445 1.593519
v -1.608479 1.863816 1.593519
v -1.828877 1.742278 1.328757
v -1.827888 1.808058 1.328039
v -1.857630 1.808058 1.349647
v -1.856641 1.742278 1.348929
v -2.036950 0.973134 1.111178
v -1.992473 0.973134 1.169761
v -1.686674 1.562187 1.584949
v -1.719983 1.549468 1.537023
v -1.957286 1.508593 1.144229
v -1.999354 1.508593 1.083693
v -1.999274 0.973134 1.083805
v -1.957302 0.973134 1.144207
v -2.037026 1.467389 1.111073
v -1.992459 1.467389 1.169781
v -1.999350 1.467389 1.083699
v -1.957287 1.467389 1.144228
v -1.757950 1.690652 1.484767
v -1.733398 1.740601 1.520639
v -1.798469 1.727402 1.428996
v -1.787715 1.790106 1.445877
v -1.732184 1.627832 1.520231
v -1.702537 1.664940 1.563114
v -1.656932 1.562187 1.563341
v -1.692219 1.549468 1.516851
v -1.991012 1.508593 1.184888
v -2.051395 1.508593 1.105347
v -1.943367 1.508593 1.150272
v -2.000355 1.508593 1.068264
v -2.051389 1.460440 1.105356
v -1.991013 1.460440 1.184886
v -1.730186 1.690652 1.464595
v -1.703656 1.740601 1.499030
v -1.770705 1.727402 1.408824
v -1.757974 1.790106 1.424269
v -2.000349 1.460440 1.068273
v -1.943368 1.460440 1.150270
v -2.028587 1.562187 1.114346
v -1.993299 1.549468 1.160835
v -1.955333 1.690652 1.213092
v -1.981863 1.740601 1.178657
v -1.914813 1.727402 1.268862
v -1.927545 1.790106 1.253418
v -1.981100 1.627832 1.177628
v -2.012723 1.664940 1.136181
v -1.998846 1.562187 1.092738
v -1.965535 1.549468 1.140664
v -1.927569 1.690652 1.192920
v -1.952121 1.740601 1.157048
v -1.887049 1.727402 1.248691
v -1.897804 1.790106 1.231809
v -1.953336 1.627832 1.157456
v -1.982981 1.664940 1.114573
v -1.704420 1.627832 1.500060
v -1.672796 1.664940 1.541506
v -1.686716 1.477220 1.584891
v -1.719975 1.477220 1.537034
v -1.656974 1.477220 1.563282
v -1.692211 1.477220 1.516862
v -1.639356 1.844623 1.700783
v -1.560517 1.844623 1.638632
v -1.622668 1.844623 1.559793
v -1.701507 1.844623 1.621945
v -1.639829 1.844623 1.704781
v -1.639829 1.836257 1.704781
v -1.556519 1.836257 1.639105
v -1.622195 1.836257 1.555796
v -1.705504 1.836257 1.621472
v -1.556519 1.844623 1.639105
v -1.622195 1.844623 1.555796
v -1.705504 1.844623 1.621472
v -1.560517 1.957649 1.638632
v -1.622668 1.957649 1.559793
v -1.639356 1.957649 1.700783
v -1.701507 1.957649 1.621945
v -2.028544 1.477220 1.114404
v -1.993307 1.477220 1.160824
v -1.998803 1.477220 1.092796
v -1.965543 1.477220 1.140652
v -2.306013 1.871718 0.365237
v -2.306013 1.949486 0.365237
v -2.249380 1.871718 0.356267
v -2.249380 1.949486 0.356267
v -2.117511 1.508593 0.924351
v -2.096208 1.508593 0.994924
v -2.096251 0.973134 0.994793
v -2.117503 0.973134 0.924377
v -2.076164 1.508593 0.910917
v -2.051917 1.508593 0.980533
v -2.051960 0.973134 0.980402
v -2.076156 0.973134 0.910942
v -2.096210 1.467389 0.994917
v -2.117511 1.467389 0.924353
v -2.051919 1.467389 0.980526
v -2.076164 1.467389 0.910919
v -2.128881 1.508593 0.914303
v -2.100024 1.508593 1.009907
v -2.256422 1.508593 0.496826
v -2.280670 1.508593 0.427209
v -2.072871 1.508593 0.896104
v -2.040023 1.508593 0.990412
v -2.100028 1.460440 1.009897
v -2.128881 1.460440 0.914305
v -2.040026 1.460440 0.990402
v -2.072871 1.460440 0.896106
v -2.013957 0.972445 1.033159
v -2.013957 1.863816 1.033159
v -2.011980 0.972445 1.049869
v -2.011980 1.863816 1.049869
v -2.016546 0.972445 1.066064
v -2.016546 1.863816 1.066064
v -2.026966 0.972445 1.079279
v -2.026966 1.863816 1.079279
v -2.041646 0.972445 1.087500
v -2.041646 1.863816 1.087500
v -2.058357 0.972445 1.089479
v -2.058357 1.863816 1.089479
v -2.074551 0.972445 1.084911
v -2.074551 1.863816 1.084911
v -2.087764 0.972445 1.074493
v -2.087764 1.863816 1.074493
v -2.095987 0.972445 1.059813
v -2.095987 1.863816 1.059813
v -2.097964 0.972445 1.043102
v -2.097964 1.863816 1.043102
v -2.093397 0.972445 1.026908
v -2.093397 1.863816 1.026908
v -2.082981 0.972445 1.013694
v -2.082981 1.863816 1.013694
v -2.068298 0.972445 1.005472
v -2.068298 1.863816 1.005472
v -2.051590 0.972445 1.003494
v -2.051590 1.863816 1.003494
v -2.035393 0.972445 1.008061
v -2.035393 1.863816 1.008061
v -2.022179 0.972445 1.018478
v -2.022179 1.863816 1.018478
v -2.149973 1.742278 0.698569
v -2.148812 1.808058 0.698191
v -2.183774 1.808058 0.709551
v -2.182612 1.742278 0.709174
v -2.280627 0.973134 0.427341
v -2.256431 0.973134 0.496800
v -2.093898 1.562187 0.986165
v -2.110767 1.549468 0.930291
v -2.215076 1.508593 0.483391
v -2.236378 1.508593 0.412818
v -2.236336 0.973134 0.412950
v -2.215084 0.973134 0.483366
v -2.280667 1.467389 0.427217
v -2.256423 1.467389 0.496824
v -2.236377 1.467389 0.412826
v -2.215076 1.467389 0.483390
v -2.130728 1.690652 0.868861
v -2.118463 1.740601 0.910564
v -2.152030 1.727402 0.803298
v -2.147019 1.790106 0.822676
v -2.117182 1.627832 0.910551
v -2.102238 1.664940 0.960497
v -2.058935 1.562187 0.974805
v -2.078128 1.549468 0.919686
v -2.259715 1.508593 0.511638
v -2.292563 1.508593 0.417331
v -2.203705 1.508593 0.493440
v -2.232563 1.508593 0.397836
v -2.292561 1.460440 0.417341
v -2.259716 1.460440 0.511636
v -2.098089 1.690652 0.858256
v -2.083499 1.740601 0.899203
v -2.119391 1.727402 0.792693
v -2.112056 1.790106 0.811316
v -2.232559 1.460440 0.397846
v -2.203706 1.460440 0.493438
v -2.273653 1.562187 0.432938
v -2.254458 1.549468 0.488056
v -2.234499 1.690652 0.549487
v -2.249088 1.740601 0.508540
v -2.213195 1.727402 0.615050
v -2.220531 1.790106 0.596427
v -2.248045 1.627832 0.507797
v -2.265312 1.664940 0.458606
v -2.238690 1.562187 0.421578
v -2.221819 1.549468 0.477451
v -2.201860 1.690652 0.538882
v -2.214125 1.740601 0.497179
v -2.180557 1.727402 0.604445
v -2.185569 1.790106 0.585066
v -2.215406 1.627832 0.497192
v -2.230349 1.664940 0.447246
v -2.084543 1.627832 0.899946
v -2.067275 1.664940 0.949136
v -2.093920 1.477220 0.986097
v -2.110763 1.477220 0.930304
v -2.058957 1.477220 0.974736
v -2.078124 1.477220 0.919699
v -2.084691 1.844623 1.110952
v -1.990505 1.844623 1.076205
v -2.025251 1.844623 0.982019
v -2.119438 1.844623 1.016766
v -2.086376 1.844623 1.114608
v -2.086376 1.836257 1.114608
v -1.986849 1.836257 1.077890
v -2.023566 1.836257 0.978364
v -2.123093 1.836257 1.015081
v -1.986849 1.844623 1.077890
v -2.023566 1.844623 0.978364
v -2.123093 1.844623 1.015081
v -1.990505 1.957649 1.076205
v -2.025251 1.957649 0.982019
v -2.084691 1.957649 1.110952
v -2.119438 1.957649 1.016766
v -2.273630 1.477220 0.433007
v -2.254462 1.477220 0.488043
v -2.238667 1.477220 0.421646
v -2.221824 1.477220 0.477438
v -2.299513 1.508593 0.224764
v -2.301061 1.508593 0.298466
v -2.301061 0.973134 0.298327
v -2.299513 0.973134 0.224790
v -2.256039 1.508593 0.224764
v -2.254490 1.508593 0.298465
v -2.254491 0.973134 0.298327
v -2.256039 0.973134 0.224790
v -2.301061 1.467389 0.298458
v -2.299513 1.467389 0.224765
v -2.254491 1.467389 0.298458
v -2.256039 1.467389 0.224765
v -2.307222 1.508593 0.211693
v -2.309320 1.508593 0.311536
v -2.248329 1.508593 0.211693
v -2.246232 1.508593 0.311536
v -2.309320 1.460440 0.311525
v -2.307222 1.460440 0.211695
v -2.246232 1.460440 0.311525
v -2.248330 1.460440 0.211695
v -2.234650 0.972445 0.360246
v -2.234650 1.863816 0.360246
v -2.237934 0.972445 0.376749
v -2.237934 1.863816 0.376749
v -2.247281 0.972445 0.390740
v -2.247281 1.863816 0.390740
v -2.261275 0.972445 0.400089
v -2.261275 1.863816 0.400089
v -2.277777 0.972445 0.403371
v -2.277777 1.863816 0.403371
v -2.294282 0.972445 0.400089
v -2.294282 1.863816 0.400089
v -2.308271 0.972445 0.390740
v -2.308271 1.863816 0.390740
v -2.317618 0.972445 0.376749
v -2.317618 1.863816 0.376749
v -2.320903 0.972445 0.360246
v -2.320903 1.863816 0.360246
v -2.317619 0.972445 0.343743
v -2.317619 1.863816 0.343743
v -2.308271 0.972445 0.329752
v -2.308271 1.863816 0.329752
v -2.294281 0.972445 0.320404
v -2.294281 1.863816 0.320404
v -2.277776 0.972445 0.317121
v -2.277776 1.863816 0.317121
v -2.261275 0.972445 0.320404
v -2.261275 1.863816 0.320404
v -2.247282 0.972445 0.329752
v -2.247282 1.863816 0.329752
v -2.237934 0.972445 0.343743
v -2.237934 1.863816 0.343743
v -2.260616 1.742278 0.000000
v -2.259394 1.808058 0.000000
v -2.296157 1.808058 0.000000
v -2.294934 1.742278 0.000000
v -2.296158 1.562187 0.290849
v -2.294935 1.549468 0.232497
v -2.294936 1.690652 0.167904
v -2.296158 1.740601 0.211357
v -2.294935 1.727402 0.098968
v -2.296157 1.790106 0.118947
v -2.294936 1.627832 0.211741
v -2.296157 1.664940 0.263860
v -2.259396 1.562187 0.290849
v -2.260617 1.549468 0.232497
v -2.260617 1.690652 0.167904
v -2.259395 1.740601 0.211357
v -2.260617 1.727402 0.098968
v -2.259395 1.790106 0.118947
v -2.260618 1.627832 0.211740
v -2.259395 1.664940 0.263859
v -2.296157 1.477220 0.290777
v -2.294935 1.477220 0.232511
v -2.259395 1.477220 0.290777
v -2.260617 1.477220 0.232511
v -2.339552 1.844623 0.326571
v -2.242929 1.844623 0.299321
v -2.215679 1.844623 0.395943
v -2.312301 1.844623 0.423193
v -2.343064 1.844623 0.324604
v -2.343064 1.836257 0.324604
v -2.240963 1.836257 0.295809
v -2.212167 1.836257 0.397910
v -2.314268 1.836257 0.426705
v -2.240963 1.844623 0.295809
v -2.212167 1.844623 0.397910
v -2.314268 1.844623 0.426705
v -2.242929 1.957649 0.299321
v -2.215679 1.957649 0.395943
v -2.339552 1.957649 0.326571
v -2.312301 1.957649 0.423193
v -0.365236 1.871718 -2.306012
v -0.365236 1.949486 -2.306012
v -0.356267 1.871718 -2.249380
v -0.356267 1.949486 -2.249380
v -0.224764 1.508593 -2.299513
v -0.298465 1.508593 -2.301061
v -0.298327 0.973134 -2.301061
v -0.224790 0.973134 -2.299513
v -0.224764 1.508593 -2.256038
v -0.298465 1.508593 -2.254490
v -0.298327 0.973134 -2.254490
v -0.224790 0.973134 -2.256038
v -0.298458 1.467389 -2.301061
v -0.224765 1.467389 -2.299513
v -0.298458 1.467389 -2.254490
v -0.224765 1.467389 -2.256038
v -0.211693 1.508593 -2.307222
v -0.311536 1.508593 -2.309319
v -0.211693 1.508593 -2.248329
v -0.311536 1.508593 -2.246231
v -0.311525 1.460440 -2.309320
v -0.211695 1.460440 -2.307222
v -0.311525 1.460440 -2.246231
v -0.211695 1.460440 -2.248329
v -0.360752 1.871718 -2.277697
v -0.360752 0.972280 -2.277697
v -0.290849 1.562187 -2.296157
v -0.232497 1.549468 -2.294935
v -0.167904 1.690652 -2.294935
v -0.211357 1.740601 -2.296157
v -0.098968 1.727402 -2.294935
v -0.118947 1.790106 -2.296157
v -0.211741 1.627832 -2.294935
v -0.263859 1.664940 -2.296157
v -0.290849 1.562187 -2.259395
v -0.232497 1.549468 -2.260616
v -0.167904 1.690652 -2.260617
v -0.211357 1.740601 -2.259394
v -0.098968 1.727402 -2.260616
v -0.118946 1.790106 -2.259394
v -0.211741 1.627832 -2.260617
v -0.263859 1.664940 -2.259394
v -0.290777 1.477220 -2.296157
v -0.232511 1.477220 -2.294935
v -0.290777 1.477220 -2.259394
v -0.232511 1.477220 -2.260616
v -1.059958 1.871718 -2.080284
v -1.059958 1.949486 -2.080284
v -1.033926 1.871718 -2.029195
v -1.033926 1.949486 -2.029195
v -0.496826 1.508593 -2.256423
v -0.427209 1.508593 -2.280670
v -0.427341 0.973134 -2.280627
v -0.496800 0.973134 -2.256431
v -0.483391 1.508593 -2.215076
v -0.412818 1.508593 -2.236378
v -0.412950 0.973134 -2.236336
v -0.483366 0.973134 -2.215084
v -0.427217 1.467389 -2.280667
v -0.496824 1.467389 -2.256423
v -0.412826 1.467389 -2.236377
v -0.483390 1.467389 -2.215077
v -0.511638 1.508593 -2.259715
v -0.417331 1.508593 -2.292563
v -0.924351 1.508593 -2.117511
v -0.994924 1.508593 -2.096208
v -0.493440 1.508593 -2.203705
v -0.397836 1.508593 -2.232563
v -0.417341 1.460440 -2.292561
v -0.511636 1.460440 -2.259716
v -0.397845 1.460440 -2.232560
v -0.493438 1.460440 -2.203706
v -0.347930 0.972445 -2.236601
v -0.347930 1.863816 -2.236601
v -0.333250 0.972445 -2.244824
v -0.333250 1.863816 -2.244824
v -0.322832 0.972445 -2.258037
v -0.322832 1.863816 -2.258037
v -0.318266 0.972445 -2.274235
v -0.318266 1.863816 -2.274235
v -0.320243 0.972445 -2.290943
v -0.320243 1.863816 -2.290943
v -0.328465 0.972445 -2.305626
v -0.328465 1.863816 -2.305626
v -0.341679 0.972445 -2.316042
v -0.341679 1.863816 -2.316042
v -0.357873 0.972445 -2.320608
v -0.357873 1.863816 -2.320608
v -0.374584 0.972445 -2.318631
v -0.374584 1.863816 -2.318631
v -0.389264 0.972445 -2.310408
v -0.389264 1.863816 -2.310408
v -0.399682 0.972445 -2.297195
v -0.399682 1.863816 -2.297195
v -0.404250 0.972445 -2.281001
v -0.404250 1.863816 -2.281001
v -0.402271 0.972445 -2.264290
v -0.402271 1.863816 -2.264290
v -0.394050 0.972445 -2.249610
v -0.394050 1.863816 -2.249610
v -0.380835 0.972445 -2.239191
v -0.380835 1.863816 -2.239191
v -0.364641 0.972445 -2.234624
v -0.364641 1.863816 -2.234624
v -0.698569 1.742278 -2.149973
v -0.698191 1.808058 -2.148812
v -0.709551 1.808058 -2.183775
v -0.709174 1.742278 -2.182612
v -0.994793 0.973134 -2.096251
v -0.924377 0.973134 -2.117503
v -0.432938 1.562187 -2.273653
v -0.488056 1.549468 -2.254458
v -0.910917 1.508593 -2.076165
v -0.980533 1.508593 -2.051917
v -0.980402 0.973134 -2.051960
v -0.910942 0.973134 -2.076156
v -0.994917 1.467389 -2.096210
v -0.924353 1.467389 -2.117511
v -0.980526 1.467389 -2.051920
v -0.910919 1.467389 -2.076164
v -0.549487 1.690652 -2.234499
v -0.508539 1.740601 -2.249088
v -0.615050 1.727402 -2.213195
v -0.596427 1.790106 -2.220532
v -0.507797 1.627832 -2.248045
v -0.458606 1.664940 -2.265312
v -0.421578 1.562187 -2.238690
v -0.477451 1.549468 -2.221819
v -0.914303 1.508593 -2.128882
v -1.009907 1.508593 -2.100024
v -0.896104 1.508593 -2.072871
v -0.990412 1.508593 -2.040023
v -1.009897 1.460440 -2.100028
v -0.914305 1.460440 -2.128881
v -0.538882 1.690652 -2.201860
v -0.497179 1.740601 -2.214125
v -0.604445 1.727402 -2.180557
v -0.585066 1.790106 -2.185569
v -0.990402 1.460440 -2.040026
v -0.896106 1.460440 -2.072871
v -0.986165 1.562187 -2.093898
v -0.930291 1.549468 -2.110767
v -0.868861 1.690652 -2.130728
v -0.910564 1.740601 -2.118463
v -0.803298 1.727402 -2.152030
v -0.822676 1.790106 -2.147019
v -0.910551 1.627832 -2.117182
v -0.960497 1.664940 -2.102238
v -0.974805 1.562187 -2.058935
v -0.919686 1.549468 -2.078129
v -0.858256 1.690652 -2.098089
v -0.899203 1.740601 -2.083499
v -0.792693 1.727402 -2.119391
v -0.811316 1.790106 -2.112056
v -0.899946 1.627832 -2.084544
v -0.949136 1.664940 -2.067275
v -0.497192 1.627832 -2.215406
v -0.447246 1.664940 -2.230349
v -0.433006 1.477220 -2.273630
v -0.488043 1.477220 -2.254462
v -0.421646 1.477220 -2.238667
v -0.477438 1.477220 -2.221824
v -0.326571 1.844623 -2.339552
v -0.299321 1.844623 -2.242929
v -0.395942 1.844623 -2.215679
v -0.423193 1.844623 -2.312302
v -0.324604 1.844623 -2.343064
v -0.324604 1.836257 -2.343064
v -0.295809 1.836257 -2.240963
v -0.397910 1.836257 -2.212167
v -0.426705 1.836257 -2.314268
v -0.295809 1.844623 -2.240963
v -0.397910 1.844623 -2.212167
v -0.426705 1.844623 -2.314268
v -0.299321 1.957649 -2.242929
v -0.395942 1.957649 -2.215679
v -0.326571 1.957649 -2.339552
v -0.423193 1.957649 -2.312302
v -0.986097 1.477220 -2.093920
v -0.930304 1.477220 -2.110763
v -0.974736 1.477220 -2.058957
v -0.919699 1.477220 -2.078124
v -1.650923 1.871718 -1.650923
v -1.650923 1.949486 -1.650923
v -1.610378 1.871718 -1.610378
v -1.610378 1.949486 -1.610378
v -1.169782 1.508593 -1.992458
v -1.111066 1.508593 -2.037031
v -1.111178 0.973134 -2.036950
v -1.169761 0.973134 -1.992473
v -1.144229 1.508593 -1.957286
v -1.083692 1.508593 -1.999354
v -1.083804 0.973134 -1.999274
v -1.144207 0.973134 -1.957302
v -1.111072 1.467389 -2.037026
v -1.169781 1.467389 -1.992459
v -1.083699 1.467389 -1.999350
v -1.144227 1.467389 -1.957287
v -1.184887 1.508593 -1.991012
v -1.105346 1.508593 -2.051395
v -1.533457 1.508593 -1.728232
v -1.593993 1.508593 -1.686164
v -1.150271 1.508593 -1.943367
v -1.068264 1.508593 -2.000355
v -1.105355 1.460440 -2.051389
v -1.184886 1.460440 -1.991013
v -1.068272 1.460440 -2.000349
v -1.150269 1.460440 -1.943368
v -1.022049 0.972445 -2.019617
v -1.022049 1.863816 -2.019617
v -1.010628 0.972445 -2.031974
v -1.010628 1.863816 -2.031974
v -1.004803 0.972445 -2.047760
v -1.004803 1.863816 -2.047760
v -1.005465 0.972445 -2.064576
v -1.005465 1.863816 -2.064576
v -1.012509 0.972445 -2.079856
v -1.012509 1.863816 -2.079856
v -1.024866 0.972445 -2.091279
v -1.024866 1.863816 -2.091279
v -1.040652 0.972445 -2.097102
v -1.040652 1.863816 -2.097102
v -1.057465 0.972445 -2.096440
v -1.057465 1.863816 -2.096440
v -1.072747 0.972445 -2.089396
v -1.072747 1.863816 -2.089396
v -1.084168 0.972445 -2.077039
v -1.084168 1.863816 -2.077039
v -1.089992 0.972445 -2.061254
v -1.089992 1.863816 -2.061254
v -1.089332 0.972445 -2.044441
v -1.089332 1.863816 -2.044441
v -1.082287 0.972445 -2.029159
v -1.082287 1.863816 -2.029159
v -1.069932 0.972445 -2.017738
v -1.069932 1.863816 -2.017738
v -1.054144 0.972445 -2.011913
v -1.054144 1.863816 -2.011913
v -1.037331 0.972445 -2.012573
v -1.037331 1.863816 -2.012573
v -1.328756 1.742278 -1.828876
v -1.328038 1.808058 -1.827888
v -1.349647 1.808058 -1.857630
v -1.348928 1.742278 -1.856641
v -1.593881 0.973134 -1.686245
v -1.533479 0.973134 -1.728217
v -1.114346 1.562187 -2.028587
v -1.160835 1.549468 -1.993299
v -1.507904 1.508593 -1.693061
v -1.566619 1.508593 -1.648487
v -1.566508 0.973134 -1.648569
v -1.507925 0.973134 -1.693045
v -1.593987 1.467389 -1.686168
v -1.533458 1.467389 -1.728231
v -1.566614 1.467389 -1.648492
v -1.507905 1.467389 -1.693060
v -1.213091 1.690652 -1.955333
v -1.178656 1.740601 -1.981863
v -1.268862 1.727402 -1.914813
v -1.253417 1.790106 -1.927545
v -1.177627 1.627832 -1.981100
v -1.136180 1.664940 -2.012722
v -1.092737 1.562187 -1.998846
v -1.140663 1.549468 -1.965535
v -1.527414 1.508593 -1.742151
v -1.609422 1.508593 -1.685163
v -1.492798 1.508593 -1.694506
v -1.572339 1.508593 -1.634123
v -1.609414 1.460440 -1.685169
v -1.527416 1.460440 -1.742150
v -1.192920 1.690652 -1.927569
v -1.157048 1.740601 -1.952121
v -1.248690 1.727402 -1.887049
v -1.231809 1.790106 -1.897804
v -1.572331 1.460440 -1.634129
v -1.492800 1.460440 -1.694505
v -1.584949 1.562187 -1.686674
v -1.537022 1.549468 -1.719983
v -1.484766 1.690652 -1.757950
v -1.520638 1.740601 -1.733398
v -1.428995 1.727402 -1.798469
v -1.445877 1.790106 -1.787715
v -1.520231 1.627832 -1.732184
v -1.563114 1.664940 -1.702537
v -1.563341 1.562187 -1.656932
v -1.516851 1.549468 -1.692219
v -1.464595 1.690652 -1.730186
v -1.499030 1.740601 -1.703656
v -1.408824 1.727402 -1.770705
v -1.424268 1.790106 -1.757974
v -1.500059 1.627832 -1.704420
v -1.541505 1.664940 -1.672796
v -1.157456 1.627832 -1.953336
v -1.114572 1.664940 -1.982981
v -1.114404 1.477220 -2.028544
v -1.160824 1.477220 -1.993307
v -1.092795 1.477220 -1.998803
v -1.140652 1.477220 -1.965543
v -1.033549 1.844623 -2.124130
v -0.977775 1.844623 -2.040657
v -1.061246 1.844623 -1.984883
v -1.117021 1.844623 -2.068356
v -1.032763 1.844623 -2.128078
v -1.032763 1.836257 -2.128078
v -0.973826 1.836257 -2.039872
v -1.062032 1.836257 -1.980935
v -1.120969 1.836257 -2.069141
v -0.973826 1.844623 -2.039872
v -1.062032 1.844623 -1.980935
v -1.120969 1.844623 -2.069141
v -0.977775 1.957649 -2.040657
v -1.061246 1.957649 -1.984883
v -1.033549 1.957649 -2.124130
v -1.117021 1.957649 -2.068356
v -1.584890 1.477220 -1.686716
v -1.537034 1.477220 -1.719975
v -1.563282 1.477220 -1.656974
v -1.516862 1.477220 -1.692211
v -2.080284 1.871718 -1.059958
v -2.080284 1.949486 -1.059958
v -2.029194 1.871718 -1.033926
v -2.029194 1.949486 -1.033926
v -1.728232 1.508593 -1.533458
v -1.686164 1.508593 -1.593993
v -1.686245 0.973134 -1.593882
v -1.728217 0.973134 -1.533479
v -1.693061 1.508593 -1.507904
v -1.648487 1.508593 -1.566620
v -1.648569 0.973134 -1.566509
v -1.693045 0.973134 -1.507926
v -1.686168 1.467389 -1.593987
v -1.728231 1.467389 -1.533459
v -1.648492 1.467389 -1.566614
v -1.693060 1.467389 -1.507905
v -1.742151 1.508593 -1.527415
v -1.685163 1.508593 -1.609422
v -1.992458 1.508593 -1.169783
v -2.037031 1.508593 -1.111066
v -1.694506 1.508593 -1.492798
v -1.634123 1.508593 -1.572340
v -1.685169 1.460440 -1.609414
v -1.742150 1.460440 -1.527416
v -1.634129 1.460440 -1.572331
v -1.694505 1.460440 -1.492800
v -1.596123 0.972445 -1.604940
v -1.596123 1.863816 -1.604940
v -1.589079 0.972445 -1.620221
v -1.589079 1.863816 -1.620221
v -1.588417 0.972445 -1.637034
v -1.588417 1.863816 -1.637034
v -1.594244 0.972445 -1.652823
v -1.594244 1.863816 -1.652823
v -1.605664 0.972445 -1.665178
v -1.605664 1.863816 -1.665178
v -1.620947 0.972445 -1.672224
v -1.620947 1.863816 -1.672224
v -1.637759 0.972445 -1.672883
v -1.637759 1.863816 -1.672883
v -1.653545 0.972445 -1.667058
v -1.653545 1.863816 -1.667058
v -1.665902 0.972445 -1.655638
v -1.665902 1.863816 -1.655638
v -1.672946 0.972445 -1.640356
v -1.672946 1.863816 -1.640356
v -1.673607 0.972445 -1.623543
v -1.673607 1.863816 -1.623543
v -1.667784 0.972445 -1.607757
v -1.667784 1.863816 -1.607757
v -1.656360 0.972445 -1.595400
v -1.656360 1.863816 -1.595400
v -1.641081 0.972445 -1.588356
v -1.641081 1.863816 -1.588356
v -1.624266 0.972445 -1.587694
v -1.624266 1.863816 -1.587694
v -1.608479 0.972445 -1.593519
v -1.608479 1.863816 -1.593519
v -1.828877 1.742278 -1.328757
v -1.827888 1.808058 -1.328039
v -1.857630 1.808058 -1.349647
v -1.856641 1.742278 -1.348929
v -2.036950 0.973134 -1.111178
v -1.992473 0.973134 -1.169761
v -1.686674 1.562187 -1.584949
v -1.719983 1.549468 -1.537023
v -1.957286 1.508593 -1.144229
v -1.999354 1.508593 -1.083693
v -1.999274 0.973134 -1.083805
v -1.957302 0.973134 -1.144207
v -2.037026 1.467389 -1.111073
v -1.992459 1.467389 -1.169781
v -1.999350 1.467389 -1.083699
v -1.957287 1.467389 -1.144228
v -1.757950 1.690652 -1.484767
v -1.733398 1.740601 -1.520639
v -1.798469 1.727402 -1.428996
v -1.787715 1.790106 -1.445877
v -1.732184 1.627832 -1.520231
v -1.702537 1.664940 -1.563114
v -1.656932 1.562187 -1.563341
v -1.692219 1.549468 -1.516851
v -1.991012 1.508593 -1.184888
v -2.051395 1.508593 -1.105347
v -1.943367 1.508593 -1.150272
v -2.000355 1.508593 -1.068264
v -2.051389 1.460440 -1.105356
v -1.991013 1.460440 -1.184886
v -1.730186 1.690652 -1.464595
v -1.703656 1.740601 -1.499030
v -1.770705 1.727402 -1.408824
v -1.757974 1.790106 -1.424269
v -2.000349 1.460440 -1.068273
v -1.943368 1.460440 -1.150270
v -2.028587 1.562187 -1.114346
v -1.993299 1.549468 -1.160835
v -1.955333 1.690652 -1.213092
v -1.981863 1.740601 -1.178657
v -1.914813 1.727402 -1.268862
v -1.927545 1.790106 -1.253418
v -1.981100 1.627832 -1.177628
v -2.012723 1.664940 -1.136181
v -1.998846 1.562187 -1.092738
v -1.965535 1.549468 -1.140664
v -1.927569 1.690652 -1.192920
v -1.952121 1.740601 -1.157048
v -1.887049 1.727402 -1.248691
v -1.897804 1.790106 -1.231809
v -1.953336 1.627832 -1.157456
v -1.982981 1.664940 -1.114573
v -1.704420 1.627832 -1.500060
v -1.672796 1.664940 -1.541506
v -1.686716 1.477220 -1.584891
v -1.719975 1.477220 -1.537034
v -1.656974 1.477220 -1.563282
v -1.692211 1.477220 -1.516862
v -1.639356 1.844623 -1.700783
v -1.560517 1.844623 -1.638632
v -1.622668 1.844623 -1.559793
v -1.701507 1.844623 -1.621945
v -1.639829 1.844623 -1.704781
v -1.639829 1.836257 -1.704781
v -1.556519 1.836257 -1.639105
v -1.622195 1.836257 -1.555796
v -1.705504 1.836257 -1.621472
v -1.556519 1.844623 -1.639105
v -1.622195 1.844623 -1.555796
v -1.705504 1.844623 -1.621472
v -1.560517 1.957649 -1.638632
v -1.622668 1.957649 -1.559793
v -1.639356 1.957649 -1.700783
v -1.701507 1.957649 -1.621945
v -2.028544 1.477220 -1.114404
v -1.993307 1.477220 -1.160824
v -1.998803 1.477220 -1.092796
v -1.965543 1.477220 -1.140652
v -2.306013 1.871718 -0.365237
v -2.306013 1.949486 -0.365237
v -2.249380 1.871718 -0.356267
v -2.249380 1.949486 -0.356267
v -2.117511 1.508593 -0.924351
v -2.096208 1.508593 -0.994924
v -2.096251 0.973134 -0.994793
v -2.117503 0.973134 -0.924377
v -2.076164 1.508593 -0.910917
v -2.051917 1.508593 -0.980533
v -2.051960 0.973134 -0.980402
v -2.076156 0.973134 -0.910942
v -2.096210 1.467389 -0.994917
v -2.117511 1.467389 -0.924353
v -2.051919 1.467389 -0.980526
v -2.076164 1.467389 -0.910919
v -2.128881 1.508593 -0.914303
v -2.100024 1.508593 -1.009907
v -2.256422 1.508593 -0.496826
v -2.280670 1.508593 -0.427209
v -2.072871 1.508593 -0.896104
v -2.040023 1.508593 -0.990412
v -2.100028 1.460440 -1.009897
v -2.128881 1.460440 -0.914305
v -2.040026 1.460440 -0.990402
v -2.072871 1.460440 -0.896106
v -2.013957 0.972445 -1.033159
v -2.013957 1.863816 -1.033159
v -2.011980 0.972445 -1.049869
v -2.011980 1.863816 -1.049869
v -2.016546 0.972445 -1.066064
v -2.016546 1.863816 -1.066064
v -2.026966 0.972445 -1.079279
v -2.026966 1.863816 -1.079279
v -2.041646 0.972445 -1.087500
v -2.041646 1.863816 -1.087500
v -2.058357 0.972445 -1.089479
v -2.058357 1.863816 -1.089479
v -2.074551 0.972445 -1.084911
v -2.074551 1.863816 -1.084911
v -2.087764 0.972445 -1.074493
v -2.087764 1.863816 -1.074493
v -2.095987 0.972445 -1.059813
v -2.095987 1.863816 -1.059813
v -2.097964 0.972445 -1.043102
v -2.097964 1.863816 -1.043102
v -2.093397 0.972445 -1.026908
v -2.093397 1.863816 -1.026908
v -2.082981 0.972445 -1.013694
v -2.082981 1.863816 -1.013694
v -2.068298 0.972445 -1.005472
v -2.068298 1.863816 -1.005472
v -2.051590 0.972445 -1.003494
v -2.051590 1.863816 -1.003494
v -2.035393 0.972445 -1.008061
v -2.035393 1.863816 -1.008061
v -2.022179 0.972445 -1.018478
v -2.022179 1.863816 -1.018478
v -2.149973 1.742278 -0.698569
v -2.148812 1.808058 -0.698191
v -2.183774 1.808058 -0.709551
v -2.182612 1.742278 -0.709174
v -2.280627 0.973134 -0.427341
v -2.256431 0.973134 -0.496800
v -2.093898 1.562187 -0.986165
v -2.110767 1.549468 -0.930291
v -2.215076 1.508593 -0.483391
v -2.236378 1.508593 -0.412818
v -2.236336 0.973134 -0.412950
v -2.215084 0.973134 -0.483366
v -2.280667 1.467389 -0.427217
v -2.256423 1.467389 -0.496824
v -2.236377 1.467389 -0.412826
v -2.215076 1.467389 -0.483390
v -2.130728 1.690652 -0.868861
v -2.118463 1.740601 -0.910564
v -2.152030 1.727402 -0.803298
v -2.147019 1.790106 -0.822676
v -2.117182 1.627832 -0.910551
v -2.102238 1.664940 -0.960497
v -2.058935 1.562187 -0.974805
v -2.078128 1.549468 -0.919686
v -2.259715 1.508593 -0.511638
v -2.292563 1.508593 -0.417331
v -2.203705 1.508593 -0.493440
v -2.232563 1.508593 -0.397836
v -2.292561 1.460440 -0.417341
v -2.259716 1.460440 -0.511636
v -2.098089 1.690652 -0.858256
v -2.083499 1.740601 -0.899203
v -2.119391 1.727402 -0.792693
v -2.112056 1.790106 -0.811316
v -2.232559 1.460440 -0.397846
v -2.203706 1.460440 -0.493438
v -2.273653 1.562187 -0.432938
v -2.254458 1.549468 -0.488056
v -2.234499 1.690652 -0.549487
v -2.249088 1.740601 -0.508540
v -2.213195 1.727402 -0.615050
v -2.220531 1.790106 -0.596427
v -2.248045 1.627832 -0.507797
v -2.265312 1.664940 -0.458606
v -2.238690 1.562187 -0.421578
v -2.221819 1.549468 -0.477451
v -2.201860 1.690652 -0.538882
v -2.214125 1.740601 -0.497179
v -2.180557 1.727402 -0.604445
v -2.185569 1.790106 -0.585066
v -2.215406 1.627832 -0.497192
v -2.230349 1.664940 -0.447246
v -2.084543 1.627832 -0.899946
v -2.067275 1.664940 -0.949136
v -2.093920 1.477220 -0.986097
v -2.110763 1.477220 -0.930304
v -2.058957 1.477220 -0.974736
v -2.078124 1.477220 -0.919699
v -2.084691 1.844623 -1.110952
v -1.990505 1.844623 -1.076205
v -2.025251 1.844623 -0.982019
v -2.119438 1.844623 -1.016766
v -2.086376 1.844623 -1.114608
v -2.086376 1.836257 -1.114608
v -1.986849 1.836257 -1.077890
v -2.023566 1.836257 -0.978364
v -2.123093 1.836257 -1.015081
v -1.986849 1.844623 -1.077890
v -2.023566 1.844623 -0.978364
v -2.123093 1.844623 -1.015081
v -1.990505 1.957649 -1.076205
v -2.025251 1.957649 -0.982019
v -2.084691 1.957649 -1.110952
v -2.119438 1.957649 -1.016766
v -2.273630 1.477220 -0.433007
v -2.254462 1.477220 -0.488043
v -2.238667 1.477220 -0.421646
v -2.221824 1.477220 -0.477438
v -2.299513 1.508593 -0.224764
v -2.301061 1.508593 -0.298466
v -2.301061 0.973134 -0.298327
v -2.299513 0.973134 -0.224790
v -2.256039 1.508593 -0.224764
v -2.254490 1.508593 -0.298465
v -2.254491 0.973134 -0.298327
v -2.256039 0.973134 -0.224790
v -2.301061 1.467389 -0.298458
v -2.299513 1.467389 -0.224765
v -2.254491 1.467389 -0.298458
v -2.256039 1.467389 -0.224765
v -2.307222 1.508593 -0.211693
v -2.309320 1.508593 -0.311536
v -2.248329 1.508593 -0.211693
v -2.246232 1.508593 -0.311536
v -2.309320 1.460440 -0.311525
v -2.307222 1.460440 -0.211695
v -2.246232 1.460440 -0.311525
v -2.248330 1.460440 -0.211695
v -2.234650 0.972445 -0.360246
v -2.234650 1.863816 -0.360246
v -2.237934 0.972445 -0.376749
v -2.237934 1.863816 -0.376749
v -2.247281 0.972445 -0.390740
v -2.247281 1.863816 -0.390740
v -2.261275 0.972445 -0.400089
v -2.261275 1.863816 -0.400089
v -2.277777 0.972445 -0.403371
v -2.277777 1.863816 -0.403371
v -2.294282 0.972445 -0.400089
v -2.294282 1.863816 -0.400089
v -2.308271 0.972445 -0.390740
v -2.308271 1.863816 -0.390740
v -2.317618 0.972445 -0.376749
v -2.317618 1.863816 -0.376749
v -2.320903 0.972445 -0.360246
v -2.320903 1.863816 -0.360246
v -2.317619 0.972445 -0.343743
v -2.317619 1.863816 -0.343743
v -2.308271 0.972445 -0.329752
v -2.308271 1.863816 -0.329752
v -2.294281 0.972445 -0.320404
v -2.294281 1.863816 -0.320404
v -2.277776 0.972445 -0.317121
v -2.277776 1.863816 -0.317121
v -2.261275 0.972445 -0.320404
v -2.261275 1.863816 -0.320404
v -2.247282 0.972445 -0.329752
v -2.247282 1.863816 -0.329752
v -2.237934 0.972445 -0.343743
v -2.237934 1.863816 -0.343743
v -2.296158 1.562187 -0.290849
v -2.294935 1.549468 -0.232497
v -2.294936 1.690652 -0.167904
v -2.296158 1.740601 -0.211357
v -2.294935 1.727402 -0.098968
v -2.296157 1.790106 -0.118947
v -2.294936 1.627832 -0.211741
v -2.296157 1.664940 -0.263860
v -2.259396 1.562187 -0.290849
v -2.260617 1.549468 -0.232497
v -2.260617 1.690652 -0.167904
v -2.259395 1.740601 -0.211357
v -2.260617 1.727402 -0.098968
v -2.259395 1.790106 -0.118947
v -2.260618 1.627832 -0.211740
v -2.259395 1.664940 -0.263859
v -2.296157 1.477220 -0.290777
v -2.294935 1.477220 -0.232511
v -2.259395 1.477220 -0.290777
v -2.260617 1.477220 -0.232511
v -2.339552 1.844623 -0.326571
v -2.242929 1.844623 -0.299321
v -2.215679 1.844623 -0.395943
v -2.312301 1.844623 -0.423193
v -2.343064 1.844623 -0.324604
v -2.343064 1.836257 -0.324604
v -2.240963 1.836257 -0.295809
v -2.212167 1.836257 -0.397910
v -2.314268 1.836257 -0.426705
v -2.240963 1.844623 -0.295809
v -2.212167 1.844623 -0.397910
v -2.314268 1.844623 -0.426705
v -2.242929 1.957649 -0.299321
v -2.215679 1.957649 -0.395943
v -2.339552 1.957649 -0.326571
v -2.312301 1.957649 -0.423193
v -0.264115 0.972280 -2.277776
v -0.264115 1.871718 -2.277776
v 0.000000 1.780162 -2.277776
v -0.264115 1.572544 -2.277776
v 0.000000 1.871718 -2.277776
v -0.192459 1.721534 -2.277776
v 0.264115 0.972280 -2.277776
v 0.264115 1.871718 -2.277776
v 0.264115 1.572544 -2.277776
v 0.192459 1.721534 -2.277776
v -0.360752 1.572542 -2.277697
v -0.360752 1.721476 -2.277697
v 1.046942 1.871718 -2.054740
v 1.046942 0.972280 -2.054740
v 0.360752 1.871718 -2.277697
v 0.360752 0.972280 -2.277697
v 0.452683 0.972280 -2.247910
v 0.452683 1.871718 -2.247910
v 0.703872 1.780162 -2.166294
v 0.452683 1.572544 -2.247910
v 0.703872 1.871718 -2.166294
v 0.520832 1.721534 -2.225767
v 0.955060 0.972280 -2.084678
v 0.955060 1.871718 -2.084678
v 0.955060 1.572544 -2.084678
v 0.886911 1.721534 -2.106821
v 1.046942 1.572542 -2.054740
v 1.046942 1.721476 -2.054740
v 0.360752 1.572542 -2.277697
v 0.360752 1.721476 -2.277697
v 1.125170 0.972280 -1.998003
v 1.125170 1.871718 -1.998003
v 1.338843 1.780162 -1.842760
v 1.125170 1.572544 -1.998003
v 1.338843 1.871718 -1.842760
v 1.183141 1.721534 -1.955884
v 1.552517 0.972280 -1.687517
v 1.552517 1.871718 -1.687517
v 1.552517 1.572544 -1.687517
v 1.494546 1.721534 -1.729635
v 2.054740 1.871718 -1.046942
v 2.054740 0.972280 -1.046942
v 1.630651 1.871718 -1.630651
v 1.630651 0.972280 -1.630651
v 1.687517 0.972280 -1.552517
v 1.687517 1.871718 -1.552517
v 1.842760 1.780162 -1.338844
v 1.687517 1.572544 -1.552517
v 1.842760 1.871718 -1.338844
v 1.729635 1.721534 -1.494546
v 1.998003 0.972280 -1.125170
v 1.998003 1.871718 -1.125170
v 1.998003 1.572544 -1.125170
v 1.955885 1.721534 -1.183141
v 2.054740 1.572542 -1.046942
v 2.054740 1.721476 -1.046942
v 1.630651 1.572542 -1.630651
v 1.630651 1.721476 -1.630651
v 2.084678 0.972280 -0.955060
v 2.084678 1.871718 -0.955060
v 2.166294 1.780162 -0.703872
v 2.084678 1.572544 -0.955060
v 2.166294 1.871718 -0.703872
v 2.106821 1.721534 -0.886911
v 2.247910 0.972280 -0.452683
v 2.247910 1.871718 -0.452683
v 2.247910 1.572544 -0.452683
v 2.225767 1.721534 -0.520832
v 2.277697 1.871718 0.360752
v 2.277697 0.972280 0.360752
v 2.277697 1.871718 -0.360752
v 2.277697 0.972280 -0.360752
v 2.277777 0.972280 -0.264115
v 2.277777 1.871718 -0.264115
v 2.277777 1.780162 0.000000
v 2.277777 1.572544 -0.264115
v 2.277777 1.871718 0.000000
v 2.277777 1.721534 -0.192459
v 2.277777 0.972280 0.264115
v 2.277777 1.871718 0.264115
v 2.277777 1.572544 0.264115
v 2.277777 1.721534 0.192459
v 2.277697 1.572542 0.360752
v 2.277697 1.721476 0.360752
v 2.277697 1.572542 -0.360752
v 2.277697 1.721476 -0.360752
v 2.247910 0.972280 0.452683
v 2.247910 1.871718 0.452683
v 2.166294 1.780162 0.703871
v 2.247910 1.572544 0.452683
v 2.166294 1.871718 0.703871
v 2.225767 1.721534 0.520832
v 2.084678 0.972280 0.955060
v 2.084678 1.871718 0.955060
v 2.084678 1.572544 0.955060
v 2.106821 1.721534 0.886911
v 1.630651 1.871718 1.630651
v 1.630651 0.972280 1.630651
v 2.054740 1.871718 1.046942
v 2.054740 0.972280 1.046942
v 1.998003 0.972280 1.125170
v 1.998003 1.871718 1.125170
v 1.842760 1.780162 1.338844
v 1.998003 1.572544 1.125170
v 1.842760 1.871718 1.338844
v 1.955884 1.721534 1.183141
v 1.687517 0.972280 1.552517
v 1.687517 1.871718 1.552517
v 1.687517 1.572544 1.552517
v 1.729636 1.721534 1.494546
v 1.630651 1.572542 1.630651
v 1.630651 1.721476 1.630651
v 2.054740 1.572542 1.046942
v 2.054740 1.721476 1.046942
v 1.552517 0.972280 1.687517
v 1.552517 1.871718 1.687517
v 1.338843 1.780162 1.842760
v 1.552517 1.572544 1.687517
v 1.338843 1.871718 1.842760
v 1.494546 1.721534 1.729636
v 1.125170 0.972280 1.998003
v 1.125170 1.871718 1.998003
v 1.125170 1.572544 1.998003
v 1.183141 1.721534 1.955885
v 0.360752 1.871718 2.277697
v 0.360752 0.972280 2.277697
v 1.046942 1.871718 2.054740
v 1.046942 0.972280 2.054740
v 0.955060 0.972280 2.084678
v 0.955060 1.871718 2.084678
v 0.703872 1.780162 2.166294
v 0.955060 1.572544 2.084678
v 0.703872 1.871718 2.166294
v 0.886911 1.721534 2.106821
v 0.452683 0.972280 2.247910
v 0.452683 1.871718 2.247910
v 0.452683 1.572544 2.247910
v 0.520832 1.721534 2.225767
v 0.360752 1.572542 2.277697
v 0.360752 1.721476 2.277697
v 1.046942 1.572542 2.054740
v 1.046942 1.721476 2.054740
v 0.264115 0.972280 2.277776
v 0.264115 1.871718 2.277776
v 0.000000 1.780162 2.277776
v 0.264115 1.572544 2.277776
v 0.000000 1.871718 2.277776
v 0.192459 1.721534 2.277776
v -0.264116 0.972280 2.277776
v -0.264116 1.871718 2.277776
v -0.264116 1.572544 2.277776
v -0.192459 1.721534 2.277776
v -1.046942 1.871718 2.054740
v -1.046942 0.972280 2.054740
v -0.360752 1.871718 2.277697
v -0.360752 0.972280 2.277697
v -0.452683 0.972280 2.247910
v -0.452683 1.871718 2.247910
v -0.703872 1.780162 2.166294
v -0.452683 1.572544 2.247910
v -0.703872 1.871718 2.166294
v -0.520833 1.721534 2.225767
v -0.955060 0.972280 2.084678
v -0.955060 1.871718 2.084678
v -0.955060 1.572544 2.084678
v -0.886911 1.721534 2.106822
v -1.046942 1.572542 2.054740
v -1.046942 1.721476 2.054740
v -0.360752 1.572542 2.277697
v -0.360752 1.721476 2.277697
v -1.125170 0.972280 1.998003
v -1.125170 1.871718 1.998003
v -1.338844 1.780162 1.842760
v -1.125170 1.572544 1.998003
v -1.338844 1.871718 1.842760
v -1.183141 1.721534 1.955884
v -1.552518 0.972280 1.687517
v -1.552518 1.871718 1.687517
v -1.552518 1.572544 1.687517
v -1.494546 1.721534 1.729635
v -2.054740 1.871718 1.046942
v -2.054740 0.972280 1.046942
v -1.630651 1.871718 1.630651
v -1.630651 0.972280 1.630651
v -1.687517 0.972280 1.552517
v -1.687517 1.871718 1.552517
v -1.842760 1.780162 1.338844
v -1.687517 1.572544 1.552517
v -1.842760 1.871718 1.338844
v -1.729636 1.721534 1.494546
v -1.998003 0.972280 1.125170
v -1.998003 1.871718 1.125170
v -1.998003 1.572544 1.125170
v -1.955885 1.721534 1.183141
v -2.054740 1.572542 1.046942
v -2.054740 1.721476 1.046942
v -1.630651 1.572542 1.630651
v -1.630651 1.721476 1.630651
v -2.084678 0.972280 0.955060
v -2.084678 1.871718 0.955060
v -2.166294 1.780162 0.703872
v -2.084678 1.572544 0.955060
v -2.166294 1.871718 0.703872
v -2.106821 1.721534 0.886911
v -2.247910 0.972280 0.452683
v -2.247910 1.871718 0.452683
v -2.247910 1.572544 0.452683
v -2.225767 1.721534 0.520832
v -2.277697 1.871718 -0.360752
v -2.277697 0.972280 -0.360752
v -2.277697 1.871718 0.360752
v -2.277697 0.972280 0.360752
v -2.277777 0.972280 0.264115
v -2.277777 1.871718 0.264115
v -2.277777 1.780162 -0.000000
v -2.277777 1.572544 0.264115
v -2.277777 1.871718 -0.000000
v -2.277777 1.721534 0.192459
v -2.277777 0.972280 -0.264116
v -2.277777 1.871718 -0.264116
v -2.277777 1.572544 -0.264116
v -2.277777 1.721534 -0.192459
v -2.277697 1.572542 -0.360752
v -2.277697 1.721476 -0.360752
v -2.277697 1.572542 0.360752
v -2.277697 1.721476 0.360752
v -2.247910 0.972280 -0.452683
v -2.247910 1.871718 -0.452683
v -2.166294 1.780162 -0.703872
v -2.247910 1.572544 -0.452683
v -2.166294 1.871718 -0.703872
v -2.225767 1.721534 -0.520833
v -2.084678 0.972280 -0.955061
v -2.084678 1.871718 -0.955061
v -2.084678 1.572544 -0.955061
v -2.106821 1.721534 -0.886911
v -1.630651 1.871718 -1.630651
v -1.630651 0.972280 -1.630651
v -2.054740 1.871718 -1.046943
v -2.054740 0.972280 -1.046943
v -1.998003 0.972280 -1.125170
v -1.998003 1.871718 -1.125170
v -1.842760 1.780162 -1.338844
v -1.998003 1.572544 -1.125170
v -1.842760 1.871718 -1.338844
v -1.955884 1.721534 -1.183141
v -1.687517 0.972280 -1.552518
v -1.687517 1.871718 -1.552518
v -1.687517 1.572544 -1.552518
v -1.729635 1.721534 -1.494546
v -1.630651 1.572542 -1.630651
v -1.630651 1.721476 -1.630651
v -2.054740 1.572542 -1.046943
v -2.054740 1.721476 -1.046943
v -1.552517 0.972280 -1.687517
v -1.552517 1.871718 -1.687517
v -1.338843 1.780162 -1.842760
v -1.552517 1.572544 -1.687517
v -1.338843 1.871718 -1.842760
v -1.494546 1.721534 -1.729635
v -1.125169 0.972280 -1.998003
v -1.125169 1.871718 -1.998003
v -1.125169 1.572544 -1.998003
v -1.183141 1.721534 -1.955885
v -1.046942 1.871718 -2.054740
v -1.046942 0.972280 -2.054740
v -0.955060 0.972280 -2.084679
v -0.955060 1.871718 -2.084679
v -0.703871 1.780162 -2.166294
v -0.955060 1.572544 -2.084679
v -0.703871 1.871718 -2.166294
v -0.886911 1.721534 -2.106821
v -0.452683 0.972280 -2.247910
v -0.452683 1.871718 -2.247910
v -0.452683 1.572544 -2.247910
v -0.520833 1.721534 -2.225768
v -1.046942 1.572542 -2.054740
v -1.046942 1.721476 -2.054740
v 0.000000 2.719485 2.260616
v 0.000000 2.785264 2.259394
v 0.000000 2.785264 2.296156
v 0.000000 2.719485 2.294934
v 0.000000 2.719485 -2.260616
v 0.000000 2.785264 -2.259394
v 0.000000 2.785264 -2.296156
v 0.000000 2.719485 -2.294934
v 0.365236 2.848925 2.306012
v 0.365236 2.926692 2.306012
v 0.356267 2.848925 2.249380
v 0.356267 2.926692 2.249380
v 0.224764 2.485799 2.299513
v 0.298465 2.485799 2.301061
v 0.298327 1.950340 2.301061
v 0.224790 1.950340 2.299513
v 0.224764 2.485799 2.256038
v 0.298465 2.485799 2.254490
v 0.298327 1.950340 2.254490
v 0.224790 1.950340 2.256038
v 0.298458 2.444595 2.301061
v 0.224765 2.444595 2.299513
v 0.298458 2.444595 2.254490
v 0.224765 2.444595 2.256038
v 0.211693 2.485799 2.307222
v 0.311536 2.485799 2.309319
v 0.211693 2.485799 2.248329
v 0.311536 2.485799 2.246231
v 0.311525 2.437646 2.309320
v 0.211695 2.437646 2.307222
v 0.311525 2.437646 2.246231
v 0.211695 2.437646 2.248329
v 0.290849 2.539393 2.296157
v 0.232497 2.526675 2.294935
v 0.167904 2.667858 2.294935
v 0.211357 2.717807 2.296157
v 0.098968 2.704608 2.294935
v 0.118947 2.767313 2.296157
v 0.211741 2.605038 2.294935
v 0.263859 2.642146 2.296157
v 0.290849 2.539393 2.259395
v 0.232497 2.526675 2.260616
v 0.167904 2.667858 2.260617
v 0.211357 2.717807 2.259394
v 0.098968 2.704608 2.260616
v 0.118946 2.767313 2.259394
v 0.211741 2.605038 2.260617
v 0.263859 2.642146 2.259394
v 0.290777 2.454426 2.296157
v 0.232511 2.454426 2.294935
v 0.290777 2.454426 2.259394
v 0.232511 2.454426 2.260616
v 1.059958 2.848925 2.080284
v 1.059958 2.926692 2.080284
v 1.033926 2.848925 2.029195
v 1.033926 2.926692 2.029195
v 0.496826 2.485799 2.256423
v 0.427209 2.485799 2.280670
v 0.427341 1.950340 2.280627
v 0.496800 1.950340 2.256431
v 0.483391 2.485799 2.215076
v 0.412818 2.485799 2.236378
v 0.412950 1.950340 2.236336
v 0.483366 1.950340 2.215084
v 0.427217 2.444595 2.280667
v 0.496824 2.444595 2.256423
v 0.412826 2.444595 2.236377
v 0.483390 2.444595 2.215077
v 0.511638 2.485799 2.259715
v 0.417331 2.485799 2.292563
v 0.924351 2.485799 2.117511
v 0.994924 2.485799 2.096208
v 0.493440 2.485799 2.203705
v 0.397836 2.485799 2.232563
v 0.417341 2.437646 2.292561
v 0.511636 2.437646 2.259716
v 0.397845 2.437646 2.232560
v 0.493438 2.437646 2.203706
v 0.347930 1.949651 2.236601
v 0.347930 2.841022 2.236601
v 0.333250 1.949651 2.244824
v 0.333250 2.841022 2.244824
v 0.322832 1.949651 2.258037
v 0.322832 2.841022 2.258037
v 0.318266 1.949651 2.274235
v 0.318266 2.841022 2.274235
v 0.320243 1.949651 2.290943
v 0.320243 2.841022 2.290943
v 0.328465 1.949651 2.305626
v 0.328465 2.841022 2.305626
v 0.341679 1.949651 2.316042
v 0.341679 2.841022 2.316042
v 0.357873 1.949651 2.320608
v 0.357873 2.841022 2.320608
v 0.374584 1.949651 2.318631
v 0.374584 2.841022 2.318631
v 0.389264 1.949651 2.310408
v 0.389264 2.841022 2.310408
v 0.399682 1.949651 2.297195
v 0.399682 2.841022 2.297195
v 0.404250 1.949651 2.281001
v 0.404250 2.841022 2.281001
v 0.402271 1.949651 2.264290
v 0.402271 2.841022 2.264290
v 0.394050 1.949651 2.249610
v 0.394050 2.841022 2.249610
v 0.380835 1.949651 2.239191
v 0.380835 2.841022 2.239191
v 0.364641 1.949651 2.234624
v 0.364641 2.841022 2.234624
v 0.698569 2.719485 2.149973
v 0.698191 2.785264 2.148812
v 0.709551 2.785264 2.183775
v 0.709174 2.719485 2.182612
v 0.994793 1.950340 2.096251
v 0.924377 1.950340 2.117503
v 0.432938 2.539393 2.273653
v 0.488056 2.526675 2.254458
v 0.910917 2.485799 2.076165
v 0.980533 2.485799 2.051917
v 0.980402 1.950340 2.051960
v 0.910942 1.950340 2.076156
v 0.994917 2.444595 2.096210
v 0.924353 2.444595 2.117511
v 0.980526 2.444595 2.051920
v 0.910919 2.444595 2.076164
v 0.549487 2.667858 2.234499
v 0.508539 2.717807 2.249088
v 0.615050 2.704608 2.213195
v 0.596427 2.767313 2.220532
v 0.507797 2.605038 2.248045
v 0.458606 2.642146 2.265312
v 0.421578 2.539393 2.238690
v 0.477451 2.526675 2.221819
v 0.914303 2.485799 2.128882
v 1.009907 2.485799 2.100024
v 0.896104 2.485799 2.072871
v 0.990412 2.485799 2.040023
v 1.009897 2.437646 2.100028
v 0.914305 2.437646 2.128881
v 0.538882 2.667858 2.201860
v 0.497179 2.717807 2.214125
v 0.604445 2.704608 2.180557
v 0.585066 2.767313 2.185569
v 0.990402 2.437646 2.040026
v 0.896106 2.437646 2.072871
v 0.986165 2.539393 2.093898
v 0.930291 2.526675 2.110767
v 0.868861 2.667858 2.130728
v 0.910564 2.717807 2.118463
v 0.803298 2.704608 2.152030
v 0.822676 2.767313 2.147019
v 0.910551 2.605038 2.117182
v 0.960497 2.642146 2.102238
v 0.974805 2.539393 2.058935
v 0.919686 2.526675 2.078129
v 0.858256 2.667858 2.098089
v 0.899203 2.717807 2.083499
v 0.792693 2.704608 2.119391
v 0.811316 2.767313 2.112056
v 0.899946 2.605038 2.084544
v 0.949136 2.642146 2.067275
v 0.497192 2.605038 2.215406
v 0.447246 2.642146 2.230349
v 0.433006 2.454426 2.273630
v 0.488043 2.454426 2.254462
v 0.421646 2.454426 2.238667
v 0.477438 2.454426 2.221824
v 0.326571 2.821829 2.339552
v 0.299321 2.821829 2.242929
v 0.395942 2.821829 2.215679
v 0.423193 2.821829 2.312302
v 0.324604 2.821829 2.343064
v 0.324604 2.813463 2.343064
v 0.295809 2.813463 2.240963
v 0.397910 2.813463 2.212167
v 0.426705 2.813463 2.314268
v 0.295809 2.821829 2.240963
v 0.397910 2.821829 2.212167
v 0.426705 2.821829 2.314268
v 0.299321 2.934855 2.242929
v 0.395942 2.934855 2.215679
v 0.326571 2.934855 2.339552
v 0.423193 2.934855 2.312302
v 0.986097 2.454426 2.093920
v 0.930304 2.454426 2.110763
v 0.974736 2.454426 2.058957
v 0.919699 2.454426 2.078124
v 1.650923 2.848925 1.650923
v 1.650923 2.926692 1.650923
v 1.610378 2.848925 1.610378
v 1.610378 2.926692 1.610378
v 1.169782 2.485799 1.992458
v 1.111066 2.485799 2.037031
v 1.111178 1.950340 2.036950
v 1.169761 1.950340 1.992473
v 1.144229 2.485799 1.957286
v 1.083692 2.485799 1.999354
v 1.083804 1.950340 1.999274
v 1.144207 1.950340 1.957302
v 1.111072 2.444595 2.037026
v 1.169781 2.444595 1.992459
v 1.083699 2.444595 1.999350
v 1.144227 2.444595 1.957287
v 1.184887 2.485799 1.991012
v 1.105346 2.485799 2.051395
v 1.533457 2.485799 1.728232
v 1.593993 2.485799 1.686164
v 1.150271 2.485799 1.943367
v 1.068264 2.485799 2.000355
v 1.105355 2.437646 2.051389
v 1.184886 2.437646 1.991013
v 1.068272 2.437646 2.000349
v 1.150269 2.437646 1.943368
v 1.022049 1.949651 2.019617
v 1.022049 2.841022 2.019617
v 1.010628 1.949651 2.031974
v 1.010628 2.841022 2.031974
v 1.004803 1.949651 2.047760
v 1.004803 2.841022 2.047760
v 1.005465 1.949651 2.064576
v 1.005465 2.841022 2.064576
v 1.012509 1.949651 2.079856
v 1.012509 2.841022 2.079856
v 1.024866 1.949651 2.091279
v 1.024866 2.841022 2.091279
v 1.040652 1.949651 2.097102
v 1.040652 2.841022 2.097102
v 1.057465 1.949651 2.096440
v 1.057465 2.841022 2.096440
v 1.072747 1.949651 2.089396
v 1.072747 2.841022 2.089396
v 1.084168 1.949651 2.077039
v 1.084168 2.841022 2.077039
v 1.089992 1.949651 2.061254
v 1.089992 2.841022 2.061254
v 1.089332 1.949651 2.044441
v 1.089332 2.841022 2.044441
v 1.082287 1.949651 2.029159
v 1.082287 2.841022 2.029159
v 1.069932 1.949651 2.017738
v 1.069932 2.841022 2.017738
v 1.054144 1.949651 2.011913
v 1.054144 2.841022 2.011913
v 1.037331 1.949651 2.012573
v 1.037331 2.841022 2.012573
v 1.328756 2.719485 1.828876
v 1.328038 2.785264 1.827888
v 1.349647 2.785264 1.857630
v 1.348928 2.719485 1.856641
v 1.593881 1.950340 1.686245
v 1.533479 1.950340 1.728217
v 1.114346 2.539393 2.028587
v 1.160835 2.526675 1.993299
v 1.507904 2.485799 1.693061
v 1.566619 2.485799 1.648487
v 1.566508 1.950340 1.648569
v 1.507925 1.950340 1.693045
v 1.593987 2.444595 1.686168
v 1.533458 2.444595 1.728231
v 1.566614 2.444595 1.648492
v 1.507905 2.444595 1.693060
v 1.213091 2.667858 1.955333
v 1.178656 2.717807 1.981863
v 1.268862 2.704608 1.914813
v 1.253417 2.767313 1.927545
v 1.177627 2.605038 1.981100
v 1.136180 2.642146 2.012722
v 1.092737 2.539393 1.998846
v 1.140663 2.526675 1.965535
v 1.527414 2.485799 1.742151
v 1.609422 2.485799 1.685163
v 1.492798 2.485799 1.694506
v 1.572339 2.485799 1.634123
v 1.609414 2.437646 1.685169
v 1.527416 2.437646 1.742150
v 1.192920 2.667858 1.927569
v 1.157048 2.717807 1.952121
v 1.248690 2.704608 1.887049
v 1.231809 2.767313 1.897804
v 1.572331 2.437646 1.634129
v 1.492800 2.437646 1.694505
v 1.584949 2.539393 1.686674
v 1.537022 2.526675 1.719983
v 1.484766 2.667858 1.757950
v 1.520638 2.717807 1.733398
v 1.428995 2.704608 1.798469
v 1.445877 2.767313 1.787715
v 1.520231 2.605038 1.732184
v 1.563114 2.642146 1.702537
v 1.563341 2.539393 1.656932
v 1.516851 2.526675 1.692219
v 1.464595 2.667858 1.730186
v 1.499030 2.717807 1.703656
v 1.408824 2.704608 1.770705
v 1.424268 2.767313 1.757974
v 1.500059 2.605038 1.704420
v 1.541505 2.642146 1.672796
v 1.157456 2.605038 1.953336
v 1.114572 2.642146 1.982981
v 1.114404 2.454426 2.028544
v 1.160824 2.454426 1.993307
v 1.092795 2.454426 1.998803
v 1.140652 2.454426 1.965543
v 1.033549 2.821829 2.124130
v 0.977775 2.821829 2.040657
v 1.061246 2.821829 1.984883
v 1.117021 2.821829 2.068356
v 1.032763 2.821829 2.128078
v 1.032763 2.813463 2.128078
v 0.973826 2.813463 2.039872
v 1.062032 2.813463 1.980935
v 1.120969 2.813463 2.069141
v 0.973826 2.821829 2.039872
v 1.062032 2.821829 1.980935
v 1.120969 2.821829 2.069141
v 0.977775 2.934855 2.040657
v 1.061246 2.934855 1.984883
v 1.033549 2.934855 2.124130
v 1.117021 2.934855 2.068356
v 1.584890 2.454426 1.686716
v 1.537034 2.454426 1.719975
v 1.563282 2.454426 1.656974
v 1.516862 2.454426 1.692211
v 2.080284 2.848925 1.059958
v 2.080284 2.926692 1.059958
v 2.029194 2.848925 1.033926
v 2.029194 2.926692 1.033926
v 1.728232 2.485799 1.533458
v 1.686164 2.485799 1.593993
v 1.686245 1.950340 1.593882
v 1.728217 1.950340 1.533479
v 1.693061 2.485799 1.507904
v 1.648487 2.485799 1.566620
v 1.648569 1.950340 1.566509
v 1.693045 1.950340 1.507926
v 1.686168 2.444595 1.593987
v 1.728231 2.444595 1.533459
v 1.648492 2.444595 1.566614
v 1.693060 2.444595 1.507905
v 1.742151 2.485799 1.527415
v 1.685163 2.485799 1.609422
v 1.992458 2.485799 1.169783
v 2.037031 2.485799 1.111066
v 1.694506 2.485799 1.492798
v 1.634123 2.485799 1.572340
v 1.685169 2.437646 1.609414
v 1.742150 2.437646 1.527416
v 1.634129 2.437646 1.572331
v 1.694505 2.437646 1.492800
v 1.596123 1.949651 1.604940
v 1.596123 2.841022 1.604940
v 1.589079 1.949651 1.620221
v 1.589079 2.841022 1.620221
v 1.588417 1.949651 1.637034
v 1.588417 2.841022 1.637034
v 1.594244 1.949651 1.652823
v 1.594244 2.841022 1.652823
v 1.605664 1.949651 1.665178
v 1.605664 2.841022 1.665178
v 1.620947 1.949651 1.672224
v 1.620947 2.841022 1.672224
v 1.637759 1.949651 1.672883
v 1.637759 2.841022 1.672883
v 1.653545 1.949651 1.667058
v 1.653545 2.841022 1.667058
v 1.665902 1.949651 1.655638
v 1.665902 2.841022 1.655638
v 1.672946 1.949651 1.640356
v 1.672946 2.841022 1.640356
v 1.673607 1.949651 1.623543
v 1.673607 2.841022 1.623543
v 1.667784 1.949651 1.607757
v 1.667784 2.841022 1.607757
v 1.656360 1.949651 1.595400
v 1.656360 2.841022 1.595400
v 1.641081 1.949651 1.588356
v 1.641081 2.841022 1.588356
v 1.624266 1.949651 1.587694
v 1.624266 2.841022 1.587694
v 1.608479 1.949651 1.593519
v 1.608479 2.841022 1.593519
v 1.828877 2.719485 1.328757
v 1.827888 2.785264 1.328039
v 1.857630 2.785264 1.349647
v 1.856641 2.719485 1.348929
v 2.036950 1.950340 1.111178
v 1.992473 1.950340 1.169761
v 1.686674 2.539393 1.584949
v 1.719983 2.526675 1.537023
v 1.957286 2.485799 1.144229
v 1.999354 2.485799 1.083693
v 1.999274 1.950340 1.083805
v 1.957302 1.950340 1.144207
v 2.037026 2.444595 1.111073
v 1.992459 2.444595 1.169781
v 1.999350 2.444595 1.083699
v 1.957287 2.444595 1.144228
v 1.757950 2.667858 1.484767
v 1.733398 2.717807 1.520639
v 1.798469 2.704608 1.428996
v 1.787715 2.767313 1.445877
v 1.732184 2.605038 1.520231
v 1.702537 2.642146 1.563114
v 1.656932 2.539393 1.563341
v 1.692219 2.526675 1.516851
v 1.991012 2.485799 1.184888
v 2.051395 2.485799 1.105347
v 1.943367 2.485799 1.150272
v 2.000355 2.485799 1.068264
v 2.051389 2.437646 1.105356
v 1.991013 2.437646 1.184886
v 1.730186 2.667858 1.464595
v 1.703656 2.717807 1.499030
v 1.770705 2.704608 1.408824
v 1.757974 2.767313 1.424269
v 2.000349 2.437646 1.068273
v 1.943368 2.437646 1.150270
v 2.028587 2.539393 1.114346
v 1.993299 2.526675 1.160835
v 1.955333 2.667858 1.213092
v 1.981863 2.717807 1.178657
v 1.914813 2.704608 1.268862
v 1.927545 2.767313 1.253418
v 1.981100 2.605038 1.177628
v 2.012723 2.642146 1.136181
v 1.998846 2.539393 1.092738
v 1.965535 2.526675 1.140664
v 1.927569 2.667858 1.192920
v 1.952121 2.717807 1.157048
v 1.887049 2.704608 1.248691
v 1.897804 2.767313 1.231809
v 1.953336 2.605038 1.157456
v 1.982981 2.642146 1.114573
v 1.704420 2.605038 1.500060
v 1.672796 2.642146 1.541506
v 1.686716 2.454426 1.584891
v 1.719975 2.454426 1.537034
v 1.656974 2.454426 1.563282
v 1.692211 2.454426 1.516862
v 1.639356 2.821829 1.700783
v 1.560517 2.821829 1.638632
v 1.622668 2.821829 1.559793
v 1.701507 2.821829 1.621945
v 1.639829 2.821829 1.704781
v 1.639829 2.813463 1.704781
v 1.556519 2.813463 1.639105
v 1.622195 2.813463 1.555796
v 1.705504 2.813463 1.621472
v 1.556519 2.821829 1.639105
v 1.622195 2.821829 1.555796
v 1.705504 2.821829 1.621472
v 1.560517 2.934855 1.638632
v 1.622668 2.934855 1.559793
v 1.639356 2.934855 1.700783
v 1.701507 2.934855 1.621945
v 2.028544 2.454426 1.114404
v 1.993307 2.454426 1.160824
v 1.998803 2.454426 1.092796
v 1.965543 2.454426 1.140652
v 2.306013 2.848925 0.365237
v 2.306013 2.926692 0.365237
v 2.249380 2.848925 0.356267
v 2.249380 2.926692 0.356267
v 2.117511 2.485799 0.924351
v 2.096208 2.485799 0.994924
v 2.096251 1.950340 0.994793
v 2.117503 1.950340 0.924377
v 2.076164 2.485799 0.910917
v 2.051917 2.485799 0.980533
v 2.051960 1.950340 0.980402
v 2.076156 1.950340 0.910942
v 2.096210 2.444595 0.994917
v 2.117511 2.444595 0.924353
v 2.051919 2.444595 0.980526
v 2.076164 2.444595 0.910919
v 2.128881 2.485799 0.914303
v 2.100024 2.485799 1.009907
v 2.256422 2.485799 0.496826
v 2.280670 2.485799 0.427209
v 2.072871 2.485799 0.896104
v 2.040023 2.485799 0.990412
v 2.100028 2.437646 1.009897
v 2.128881 2.437646 0.914305
v 2.040026 2.437646 0.990402
v 2.072871 2.437646 0.896106
v 2.013957 1.949651 1.033159
v 2.013957 2.841022 1.033159
v 2.011980 1.949651 1.049869
v 2.011980 2.841022 1.049869
v 2.016546 1.949651 1.066064
v 2.016546 2.841022 1.066064
v 2.026966 1.949651 1.079279
v 2.026966 2.841022 1.079279
v 2.041646 1.949651 1.087500
v 2.041646 2.841022 1.087500
v 2.058357 1.949651 1.089479
v 2.058357 2.841022 1.089479
v 2.074551 1.949651 1.084911
v 2.074551 2.841022 1.084911
v 2.087764 1.949651 1.074493
v 2.087764 2.841022 1.074493
v 2.095987 1.949651 1.059813
v 2.095987 2.841022 1.059813
v 2.097964 1.949651 1.043102
v 2.097964 2.841022 1.043102
v 2.093397 1.949651 1.026908
v 2.093397 2.841022 1.026908
v 2.082981 1.949651 1.013694
v 2.082981 2.841022 1.013694
v 2.068298 1.949651 1.005472
v 2.068298 2.841022 1.005472
v 2.051590 1.949651 1.003494
v 2.051590 2.841022 1.003494
v 2.035393 1.949651 1.008061
v 2.035393 2.841022 1.008061
v 2.022179 1.949651 1.018478
v 2.022179 2.841022 1.018478
v 2.149973 2.719485 0.698569
v 2.148812 2.785264 0.698191
v 2.183774 2.785264 0.709551
v 2.182612 2.719485 0.709174
v 2.280627 1.950340 0.427341
v 2.256431 1.950340 0.496800
v 2.093898 2.539393 0.986165
v 2.110767 2.526675 0.930291
v 2.215076 2.485799 0.483391
v 2.236378 2.485799 0.412818
v 2.236336 1.950340 0.412950
v 2.215084 1.950340 0.483366
v 2.280667 2.444595 0.427217
v 2.256423 2.444595 0.496824
v 2.236377 2.444595 0.412826
v 2.215076 2.444595 0.483390
v 2.130728 2.667858 0.868861
v 2.118463 2.717807 0.910564
v 2.152030 2.704608 0.803298
v 2.147019 2.767313 0.822676
v 2.117182 2.605038 0.910551
v 2.102238 2.642146 0.960497
v 2.058935 2.539393 0.974805
v 2.078128 2.526675 0.919686
v 2.259715 2.485799 0.511638
v 2.292563 2.485799 0.417331
v 2.203705 2.485799 0.493440
v 2.232563 2.485799 0.397836
v 2.292561 2.437646 0.417341
v 2.259716 2.437646 0.511636
v 2.098089 2.667858 0.858256
v 2.083499 2.717807 0.899203
v 2.119391 2.704608 0.792693
v 2.112056 2.767313 0.811316
v 2.232559 2.437646 0.397846
v 2.203706 2.437646 0.493438
v 2.273653 2.539393 0.432938
v 2.254458 2.526675 0.488056
v 2.234499 2.667858 0.549487
v 2.249088 2.717807 0.508540
v 2.213195 2.704608 0.615050
v 2.220531 2.767313 0.596427
v 2.248045 2.605038 0.507797
v 2.265312 2.642146 0.458606
v 2.238690 2.539393 0.421578
v 2.221819 2.526675 0.477451
v 2.201860 2.667858 0.538882
v 2.214125 2.717807 0.497179
v 2.180557 2.704608 0.604445
v 2.185569 2.767313 0.585066
v 2.215406 2.605038 0.497192
v 2.230349 2.642146 0.447246
v 2.084543 2.605038 0.899946
v 2.067275 2.642146 0.949136
v 2.093920 2.454426 0.986097
v 2.110763 2.454426 0.930304
v 2.058957 2.454426 0.974736
v 2.078124 2.454426 0.919699
v 2.084691 2.821829 1.110952
v 1.990505 2.821829 1.076205
v 2.025251 2.821829 0.982019
v 2.119438 2.821829 1.016766
v 2.086376 2.821829 1.114608
v 2.086376 2.813463 1.114608
v 1.986849 2.813463 1.077890
v 2.023566 2.813463 0.978364
v 2.123093 2.813463 1.015081
v 1.986849 2.821829 1.077890
v 2.023566 2.821829 0.978364
v 2.123093 2.821829 1.015081
v 1.990505 2.934855 1.076205
v 2.025251 2.934855 0.982019
v 2.084691 2.934855 1.110952
v 2.119438 2.934855 1.016766
v 2.273630 2.454426 0.433007
v 2.254462 2.454426 0.488043
v 2.238667 2.454426 0.421646
v 2.221824 2.454426 0.477438
v 2.299513 2.485799 0.224764
v 2.301061 2.485799 0.298466
v 2.301061 1.950340 0.298327
v 2.299513 1.950340 0.224790
v 2.256039 2.485799 0.224764
v 2.254490 2.485799 0.298465
v 2.254491 1.950340 0.298327
v 2.256039 1.950340 0.224790
v 2.301061 2.444595 0.298458
v 2.299513 2.444595 0.224765
v 2.254491 2.444595 0.298458
v 2.256039 2.444595 0.224765
v 2.307222 2.485799 0.211693
v 2.309320 2.485799 0.311536
v 2.248329 2.485799 0.211693
v 2.246232 2.485799 0.311536
v 2.309320 2.437646 0.311525
v 2.307222 2.437646 0.211695
v 2.246232 2.437646 0.311525
v 2.248330 2.437646 0.211695
v 2.234650 1.949651 0.360246
v 2.234650 2.841022 0.360246
v 2.237934 1.949651 0.376749
v 2.237934 2.841022 0.376749
v 2.247281 1.949651 0.390740
v 2.247281 2.841022 0.390740
v 2.261275 1.949651 0.400089
v 2.261275 2.841022 0.400089
v 2.277777 1.949651 0.403371
v 2.277777 2.841022 0.403371
v 2.294282 1.949651 0.400089
v 2.294282 2.841022 0.400089
v 2.308271 1.949651 0.390740
v 2.308271 2.841022 0.390740
v 2.317618 1.949651 0.376749
v 2.317618 2.841022 0.376749
v 2.320903 1.949651 0.360246
v 2.320903 2.841022 0.360246
v 2.317619 1.949651 0.343743
v 2.317619 2.841022 0.343743
v 2.308271 1.949651 0.329752
v 2.308271 2.841022 0.329752
v 2.294281 1.949651 0.320404
v 2.294281 2.841022 0.320404
v 2.277776 1.949651 0.317121
v 2.277776 2.841022 0.317121
v 2.261275 1.949651 0.320404
v 2.261275 2.841022 0.320404
v 2.247282 1.949651 0.329752
v 2.247282 2.841022 0.329752
v 2.237934 1.949651 0.343743
v 2.237934 2.841022 0.343743
v 2.260616 2.719485 0.000000
v 2.259394 2.785264 0.000000
v 2.296157 2.785264 0.000000
v 2.294934 2.719485 0.000000
v 2.296158 2.539393 0.290849
v 2.294935 2.526675 0.232497
v 2.294936 2.667858 0.167904
v 2.296158 2.717807 0.211357
v 2.294935 2.704608 0.098968
v 2.296157 2.767313 0.118947
v 2.294936 2.605038 0.211741
v 2.296157 2.642146 0.263860
v 2.259396 2.539393 0.290849
v 2.260617 2.526675 0.232497
v 2.260617 2.667858 0.167904
v 2.259395 2.717807 0.211357
v 2.260617 2.704608 0.098968
v 2.259395 2.767313 0.118947
v 2.260618 2.605038 0.211740
v 2.259395 2.642146 0.263859
v 2.296157 2.454426 0.290777
v 2.294935 2.454426 0.232511
v 2.259395 2.454426 0.290777
v 2.260617 2.454426 0.232511
v 2.339552 2.821829 0.326571
v 2.242929 2.821829 0.299321
v 2.215679 2.821829 0.395943
v 2.312301 2.821829 0.423193
v 2.343064 2.821829 0.324604
v 2.343064 2.813463 0.324604
v 2.240963 2.813463 0.295809
v 2.212167 2.813463 0.397910
v 2.314268 2.813463 0.426705
v 2.240963 2.821829 0.295809
v 2.212167 2.821829 0.397910
v 2.314268 2.821829 0.426705
v 2.242929 2.934855 0.299321
v 2.215679 2.934855 0.395943
v 2.339552 2.934855 0.326571
v 2.312301 2.934855 0.423193
v 0.365236 2.848925 -2.306012
v 0.365236 2.926692 -2.306012
v 0.356267 2.848925 -2.249380
v 0.356267 2.926692 -2.249380
v 0.224764 2.485799 -2.299513
v 0.298465 2.485799 -2.301061
v 0.298327 1.950340 -2.301061
v 0.224790 1.950340 -2.299513
v 0.224764 2.485799 -2.256038
v 0.298465 2.485799 -2.254490
v 0.298327 1.950340 -2.254490
v 0.224790 1.950340 -2.256038
v 0.298458 2.444595 -2.301061
v 0.224765 2.444595 -2.299513
v 0.298458 2.444595 -2.254490
v 0.224765 2.444595 -2.256038
v 0.211693 2.485799 -2.307222
v 0.311536 2.485799 -2.309319
v 0.211693 2.485799 -2.248329
v 0.311536 2.485799 -2.246231
v 0.311525 2.437646 -2.309320
v 0.211695 2.437646 -2.307222
v 0.311525 2.437646 -2.246231
v 0.211695 2.437646 -2.248329
v 0.290849 2.539393 -2.296157
v 0.232497 2.526675 -2.294935
v 0.167904 2.667858 -2.294935
v 0.211357 2.717807 -2.296157
v 0.098968 2.704608 -2.294935
v 0.118947 2.767313 -2.296157
v 0.211741 2.605038 -2.294935
v 0.263859 2.642146 -2.296157
v 0.290849 2.539393 -2.259395
v 0.232497 2.526675 -2.260616
v 0.167904 2.667858 -2.260617
v 0.211357 2.717807 -2.259394
v 0.098968 2.704608 -2.260616
v 0.118946 2.767313 -2.259394
v 0.211741 2.605038 -2.260617
v 0.263859 2.642146 -2.259394
v 0.290777 2.454426 -2.296157
v 0.232511 2.454426 -2.294935
v 0.290777 2.454426 -2.259394
v 0.232511 2.454426 -2.260616
v 1.059958 2.848925 -2.080284
v 1.059958 2.926692 -2.080284
v 1.033926 2.848925 -2.029195
v 1.033926 2.926692 -2.029195
v 0.496826 2.485799 -2.256423
v 0.427209 2.485799 -2.280670
v 0.427341 1.950340 -2.280627
v 0.496800 1.950340 -2.256431
v 0.483391 2.485799 -2.215076
v 0.412818 2.485799 -2.236378
v 0.412950 1.950340 -2.236336
v 0.483366 1.950340 -2.215084
v 0.427217 2.444595 -2.280667
v 0.496824 2.444595 -2.256423
v 0.412826 2.444595 -2.236377
v 0.483390 2.444595 -2.215077
v 0.511638 2.485799 -2.259715
v 0.417331 2.485799 -2.292563
v 0.924351 2.485799 -2.117511
v 0.994924 2.485799 -2.096208
v 0.493440 2.485799 -2.203705
v 0.397836 2.485799 -2.232563
v 0.417341 2.437646 -2.292561
v 0.511636 2.437646 -2.259716
v 0.397845 2.437646 -2.232560
v 0.493438 2.437646 -2.203706
v 0.347930 1.949651 -2.236601
v 0.347930 2.841022 -2.236601
v 0.333250 1.949651 -2.244824
v 0.333250 2.841022 -2.244824
v 0.322832 1.949651 -2.258037
v 0.322832 2.841022 -2.258037
v 0.318266 1.949651 -2.274235
v 0.318266 2.841022 -2.274235
v 0.320243 1.949651 -2.290943
v 0.320243 2.841022 -2.290943
v 0.328465 1.949651 -2.305626
v 0.328465 2.841022 -2.305626
v 0.341679 1.949651 -2.316042
v 0.341679 2.841022 -2.316042
v 0.357873 1.949651 -2.320608
v 0.357873 2.841022 -2.320608
v 0.374584 1.949651 -2.318631
v 0.374584 2.841022 -2.318631
v 0.389264 1.949651 -2.310408
v 0.389264 2.841022 -2.310408
v 0.399682 1.949651 -2.297195
v 0.399682 2.841022 -2.297195
v 0.404250 1.949651 -2.281001
v 0.404250 2.841022 -2.281001
v 0.402271 1.949651 -2.264290
v 0.402271 2.841022 -2.264290
v 0.394050 1.949651 -2.249610
v 0.394050 2.841022 -2.249610
v 0.380835 1.949651 -2.239191
v 0.380835 2.841022 -2.239191
v 0.364641 1.949651 -2.234624
v 0.364641 2.841022 -2.234624
v 0.698569 2.719485 -2.149973
v 0.698191 2.785264 -2.148812
v 0.709551 2.785264 -2.183775
v 0.709174 2.719485 -2.182612
v 0.994793 1.950340 -2.096251
v 0.924377 1.950340 -2.117503
v 0.432938 2.539393 -2.273653
v 0.488056 2.526675 -2.254458
v 0.910917 2.485799 -2.076165
v 0.980533 2.485799 -2.051917
v 0.980402 1.950340 -2.051960
v 0.910942 1.950340 -2.076156
v 0.994917 2.444595 -2.096210
v 0.924353 2.444595 -2.117511
v 0.980526 2.444595 -2.051920
v 0.910919 2.444595 -2.076164
v 0.549487 2.667858 -2.234499
v 0.508539 2.717807 -2.249088
v 0.615050 2.704608 -2.213195
v 0.596427 2.767313 -2.220532
v 0.507797 2.605038 -2.248045
v 0.458606 2.642146 -2.265312
v 0.421578 2.539393 -2.238690
v 0.477451 2.526675 -2.221819
v 0.914303 2.485799 -2.128882
v 1.009907 2.485799 -2.100024
v 0.896104 2.485799 -2.072871
v 0.990412 2.485799 -2.040023
v 1.009897 2.437646 -2.100028
v 0.914305 2.437646 -2.128881
v 0.538882 2.667858 -2.201860
v 0.497179 2.717807 -2.214125
v 0.604445 2.704608 -2.180557
v 0.585066 2.767313 -2.185569
v 0.990402 2.437646 -2.040026
v 0.896106 2.437646 -2.072871
v 0.986165 2.539393 -2.093898
v 0.930291 2.526675 -2.110767
v 0.868861 2.667858 -2.130728
v 0.910564 2.717807 -2.118463
v 0.803298 2.704608 -2.152030
v 0.822676 2.767313 -2.147019
v 0.910551 2.605038 -2.117182
v 0.960497 2.642146 -2.102238
v 0.974805 2.539393 -2.058935
v 0.919686 2.526675 -2.078129
v 0.858256 2.667858 -2.098089
v 0.899203 2.717807 -2.083499
v 0.792693 2.704608 -2.119391
v 0.811316 2.767313 -2.112056
v 0.899946 2.605038 -2.084544
v 0.949136 2.642146 -2.067275
v 0.497192 2.605038 -2.215406
v 0.447246 2.642146 -2.230349
v 0.433006 2.454426 -2.273630
v 0.488043 2.454426 -2.254462
v 0.421646 2.454426 -2.238667
v 0.477438 2.454426 -2.221824
v 0.326571 2.821829 -2.339552
v 0.299321 2.821829 -2.242929
v 0.395942 2.821829 -2.215679
v 0.423193 2.821829 -2.312302
v 0.324604 2.821829 -2.343064
v 0.324604 2.813463 -2.343064
v 0.295809 2.813463 -2.240963
v 0.397910 2.813463 -2.212167
v 0.426705 2.813463 -2.314268
v 0.295809 2.821829 -2.240963
v 0.397910 2.821829 -2.212167
v 0.426705 2.821829 -2.314268
v 0.299321 2.934855 -2.242929
v 0.395942 2.934855 -2.215679
v 0.326571 2.934855 -2.339552
v 0.423193 2.934855 -2.312302
v 0.986097 2.454426 -2.093920
v 0.930304 2.454426 -2.110763
v 0.974736 2.454426 -2.058957
v 0.919699 2.454426 -2.078124
v 1.650923 2.848925 -1.650923
v 1.650923 2.926692 -1.650923
v 1.610378 2.848925 -1.610378
v 1.610378 2.926692 -1.610378
v 1.169782 2.485799 -1.992458
v 1.111066 2.485799 -2.037031
v 1.111178 1.950340 -2.036950
v 1.169761 1.950340 -1.992473
v 1.144229 2.485799 -1.957286
v 1.083692 2.485799 -1.999354
v 1.083804 1.950340 -1.999274
v 1.144207 1.950340 -1.957302
v 1.111072 2.444595 -2.037026
v 1.169781 2.444595 -1.992459
v 1.083699 2.444595 -1.999350
v 1.144227 2.444595 -1.957287
v 1.184887 2.485799 -1.991012
v 1.105346 2.485799 -2.051395
v 1.533457 2.485799 -1.728232
v 1.593993 2.485799 -1.686164
v 1.150271 2.485799 -1.943367
v 1.068264 2.485799 -2.000355
v 1.105355 2.437646 -2.051389
v 1.184886 2.437646 -1.991013
v 1.068272 2.437646 -2.000349
v 1.150269 2.437646 -1.943368
v 1.022049 1.949651 -2.019617
v 1.022049 2.841022 -2.019617
v 1.010628 1.949651 -2.031974
v 1.010628 2.841022 -2.031974
v 1.004803 1.949651 -2.047760
v 1.004803 2.841022 -2.047760
v 1.005465 1.949651 -2.064576
v 1.005465 2.841022 -2.064576
v 1.012509 1.949651 -2.079856
v 1.012509 2.841022 -2.079856
v 1.024866 1.949651 -2.091279
v 1.024866 2.841022 -2.091279
v 1.040652 1.949651 -2.097102
v 1.040652 2.841022 -2.097102
v 1.057465 1.949651 -2.096440
v 1.057465 2.841022 -2.096440
v 1.072747 1.949651 -2.089396
v 1.072747 2.841022 -2.089396
v 1.084168 1.949651 -2.077039
v 1.084168 2.841022 -2.077039
v 1.089992 1.949651 -2.061254
v 1.089992 2.841022 -2.061254
v 1.089332 1.949651 -2.044441
v 1.089332 2.841022 -2.044441
v 1.082287 1.949651 -2.029159
v 1.082287 2.841022 -2.029159
v 1.069932 1.949651 -2.017738
v 1.069932 2.841022 -2.017738
v 1.054144 1.949651 -2.011913
v 1.054144 2.841022 -2.011913
v 1.037331 1.949651 -2.012573
v 1.037331 2.841022 -2.012573
v 1.328756 2.719485 -1.828876
v 1.328038 2.785264 -1.827888
v 1.349647 2.785264 -1.857630
v 1.348928 2.719485 -1.856641
v 1.593881 1.950340 -1.686245
v 1.533479 1.950340 -1.728217
v 1.114346 2.539393 -2.028587
v 1.160835 2.526675 -1.993299
v 1.507904 2.485799 -1.693061
v 1.566619 2.485799 -1.648487
v 1.566508 1.950340 -1.648569
v 1.507925 1.950340 -1.693045
v 1.593987 2.444595 -1.686168
v 1.533458 2.444595 -1.728231
v 1.566614 2.444595 -1.648492
v 1.507905 2.444595 -1.693060
v 1.213091 2.667858 -1.955333
v 1.178656 2.717807 -1.981863
v 1.268862 2.704608 -1.914813
v 1.253417 2.767313 -1.927545
v 1.177627 2.605038 -1.981100
v 1.136180 2.642146 -2.012722
v 1.092737 2.539393 -1.998846
v 1.140663 2.526675 -1.965535
v 1.527414 2.485799 -1.742151
v 1.609422 2.485799 -1.685163
v 1.492798 2.485799 -1.694506
v 1.572339 2.485799 -1.634123
v 1.609414 2.437646 -1.685169
v 1.527416 2.437646 -1.742150
v 1.192920 2.667858 -1.927569
v 1.157048 2.717807 -1.952121
v 1.248690 2.704608 -1.887049
v 1.231809 2.767313 -1.897804
v 1.572331 2.437646 -1.634129
v 1.492800 2.437646 -1.694505
v 1.584949 2.539393 -1.686674
v 1.537022 2.526675 -1.719983
v 1.484766 2.667858 -1.757950
v 1.520638 2.717807 -1.733398
v 1.428995 2.704608 -1.798469
v 1.445877 2.767313 -1.787715
v 1.520231 2.605038 -1.732184
v 1.563114 2.642146 -1.702537
v 1.563341 2.539393 -1.656932
v 1.516851 2.526675 -1.692219
v 1.464595 2.667858 -1.730186
v 1.499030 2.717807 -1.703656
v 1.408824 2.704608 -1.770705
v 1.424268 2.767313 -1.757974
v 1.500059 2.605038 -1.704420
v 1.541505 2.642146 -1.672796
v 1.157456 2.605038 -1.953336
v 1.114572 2.642146 -1.982981
v 1.114404 2.454426 -2.028544
v 1.160824 2.454426 -1.993307
v 1.092795 2.454426 -1.998803
v 1.140652 2.454426 -1.965543
v 1.033549 2.821829 -2.124130
v 0.977775 2.821829 -2.040657
v 1.061246 2.821829 -1.984883
v 1.117021 2.821829 -2.068356
v 1.032763 2.821829 -2.128078
v 1.032763 2.813463 -2.128078
v 0.973826 2.813463 -2.039872
v 1.062032 2.813463 -1.980935
v 1.120969 2.813463 -2.069141
v 0.973826 2.821829 -2.039872
v 1.062032 2.821829 -1.980935
v 1.120969 2.821829 -2.069141
v 0.977775 2.934855 -2.040657
v 1.061246 2.934855 -1.984883
v 1.033549 2.934855 -2.124130
v 1.117021 2.934855 -2.068356
v 1.584890 2.454426 -1.686716
v 1.537034 2.454426 -1.719975
v 1.563282 2.454426 -1.656974
v 1.516862 2.454426 -1.692211
v 2.080284 2.848925 -1.059958
v 2.080284 2.926692 -1.059958
v 2.029194 2.848925 -1.033926
v 2.029194 2.926692 -1.033926
v 1.728232 2.485799 -1.533458
v 1.686164 2.485799 -1.593993
v 1.686245 1.950340 -1.593882
v 1.728217 1.950340 -1.533479
v 1.693061 2.485799 -1.507904
v 1.648487 2.485799 -1.566620
v 1.648569 1.950340 -1.566509
v 1.693045 1.950340 -1.507926
v 1.686168 2.444595 -1.593987
v 1.728231 2.444595 -1.533459
v 1.648492 2.444595 -1.566614
v 1.693060 2.444595 -1.507905
v 1.742151 2.485799 -1.527415
v 1.685163 2.485799 -1.609422
v 1.992458 2.485799 -1.169783
v 2.037031 2.485799 -1.111066
v 1.694506 2.485799 -1.492798
v 1.634123 2.485799 -1.572340
v 1.685169 2.437646 -1.609414
v 1.742150 2.437646 -1.527416
v 1.634129 2.437646 -1.572331
v 1.694505 2.437646 -1.492800
v 1.596123 1.949651 -1.604940
v 1.596123 2.841022 -1.604940
v 1.589079 1.949651 -1.620221
v 1.589079 2.841022 -1.620221
v 1.588417 1.949651 -1.637034
v 1.588417 2.841022 -1.637034
v 1.594244 1.949651 -1.652823
v 1.594244 2.841022 -1.652823
v 1.605664 1.949651 -1.665178
v 1.605664 2.841022 -1.665178
v 1.620947 1.949651 -1.672224
v 1.620947 2.841022 -1.672224
v 1.637759 1.949651 -1.672883
v 1.637759 2.841022 -1.672883
v 1.653545 1.949651 -1.667058
v 1.653545 2.841022 -1.667058
v 1.665902 1.949651 -1.655638
v 1.665902 2.841022 -1.655638
v 1.672946 1.949651 -1.640356
v 1.672946 2.841022 -1.640356
v 1.673607 1.949651 -1.623543
v 1.673607 2.841022 -1.623543
v 1.667784 1.949651 -1.607757
v 1.667784 2.841022 -1.607757
v 1.656360 1.949651 -1.595400
v 1.656360 2.841022 -1.595400
v 1.641081 1.949651 -1.588356
v 1.641081 2.841022 -1.588356
v 1.624266 1.949651 -1.587694
v 1.624266 2.841022 -1.587694
v 1.608479 1.949651 -1.593519
v 1.608479 2.841022 -1.593519
v 1.828877 2.719485 -1.328757
v 1.827888 2.785264 -1.328039
v 1.857630 2.785264 -1.349647
v 1.856641 2.719485 -1.348929
v 2.036950 1.950340 -1.111178
v 1.992473 1.950340 -1.169761
v 1.686674 2.539393 -1.584949
v 1.719983 2.526675 -1.537023
v 1.957286 2.485799 -1.144229
v 1.999354 2.485799 -1.083693
v 1.999274 1.950340 -1.083805
v 1.957302 1.950340 -1.144207
v 2.037026 2.444595 -1.111073
v 1.992459 2.444595 -1.169781
v 1.999350 2.444595 -1.083699
v 1.957287 2.444595 -1.144228
v 1.757950 2.667858 -1.484767
v 1.733398 2.717807 -1.520639
v 1.798469 2.704608 -1.428996
v 1.787715 2.767313 -1.445877
v 1.732184 2.605038 -1.520231
v 1.702537 2.642146 -1.563114
v 1.656932 2.539393 -1.563341
v 1.692219 2.526675 -1.516851
v 1.991012 2.485799 -1.184888
v 2.051395 2.485799 -1.105347
v 1.943367 2.485799 -1.150272
v 2.000355 2.485799 -1.068264
v 2.051389 2.437646 -1.105356
v 1.991013 2.437646 -1.184886
v 1.730186 2.667858 -1.464595
v 1.703656 2.717807 -1.499030
v 1.770705 2.704608 -1.408824
v 1.757974 2.767313 -1.424269
v 2.000349 2.437646 -1.068273
v 1.943368 2.437646 -1.150270
v 2.028587 2.539393 -1.114346
v 1.993299 2.526675 -1.160835
v 1.955333 2.667858 -1.213092
v 1.981863 2.717807 -1.178657
v 1.914813 2.704608 -1.268862
v 1.927545 2.767313 -1.253418
v 1.981100 2.605038 -1.177628
v 2.012723 2.642146 -1.136181
v 1.998846 2.539393 -1.092738
v 1.965535 2.526675 -1.140664
v 1.927569 2.667858 -1.192920
v 1.952121 2.717807 -1.157048
v 1.887049 2.704608 -1.248691
v 1.897804 2.767313 -1.231809
v 1.953336 2.605038 -1.157456
v 1.982981 2.642146 -1.114573
v 1.704420 2.605038 -1.500060
v 1.672796 2.642146 -1.541506
v 1.686716 2.454426 -1.584891
v 1.719975 2.454426 -1.537034
v 1.656974 2.454426 -1.563282
v 1.692211 2.454426 -1.516862
v 1.639356 2.821829 -1.700783
v 1.560517 2.821829 -1.638632
v 1.622668 2.821829 -1.559793
v 1.701507 2.821829 -1.621945
v 1.639829 2.821829 -1.704781
v 1.639829 2.813463 -1.704781
v 1.556519 2.813463 -1.639105
v 1.622195 2.813463 -1.555796
v 1.705504 2.813463 -1.621472
v 1.556519 2.821829 -1.639105
v 1.622195 2.821829 -1.555796
v 1.705504 2.821829 -1.621472
v 1.560517 2.934855 -1.638632
v 1.622668 2.934855 -1.559793
v 1.639356 2.934855 -1.700783
v 1.701507 2.934855 -1.621945
v 2.028544 2.454426 -1.114404
v 1.993307 2.454426 -1.160824
v 1.998803 2.454426 -1.092796
v 1.965543 2.454426 -1.140652
v 2.306013 2.848925 -0.365237
v 2.306013 2.926692 -0.365237
v 2.249380 2.848925 -0.356267
v 2.249380 2.926692 -0.356267
v 2.117511 2.485799 -0.924351
v 2.096208 2.485799 -0.994924
v 2.096251 1.950340 -0.994793
v 2.117503 1.950340 -0.924377
v 2.076164 2.485799 -0.910917
v 2.051917 2.485799 -0.980533
v 2.051960 1.950340 -0.980402
v 2.076156 1.950340 -0.910942
v 2.096210 2.444595 -0.994917
v 2.117511 2.444595 -0.924353
v 2.051919 2.444595 -0.980526
v 2.076164 2.444595 -0.910919
v 2.128881 2.485799 -0.914303
v 2.100024 2.485799 -1.009907
v 2.256422 2.485799 -0.496826
v 2.280670 2.485799 -0.427209
v 2.072871 2.485799 -0.896104
v 2.040023 2.485799 -0.990412
v 2.100028 2.437646 -1.009897
v 2.128881 2.437646 -0.914305
v 2.040026 2.437646 -0.990402
v 2.072871 2.437646 -0.896106
v 2.013957 1.949651 -1.033159
v 2.013957 2.841022 -1.033159
v 2.011980 1.949651 -1.049869
v 2.011980 2.841022 -1.049869
v 2.016546 1.949651 -1.066064
v 2.016546 2.841022 -1.066064
v 2.026966 1.949651 -1.079279
v 2.026966 2.841022 -1.079279
v 2.041646 1.949651 -1.087500
v 2.041646 2.841022 -1.087500
v 2.058357 1.949651 -1.089479
v 2.058357 2.841022 -1.089479
v 2.074551 1.949651 -1.084911
v 2.074551 2.841022 -1.084911
v 2.087764 1.949651 -1.074493
v 2.087764 2.841022 -1.074493
v 2.095987 1.949651 -1.059813
v 2.095987 2.841022 -1.059813
v 2.097964 1.949651 -1.043102
v 2.097964 2.841022 -1.043102
v 2.093397 1.949651 -1.026908
v 2.093397 2.841022 -1.026908
v 2.082981 1.949651 -1.013694
v 2.082981 2.841022 -1.013694
v 2.068298 1.949651 -1.005472
v 2.068298 2.841022 -1.005472
v 2.051590 1.949651 -1.003494
v 2.051590 2.841022 -1.003494
v 2.035393 1.949651 -1.008061
v 2.035393 2.841022 -1.008061
v 2.022179 1.949651 -1.018478
v 2.022179 2.841022 -1.018478
v 2.149973 2.719485 -0.698569
v 2.148812 2.785264 -0.698191
v 2.183774 2.785264 -0.709551
v 2.182612 2.719485 -0.709174
v 2.280627 1.950340 -0.427341
v 2.256431 1.950340 -0.496800
v 2.093898 2.539393 -0.986165
v 2.110767 2.526675 -0.930291
v 2.215076 2.485799 -0.483391
v 2.236378 2.485799 -0.412818
v 2.236336 1.950340 -0.412950
v 2.215084 1.950340 -0.483366
v 2.280667 2.444595 -0.427217
v 2.256423 2.444595 -0.496824
v 2.236377 2.444595 -0.412826
v 2.215076 2.444595 -0.483390
v 2.130728 2.667858 -0.868861
v 2.118463 2.717807 -0.910564
v 2.152030 2.704608 -0.803298
v 2.147019 2.767313 -0.822676
v 2.117182 2.605038 -0.910551
v 2.102238 2.642146 -0.960497
v 2.058935 2.539393 -0.974805
v 2.078128 2.526675 -0.919686
v 2.259715 2.485799 -0.511638
v 2.292563 2.485799 -0.417331
v 2.203705 2.485799 -0.493440
v 2.232563 2.485799 -0.397836
v 2.292561 2.437646 -0.417341
v 2.259716 2.437646 -0.511636
v 2.098089 2.667858 -0.858256
v 2.083499 2.717807 -0.899203
v 2.119391 2.704608 -0.792693
v 2.112056 2.767313 -0.811316
v 2.232559 2.437646 -0.397846
v 2.203706 2.437646 -0.493438
v 2.273653 2.539393 -0.432938
v 2.254458 2.526675 -0.488056
v 2.234499 2.667858 -0.549487
v 2.249088 2.717807 -0.508540
v 2.213195 2.704608 -0.615050
v 2.220531 2.767313 -0.596427
v 2.248045 2.605038 -0.507797
v 2.265312 2.642146 -0.458606
v 2.238690 2.539393 -0.421578
v 2.221819 2.526675 -0.477451
v 2.201860 2.667858 -0.538882
v 2.214125 2.717807 -0.497179
v 2.180557 2.704608 -0.604445
v 2.185569 2.767313 -0.585066
v 2.215406 2.605038 -0.497192
v 2.230349 2.642146 -0.447246
v 2.084543 2.605038 -0.899946
v 2.067275 2.642146 -0.949136
v 2.093920 2.454426 -0.986097
v 2.110763 2.454426 -0.930304
v 2.058957 2.454426 -0.974736
v 2.078124 2.454426 -0.919699
v 2.084691 2.821829 -1.110952
v 1.990505 2.821829 -1.076205
v 2.025251 2.821829 -0.982019
v 2.119438 2.821829 -1.016766
v 2.086376 2.821829 -1.114608
v 2.086376 2.813463 -1.114608
v 1.986849 2.813463 -1.077890
v 2.023566 2.813463 -0.978364
v 2.123093 2.813463 -1.015081
v 1.986849 2.821829 -1.077890
v 2.023566 2.821829 -0.978364
v 2.123093 2.821829 -1.015081
v 1.990505 2.934855 -1.076205
v 2.025251 2.934855 -0.982019
v 2.084691 2.934855 -1.110952
v 2.119438 2.934855 -1.016766
v 2.273630 2.454426 -0.433007
v 2.254462 2.454426 -0.488043
v 2.238667 2.454426 -0.421646
v 2.221824 2.454426 -0.477438
v 2.299513 2.485799 -0.224764
v 2.301061 2.485799 -0.298466
v 2.301061 1.950340 -0.298327
v 2.299513 1.950340 -0.224790
v 2.256039 2.485799 -0.224764
v 2.254490 2.485799 -0.298465
v 2.254491 1.950340 -0.298327
v 2.256039 1.950340 -0.224790
v 2.301061 2.444595 -0.298458
v 2.299513 2.444595 -0.224765
v 2.254491 2.444595 -0.298458
v 2.256039 2.444595 -0.224765
v 2.307222 2.485799 -0.211693
v 2.309320 2.485799 -0.311536
v 2.248329 2.485799 -0.211693
v 2.246232 2.485799 -0.311536
v 2.309320 2.437646 -0.311525
v 2.307222 2.437646 -0.211695
v 2.246232 2.437646 -0.311525
v 2.248330 2.437646 -0.211695
v 2.234650 1.949651 -0.360246
v 2.234650 2.841022 -0.360246
v 2.237934 1.949651 -0.376749
v 2.237934 2.841022 -0.376749
v 2.247281 1.949651 -0.390740
v 2.247281 2.841022 -0.390740
v 2.261275 1.949651 -0.400089
v 2.261275 2.841022 -0.400089
v 2.277777 1.949651 -0.403371
v 2.277777 2.841022 -0.403371
v 2.294282 1.949651 -0.400089
v 2.294282 2.841022 -0.400089
v 2.308271 1.949651 -0.390740
v 2.308271 2.841022 -0.390740
v 2.317618 1.949651 -0.376749
v 2.317618 2.841022 -0.376749
v 2.320903 1.949651 -0.360246
v 2.320903 2.841022 -0.360246
v 2.317619 1.949651 -0.343743
v 2.317619 2.841022 -0.343743
v 2.308271 1.949651 -0.329752
v 2.308271 2.841022 -0.329752
v 2.294281 1.949651 -0.320404
v 2.294281 2.841022 -0.320404
v 2.277776 1.949651 -0.317121
v 2.277776 2.841022 -0.317121
v 2.261275 1.949651 -0.320404
v 2.261275 2.841022 -0.320404
v 2.247282 1.949651 -0.329752
v 2.247282 2.841022 -0.329752
v 2.237934 1.949651 -0.343743
v 2.237934 2.841022 -0.343743
v 2.296158 2.539393 -0.290849
v 2.294935 2.526675 -0.232497
v 2.294936 2.667858 -0.167904
v 2.296158 2.717807 -0.211357
v 2.294935 2.704608 -0.098968
v 2.296157 2.767313 -0.118947
v 2.294936 2.605038 -0.211741
v 2.296157 2.642146 -0.263860
v 2.259396 2.539393 -0.290849
v 2.260617 2.526675 -0.232497
v 2.260617 2.667858 -0.167904
v 2.259395 2.717807 -0.211357
v 2.260617 2.704608 -0.098968
v 2.259395 2.767313 -0.118947
v 2.260618 2.605038 -0.211740
v 2.259395 2.642146 -0.263859
v 2.296157 2.454426 -0.290777
v 2.294935 2.454426 -0.232511
v 2.259395 2.454426 -0.290777
v 2.260617 2.454426 -0.232511
v 2.339552 2.821829 -0.326571
v 2.242929 2.821829 -0.299321
v 2.215679 2.821829 -0.395943
v 2.312301 2.821829 -0.423193
v 2.343064 2.821829 -0.324604
v 2.343064 2.813463 -0.324604
v 2.240963 2.813463 -0.295809
v 2.212167 2.813463 -0.397910
v 2.314268 2.813463 -0.426705
v 2.240963 2.821829 -0.295809
v 2.212167 2.821829 -0.397910
v 2.314268 2.821829 -0.426705
v 2.242929 2.934855 -0.299321
v 2.215679 2.934855 -0.395943
v 2.339552 2.934855 -0.326571
v 2.312301 2.934855 -0.423193
v -0.365236 2.848925 2.306012
v -0.365236 2.926692 2.306012
v -0.356267 2.848925 2.249380
v -0.356267 2.926692 2.249380
v -0.224764 2.485799 2.299513
v -0.298465 2.485799 2.301061
v -0.298327 1.950340 2.301061
v -0.224790 1.950340 2.299513
v -0.224764 2.485799 2.256038
v -0.298465 2.485799 2.254490
v -0.298327 1.950340 2.254490
v -0.224790 1.950340 2.256038
v -0.298458 2.444595 2.301061
v -0.224765 2.444595 2.299513
v -0.298458 2.444595 2.254490
v -0.224765 2.444595 2.256038
v -0.211693 2.485799 2.307222
v -0.311536 2.485799 2.309319
v -0.211693 2.485799 2.248329
v -0.311536 2.485799 2.246231
v -0.311525 2.437646 2.309320
v -0.211695 2.437646 2.307222
v -0.311525 2.437646 2.246231
v -0.211695 2.437646 2.248329
v -0.290849 2.539393 2.296157
v -0.232497 2.526675 2.294935
v -0.167904 2.667858 2.294935
v -0.211357 2.717807 2.296157
v -0.098968 2.704608 2.294935
v -0.118947 2.767313 2.296157
v -0.211741 2.605038 2.294935
v -0.263859 2.642146 2.296157
v -0.290849 2.539393 2.259395
v -0.232497 2.526675 2.260616
v -0.167904 2.667858 2.260617
v -0.211357 2.717807 2.259394
v -0.098968 2.704608 2.260616
v -0.118946 2.767313 2.259394
v -0.211741 2.605038 2.260617
v -0.263859 2.642146 2.259394
v -0.290777 2.454426 2.296157
v -0.232511 2.454426 2.294935
v -0.290777 2.454426 2.259394
v -0.232511 2.454426 2.260616
v -1.059958 2.848925 2.080284
v -1.059958 2.926692 2.080284
v -1.033926 2.848925 2.029195
v -1.033926 2.926692 2.029195
v -0.496826 2.485799 2.256423
v -0.427209 2.485799 2.280670
v -0.427341 1.950340 2.280627
v -0.496800 1.950340 2.256431
v -0.483391 2.485799 2.215076
v -0.412818 2.485799 2.236378
v -0.412950 1.950340 2.236336
v -0.483366 1.950340 2.215084
v -0.427217 2.444595 2.280667
v -0.496824 2.444595 2.256423
v -0.412826 2.444595 2.236377
v -0.483390 2.444595 2.215077
v -0.511638 2.485799 2.259715
v -0.417331 2.485799 2.292563
v -0.924351 2.485799 2.117511
v -0.994924 2.485799 2.096208
v -0.493440 2.485799 2.203705
v -0.397836 2.485799 2.232563
v -0.417341 2.437646 2.292561
v -0.511636 2.437646 2.259716
v -0.397845 2.437646 2.232560
v -0.493438 2.437646 2.203706
v -0.347930 1.949651 2.236601
v -0.347930 2.841022 2.236601
v -0.333250 1.949651 2.244824
v -0.333250 2.841022 2.244824
v -0.322832 1.949651 2.258037
v -0.322832 2.841022 2.258037
v -0.318266 1.949651 2.274235
v -0.318266 2.841022 2.274235
v -0.320243 1.949651 2.290943
v -0.320243 2.841022 2.290943
v -0.328465 1.949651 2.305626
v -0.328465 2.841022 2.305626
v -0.341679 1.949651 2.316042
v -0.341679 2.841022 2.316042
v -0.357873 1.949651 2.320608
v -0.357873 2.841022 2.320608
v -0.374584 1.949651 2.318631
v -0.374584 2.841022 2.318631
v -0.389264 1.949651 2.310408
v -0.389264 2.841022 2.310408
v -0.399682 1.949651 2.297195
v -0.399682 2.841022 2.297195
v -0.404250 1.949651 2.281001
v -0.404250 2.841022 2.281001
v -0.402271 1.949651 2.264290
v -0.402271 2.841022 2.264290
v -0.394050 1.949651 2.249610
v -0.394050 2.841022 2.249610
v -0.380835 1.949651 2.239191
v -0.380835 2.841022 2.239191
v -0.364641 1.949651 2.234624
v -0.364641 2.841022 2.234624
v -0.698569 2.719485 2.149973
v -0.698191 2.785264 2.148812
v -0.709551 2.785264 2.183775
v -0.709174 2.719485 2.182612
v -0.994793 1.950340 2.096251
v -0.924377 1.950340 2.117503
v -0.432938 2.539393 2.273653
v -0.488056 2.526675 2.254458
v -0.910917 2.485799 2.076165
v -0.980533 2.485799 2.051917
v -0.980402 1.950340 2.051960
v -0.910942 1.950340 2.076156
v -0.994917 2.444595 2.096210
v -0.924353 2.444595 2.117511
v -0.980526 2.444595 2.051920
v -0.910919 2.444595 2.076164
v -0.549487 2.667858 2.234499
v -0.508539 2.717807 2.249088
v -0.615050 2.704608 2.213195
v -0.596427 2.767313 2.220532
v -0.507797 2.605038 2.248045
v -0.458606 2.642146 2.265312
v -0.421578 2.539393 2.238690
v -0.477451 2.526675 2.221819
v -0.914303 2.485799 2.128882
v -1.009907 2.485799 2.100024
v -0.896104 2.485799 2.072871
v -0.990412 2.485799 2.040023
v -1.009897 2.437646 2.100028
v -0.914305 2.437646 2.128881
v -0.538882 2.667858 2.201860
v -0.497179 2.717807 2.214125
v -0.604445 2.704608 2.180557
v -0.585066 2.767313 2.185569
v -0.990402 2.437646 2.040026
v -0.896106 2.437646 2.072871
v -0.986165 2.539393 2.093898
v -0.930291 2.526675 2.110767
v -0.868861 2.667858 2.130728
v -0.910564 2.717807 2.118463
v -0.803298 2.704608 2.152030
v -0.822676 2.767313 2.147019
v -0.910551 2.605038 2.117182
v -0.960497 2.642146 2.102238
v -0.974805 2.539393 2.058935
v -0.919686 2.526675 2.078129
v -0.858256 2.667858 2.098089
v -0.899203 2.717807 2.083499
v -0.792693 2.704608 2.119391
v -0.811316 2.767313 2.112056
v -0.899946 2.605038 2.084544
v -0.949136 2.642146 2.067275
v -0.497192 2.605038 2.215406
v -0.447246 2.642146 2.230349
v -0.433006 2.454426 2.273630
v -0.488043 2.454426 2.254462
v -0.421646 2.454426 2.238667
v -0.477438 2.454426 2.221824
v -0.326571 2.821829 2.339552
v -0.299321 2.821829 2.242929
v -0.395942 2.821829 2.215679
v -0.423193 2.821829 2.312302
v -0.324604 2.821829 2.343064
v -0.324604 2.813463 2.343064
v -0.295809 2.813463 2.240963
v -0.397910 2.813463 2.212167
v -0.426705 2.813463 2.314268
v -0.295809 2.821829 2.240963
v -0.397910 2.821829 2.212167
v -0.426705 2.821829 2.314268
v -0.299321 2.934855 2.242929
v -0.395942 2.934855 2.215679
v -0.326571 2.934855 2.339552
v -0.423193 2.934855 2.312302
v -0.986097 2.454426 2.093920
v -0.930304 2.454426 2.110763
v -0.974736 2.454426 2.058957
v -0.919699 2.454426 2.078124
v -1.650923 2.848925 1.650923
v -1.650923 2.926692 1.650923
v -1.610378 2.848925 1.610378
v -1.610378 2.926692 1.610378
v -1.169782 2.485799 1.992458
v -1.111066 2.485799 2.037031
v -1.111178 1.950340 2.036950
v -1.169761 1.950340 1.992473
v -1.144229 2.485799 1.957286
v -1.083692 2.485799 1.999354
v -1.083804 1.950340 1.999274
v -1.144207 1.950340 1.957302
v -1.111072 2.444595 2.037026
v -1.169781 2.444595 1.992459
v -1.083699 2.444595 1.999350
v -1.144227 2.444595 1.957287
v -1.184887 2.485799 1.991012
v -1.105346 2.485799 2.051395
v -1.533457 2.485799 1.728232
v -1.593993 2.485799 1.686164
v -1.150271 2.485799 1.943367
v -1.068264 2.485799 2.000355
v -1.105355 2.437646 2.051389
v -1.184886 2.437646 1.991013
v -1.068272 2.437646 2.000349
v -1.150269 2.437646 1.943368
v -1.022049 1.949651 2.019617
v -1.022049 2.841022 2.019617
v -1.010628 1.949651 2.031974
v -1.010628 2.841022 2.031974
v -1.004803 1.949651 2.047760
v -1.004803 2.841022 2.047760
v -1.005465 1.949651 2.064576
v -1.005465 2.841022 2.064576
v -1.012509 1.949651 2.079856
v -1.012509 2.841022 2.079856
v -1.024866 1.949651 2.091279
v -1.024866 2.841022 2.091279
v -1.040652 1.949651 2.097102
v -1.040652 2.841022 2.097102
v -1.057465 1.949651 2.096440
v -1.057465 2.841022 2.096440
v -1.072747 1.949651 2.089396
v -1.072747 2.841022 2.089396
v -1.084168 1.949651 2.077039
v -1.084168 2.841022 2.077039
v -1.089992 1.949651 2.061254
v -1.089992 2.841022 2.061254
v -1.089332 1.949651 2.044441
v -1.089332 2.841022 2.044441
v -1.082287 1.949651 2.029159
v -1.082287 2.841022 2.029159
v -1.069932 1.949651 2.017738
v -1.069932 2.841022 2.017738
v -1.054144 1.949651 2.011913
v -1.054144 2.841022 2.011913
v -1.037331 1.949651 2.012573
v -1.037331 2.841022 2.012573
v -1.328756 2.719485 1.828876
v -1.328038 2.785264 1.827888
v -1.349647 2.785264 1.857630
v -1.348928 2.719485 1.856641
v -1.593881 1.950340 1.686245
v -1.533479 1.950340 1.728217
v -1.114346 2.539393 2.028587
v -1.160835 2.526675 1.993299
v -1.507904 2.485799 1.693061
v -1.566619 2.485799 1.648487
v -1.566508 1.950340 1.648569
v -1.507925 1.950340 1.693045
v -1.593987 2.444595 1.686168
v -1.533458 2.444595 1.728231
v -1.566614 2.444595 1.648492
v -1.507905 2.444595 1.693060
v -1.213091 2.667858 1.955333
v -1.178656 2.717807 1.981863
v -1.268862 2.704608 1.914813
v -1.253417 2.767313 1.927545
v -1.177627 2.605038 1.981100
v -1.136180 2.642146 2.012722
v -1.092737 2.539393 1.998846
v -1.140663 2.526675 1.965535
v -1.527414 2.485799 1.742151
v -1.609422 2.485799 1.685163
v -1.492798 2.485799 1.694506
v -1.572339 2.485799 1.634123
v -1.609414 2.437646 1.685169
v -1.527416 2.437646 1.742150
v -1.192920 2.667858 1.927569
v -1.157048 2.717807 1.952121
v -1.248690 2.704608 1.887049
v -1.231809 2.767313 1.897804
v -1.572331 2.437646 1.634129
v -1.492800 2.437646 1.694505
v -1.584949 2.539393 1.686674
v -1.537022 2.526675 1.719983
v -1.484766 2.667858 1.757950
v -1.520638 2.717807 1.733398
v -1.428995 2.704608 1.798469
v -1.445877 2.767313 1.787715
v -1.520231 2.605038 1.732184
v -1.563114 2.642146 1.702537
v -1.563341 2.539393 1.656932
v -1.516851 2.526675 1.692219
v -1.464595 2.667858 1.730186
v -1.499030 2.717807 1.703656
v -1.408824 2.704608 1.770705
v -1.424268 2.767313 1.757974
v -1.500059 2.605038 1.704420
v -1.541505 2.642146 1.672796
v -1.157456 2.605038 1.953336
v -1.114572 2.642146 1.982981
v -1.114404 2.454426 2.028544
v -1.160824 2.454426 1.993307
v -1.092795 2.454426 1.998803
v -1.140652 2.454426 1.965543
v -1.033549 2.821829 2.124130
v -0.977775 2.821829 2.040657
v -1.061246 2.821829 1.984883
v -1.117021 2.821829 2.068356
v -1.032763 2.821829 2.128078
v -1.032763 2.813463 2.128078
v -0.973826 2.813463 2.039872
v -1.062032 2.813463 1.980935
v -1.120969 2.813463 2.069141
v -0.973826 2.821829 2.039872
v -1.062032 2.821829 1.980935
v -1.120969 2.821829 2.069141
v -0.977775 2.934855 2.040657
v -1.061246 2.934855 1.984883
v -1.033549 2.934855 2.124130
v -1.117021 2.934855 2.068356
v -1.584890 2.454426 1.686716
v -1.537034 2.454426 1.719975
v -1.563282 2.454426 1.656974
v -1.516862 2.454426 1.692211
v -2.080284 2.848925 1.059958
v -2.080284 2.926692 1.059958
v -2.029194 2.848925 1.033926
v -2.029194 2.926692 1.033926
v -1.728232 2.485799 1.533458
v -1.686164 2.485799 1.593993
v -1.686245 1.950340 1.593882
v -1.728217 1.950340 1.533479
v -1.693061 2.485799 1.507904
v -1.648487 2.485799 1.566620
v -1.648569 1.950340 1.566509
v -1.693045 1.950340 1.507926
v -1.686168 2.444595 1.593987
v -1.728231 2.444595 1.533459
v -1.648492 2.444595 1.566614
v -1.693060 2.444595 1.507905
v -1.742151 2.485799 1.527415
v -1.685163 2.485799 1.609422
v -1.992458 2.485799 1.169783
v -2.037031 2.485799 1.111066
v -1.694506 2.485799 1.492798
v -1.634123 2.485799 1.572340
v -1.685169 2.437646 1.609414
v -1.742150 2.437646 1.527416
v -1.634129 2.437646 1.572331
v -1.694505 2.437646 1.492800
v -1.596123 1.949651 1.604940
v -1.596123 2.841022 1.604940
v -1.589079 1.949651 1.620221
v -1.589079 2.841022 1.620221
v -1.588417 1.949651 1.637034
v -1.588417 2.841022 1.637034
v -1.594244 1.949651 1.652823
v -1.594244 2.841022 1.652823
v -1.605664 1.949651 1.665178
v -1.605664 2.841022 1.665178
v -1.620947 1.949651 1.672224
v -1.620947 2.841022 1.672224
v -1.637759 1.949651 1.672883
v -1.637759 2.841022 1.672883
v -1.653545 1.949651 1.667058
v -1.653545 2.841022 1.667058
v -1.665902 1.949651 1.655638
v -1.665902 2.841022 1.655638
v -1.672946 1.949651 1.640356
v -1.672946 2.841022 1.640356
v -1.673607 1.949651 1.623543
v -1.673607 2.841022 1.623543
v -1.667784 1.949651 1.607757
v -1.667784 2.841022 1.607757
v -1.656360 1.949651 1.595400
v -1.656360 2.841022 1.595400
v -1.641081 1.949651 1.588356
v -1.641081 2.841022 1.588356
v -1.624266 1.949651 1.587694
v -1.624266 2.841022 1.587694
v -1.608479 1.949651 1.593519
v -1.608479 2.841022 1.593519
v -1.828877 2.719485 1.328757
v -1.827888 2.785264 1.328039
v -1.857630 2.785264 1.349647
v -1.856641 2.719485 1.348929
v -2.036950 1.950340 1.111178
v -1.992473 1.950340 1.169761
v -1.686674 2.539393 1.584949
v -1.719983 2.526675 1.537023
v -1.957286 2.485799 1.144229
v -1.999354 2.485799 1.083693
v -1.999274 1.950340 1.083805
v -1.957302 1.950340 1.144207
v -2.037026 2.444595 1.111073
v -1.992459 2.444595 1.169781
v -1.999350 2.444595 1.083699
v -1.957287 2.444595 1.144228
v -1.757950 2.667858 1.484767
v -1.733398 2.717807 1.520639
v -1.798469 2.704608 1.428996
v -1.787715 2.767313 1.445877
v -1.732184 2.605038 1.520231
v -1.702537 2.642146 1.563114
v -1.656932 2.539393 1.563341
v -1.692219 2.526675 1.516851
v -1.991012 2.485799 1.184888
v -2.051395 2.485799 1.105347
v -1.943367 2.485799 1.150272
v -2.000355 2.485799 1.068264
v -2.051389 2.437646 1.105356
v -1.991013 2.437646 1.184886
v -1.730186 2.667858 1.464595
v -1.703656 2.717807 1.499030
v -1.770705 2.704608 1.408824
v -1.757974 2.767313 1.424269
v -2.000349 2.437646 1.068273
v -1.943368 2.437646 1.150270
v -2.028587 2.539393 1.114346
v -1.993299 2.526675 1.160835
v -1.955333 2.667858 1.213092
v -1.981863 2.717807 1.178657
v -1.914813 2.704608 1.268862
v -1.927545 2.767313 1.253418
v -1.981100 2.605038 1.177628
v -2.012723 2.642146 1.136181
v -1.998846 2.539393 1.092738
v -1.965535 2.526675 1.140664
v -1.927569 2.667858 1.192920
v -1.952121 2.717807 1.157048
v -1.887049 2.704608 1.248691
v -1.897804 2.767313 1.231809
v -1.953336 2.605038 1.157456
v -1.982981 2.642146 1.114573
v -1.704420 2.605038 1.500060
v -1.672796 2.642146 1.541506
v -1.686716 2.454426 1.584891
v -1.719975 2.454426 1.537034
v -1.656974 2.454426 1.563282
v -1.692211 2.454426 1.516862
v -1.639356 2.821829 1.700783
v -1.560517 2.821829 1.638632
v -1.622668 2.821829 1.559793
v -1.701507 2.821829 1.621945
v -1.639829 2.821829 1.704781
v -1.639829 2.813463 1.704781
v -1.556519 2.813463 1.639105
v -1.622195 2.813463 1.555796
v -1.705504 2.813463 1.621472
v -1.556519 2.821829 1.639105
v -1.622195 2.821829 1.555796
v -1.705504 2.821829 1.621472
v -1.560517 2.934855 1.638632
v -1.622668 2.934855 1.559793
v -1.639356 2.934855 1.700783
v -1.701507 2.934855 1.621945
v -2.028544 2.454426 1.114404
v -1.993307 2.454426 1.160824
v -1.998803 2.454426 1.092796
v -1.965543 2.454426 1.140652
v -2.306013 2.848925 0.365237
v -2.306013 2.926692 0.365237
v -2.249380 2.848925 0.356267
v -2.249380 2.926692 0.356267
v -2.117511 2.485799 0.924351
v -2.096208 2.485799 0.994924
v -2.096251 1.950340 0.994793
v -2.117503 1.950340 0.924377
v -2.076164 2.485799 0.910917
v -2.051917 2.485799 0.980533
v -2.051960 1.950340 0.980402
v -2.076156 1.950340 0.910942
v -2.096210 2.444595 0.994917
v -2.117511 2.444595 0.924353
v -2.051919 2.444595 0.980526
v -2.076164 2.444595 0.910919
v -2.128881 2.485799 0.914303
v -2.100024 2.485799 1.009907
v -2.256422 2.485799 0.496826
v -2.280670 2.485799 0.427209
v -2.072871 2.485799 0.896104
v -2.040023 2.485799 0.990412
v -2.100028 2.437646 1.009897
v -2.128881 2.437646 0.914305
v -2.040026 2.437646 0.990402
v -2.072871 2.437646 0.896106
v -2.013957 1.949651 1.033159
v -2.013957 2.841022 1.033159
v -2.011980 1.949651 1.049869
v -2.011980 2.841022 1.049869
v -2.016546 1.949651 1.066064
v -2.016546 2.841022 1.066064
v -2.026966 1.949651 1.079279
v -2.026966 2.841022 1.079279
v -2.041646 1.949651 1.087500
v -2.041646 2.841022 1.087500
v -2.058357 1.949651 1.089479
v -2.058357 2.841022 1.089479
v -2.074551 1.949651 1.084911
v -2.074551 2.841022 1.084911
v -2.087764 1.949651 1.074493
v -2.087764 2.841022 1.074493
v -2.095987 1.949651 1.059813
v -2.095987 2.841022 1.059813
v -2.097964 1.949651 1.043102
v -2.097964 2.841022 1.043102
v -2.093397 1.949651 1.026908
v -2.093397 2.841022 1.026908
v -2.082981 1.949651 1.013694
v -2.082981 2.841022 1.013694
v -2.068298 1.949651 1.005472
v -2.068298 2.841022 1.005472
v -2.051590 1.949651 1.003494
v -2.051590 2.841022 1.003494
v -2.035393 1.949651 1.008061
v -2.035393 2.841022 1.008061
v -2.022179 1.949651 1.018478
v -2.022179 2.841022 1.018478
v -2.149973 2.719485 0.698569
v -2.148812 2.785264 0.698191
v -2.183774 2.785264 0.709551
v -2.182612 2.719485 0.709174
v -2.280627 1.950340 0.427341
v -2.256431 1.950340 0.496800
v -2.093898 2.539393 0.986165
v -2.110767 2.526675 0.930291
v -2.215076 2.485799 0.483391
v -2.236378 2.485799 0.412818
v -2.236336 1.950340 0.412950
v -2.215084 1.950340 0.483366
v -2.280667 2.444595 0.427217
v -2.256423 2.444595 0.496824
v -2.236377 2.444595 0.412826
v -2.215076 2.444595 0.483390
v -2.130728 2.667858 0.868861
v -2.118463 2.717807 0.910564
v -2.152030 2.704608 0.803298
v -2.147019 2.767313 0.822676
v -2.117182 2.605038 0.910551
v -2.102238 2.642146 0.960497
v -2.058935 2.539393 0.974805
v -2.078128 2.526675 0.919686
v -2.259715 2.485799 0.511638
v -2.292563 2.485799 0.417331
v -2.203705 2.485799 0.493440
v -2.232563 2.485799 0.397836
v -2.292561 2.437646 0.417341
v -2.259716 2.437646 0.511636
v -2.098089 2.667858 0.858256
v -2.083499 2.717807 0.899203
v -2.119391 2.704608 0.792693
v -2.112056 2.767313 0.811316
v -2.232559 2.437646 0.397846
v -2.203706 2.437646 0.493438
v -2.273653 2.539393 0.432938
v -2.254458 2.526675 0.488056
v -2.234499 2.667858 0.549487
v -2.249088 2.717807 0.508540
v -2.213195 2.704608 0.615050
v -2.220531 2.767313 0.596427
v -2.248045 2.605038 0.507797
v -2.265312 2.642146 0.458606
v -2.238690 2.539393 0.421578
v -2.221819 2.526675 0.477451
v -2.201860 2.667858 0.538882
v -2.214125 2.717807 0.497179
v -2.180557 2.704608 0.604445
v -2.185569 2.767313 0.585066
v -2.215406 2.605038 0.497192
v -2.230349 2.642146 0.447246
v -2.084543 2.605038 0.899946
v -2.067275 2.642146 0.949136
v -2.093920 2.454426 0.986097
v -2.110763 2.454426 0.930304
v -2.058957 2.454426 0.974736
v -2.078124 2.454426 0.919699
v -2.084691 2.821829 1.110952
v -1.990505 2.821829 1.076205
v -2.025251 2.821829 0.982019
v -2.119438 2.821829 1.016766
v -2.086376 2.821829 1.114608
v -2.086376 2.813463 1.114608
v -1.986849 2.813463 1.077890
v -2.023566 2.813463 0.978364
v -2.123093 2.813463 1.015081
v -1.986849 2.821829 1.077890
v -2.023566 2.821829 0.978364
v -2.123093 2.821829 1.015081
v -1.990505 2.934855 1.076205
v -2.025251 2.934855 0.982019
v -2.084691 2.934855 1.110952
v -2.119438 2.934855 1.016766
v -2.273630 2.454426 0.433007
v -2.254462 2.454426 0.488043
v -2.238667 2.454426 0.421646
v -2.221824 2.454426 0.477438
v -2.299513 2.485799 0.224764
v -2.301061 2.485799 0.298466
v -2.301061 1.950340 0.298327
v -2.299513 1.950340 0.224790
v -2.256039 2.485799 0.224764
v -2.254490 2.485799 0.298465
v -2.254491 1.950340 0.298327
v -2.256039 1.950340 0.224790
v -2.301061 2.444595 0.298458
v -2.299513 2.444595 0.224765
v -2.254491 2.444595 0.298458
v -2.256039 2.444595 0.224765
v -2.307222 2.485799 0.211693
v -2.309320 2.485799 0.311536
v -2.248329 2.485799 0.211693
v -2.246232 2.485799 0.311536
v -2.309320 2.437646 0.311525
v -2.307222 2.437646 0.211695
v -2.246232 2.437646 0.311525
v -2.248330 2.437646 0.211695
v -2.234650 1.949651 0.360246
v -2.234650 2.841022 0.360246
v -2.237934 1.949651 0.376749
v -2.237934 2.841022 0.376749
v -2.247281 1.949651 0.390740
v -2.247281 2.841022 0.390740
v -2.261275 1.949651 0.400089
v -2.261275 2.841022 0.400089
v -2.277777 1.949651 0.403371
v -2.277777 2.841022 0.403371
v -2.294282 1.949651 0.400089
v -2.294282 2.841022 0.400089
v -2.308271 1.949651 0.390740
v -2.308271 2.841022 0.390740
v -2.317618 1.949651 0.376749
v -2.317618 2.841022 0.376749
v -2.320903 1.949651 0.360246
v -2.320903 2.841022 0.360246
v -2.317619 1.949651 0.343743
v -2.317619 2.841022 0.343743
v -2.308271 1.949651 0.329752
v -2.308271 2.841022 0.329752
v -2.294281 1.949651 0.320404
v -2.294281 2.841022 0.320404
v -2.277776 1.949651 0.317121
v -2.277776 2.841022 0.317121
v -2.261275 1.949651 0.320404
v -2.261275 2.841022 0.320404
v -2.247282 1.949651 0.329752
v -2.247282 2.841022 0.329752
v -2.237934 1.949651 0.343743
v -2.237934 2.841022 0.343743
v -2.260616 2.719485 0.000000
v -2.259394 2.785264 0.000000
v -2.296157 2.785264 0.000000
v -2.294934 2.719485 0.000000
v -2.296158 2.539393 0.290849
v -2.294935 2.526675 0.232497
v -2.294936 2.667858 0.167904
v -2.296158 2.717807 0.211357
v -2.294935 2.704608 0.098968
v -2.296157 2.767313 0.118947
v -2.294936 2.605038 0.211741
v -2.296157 2.642146 0.263860
v -2.259396 2.539393 0.290849
v -2.260617 2.526675 0.232497
v -2.260617 2.667858 0.167904
v -2.259395 2.717807 0.211357
v -2.260617 2.704608 0.098968
v -2.259395 2.767313 0.118947
v -2.260618 2.605038 0.211740
v -2.259395 2.642146 0.263859
v -2.296157 2.454426 0.290777
v -2.294935 2.454426 0.232511
v -2.259395 2.454426 0.290777
v -2.260617 2.454426 0.232511
v -2.339552 2.821829 0.326571
v -2.242929 2.821829 0.299321
v -2.215679 2.821829 0.395943
v -2.312301 2.821829 0.423193
v -2.343064 2.821829 0.324604
v -2.343064 2.813463 0.324604
v -2.240963 2.813463 0.295809
v -2.212167 2.813463 0.397910
v -2.314268 2.813463 0.426705
v -2.240963 2.821829 0.295809
v -2.212167 2.821829 0.397910
v -2.314268 2.821829 0.426705
v -2.242929 2.934855 0.299321
v -2.215679 2.934855 0.395943
v -2.339552 2.934855 0.326571
v -2.312301 2.934855 0.423193
v -0.365236 2.848925 -2.306012
v -0.365236 2.926692 -2.306012
v -0.356267 2.848925 -2.249380
v -0.356267 2.926692 -2.249380
v -0.224764 2.485799 -2.299513
v -0.298465 2.485799 -2.301061
v -0.298327 1.950340 -2.301061
v -0.224790 1.950340 -2.299513
v -0.224764 2.485799 -2.256038
v -0.298465 2.485799 -2.254490
v -0.298327 1.950340 -2.254490
v -0.224790 1.950340 -2.256038
v -0.298458 2.444595 -2.301061
v -0.224765 2.444595 -2.299513
v -0.298458 2.444595 -2.254490
v -0.224765 2.444595 -2.256038
v -0.211693 2.485799 -2.307222
v -0.311536 2.485799 -2.309319
v -0.211693 2.485799 -2.248329
v -0.311536 2.485799 -2.246231
v -0.311525 2.437646 -2.309320
v -0.211695 2.437646 -2.307222
v -0.311525 2.437646 -2.246231
v -0.211695 2.437646 -2.248329
v -0.360752 2.848925 -2.277697
v -0.360752 1.949486 -2.277697
v -0.290849 2.539393 -2.296157
v -0.232497 2.526675 -2.294935
v -0.167904 2.667858 -2.294935
v -0.211357 2.717807 -2.296157
v -0.098968 2.704608 -2.294935
v -0.118947 2.767313 -2.296157
v -0.211741 2.605038 -2.294935
v -0.263859 2.642146 -2.296157
v -0.290849 2.539393 -2.259395
v -0.232497 2.526675 -2.260616
v -0.167904 2.667858 -2.260617
v -0.211357 2.717807 -2.259394
v -0.098968 2.704608 -2.260616
v -0.118946 2.767313 -2.259394
v -0.211741 2.605038 -2.260617
v -0.263859 2.642146 -2.259394
v -0.290777 2.454426 -2.296157
v -0.232511 2.454426 -2.294935
v -0.290777 2.454426 -2.259394
v -0.232511 2.454426 -2.260616
v -1.059958 2.848925 -2.080284
v -1.059958 2.926692 -2.080284
v -1.033926 2.848925 -2.029195
v -1.033926 2.926692 -2.029195
v -0.496826 2.485799 -2.256423
v -0.427209 2.485799 -2.280670
v -0.427341 1.950340 -2.280627
v -0.496800 1.950340 -2.256431
v -0.483391 2.485799 -2.215076
v -0.412818 2.485799 -2.236378
v -0.412950 1.950340 -2.236336
v -0.483366 1.950340 -2.215084
v -0.427217 2.444595 -2.280667
v -0.496824 2.444595 -2.256423
v -0.412826 2.444595 -2.236377
v -0.483390 2.444595 -2.215077
v -0.511638 2.485799 -2.259715
v -0.417331 2.485799 -2.292563
v -0.924351 2.485799 -2.117511
v -0.994924 2.485799 -2.096208
v -0.493440 2.485799 -2.203705
v -0.397836 2.485799 -2.232563
v -0.417341 2.437646 -2.292561
v -0.511636 2.437646 -2.259716
v -0.397845 2.437646 -2.232560
v -0.493438 2.437646 -2.203706
v -0.347930 1.949651 -2.236601
v -0.347930 2.841022 -2.236601
v -0.333250 1.949651 -2.244824
v -0.333250 2.841022 -2.244824
v -0.322832 1.949651 -2.258037
v -0.322832 2.841022 -2.258037
v -0.318266 1.949651 -2.274235
v -0.318266 2.841022 -2.274235
v -0.320243 1.949651 -2.290943
v -0.320243 2.841022 -2.290943
v -0.328465 1.949651 -2.305626
v -0.328465 2.841022 -2.305626
v -0.341679 1.949651 -2.316042
v -0.341679 2.841022 -2.316042
v -0.357873 1.949651 -2.320608
v -0.357873 2.841022 -2.320608
v -0.374584 1.949651 -2.318631
v -0.374584 2.841022 -2.318631
v -0.389264 1.949651 -2.310408
v -0.389264 2.841022 -2.310408
v -0.399682 1.949651 -2.297195
v -0.399682 2.841022 -2.297195
v -0.404250 1.949651 -2.281001
v -0.404250 2.841022 -2.281001
v -0.402271 1.949651 -2.264290
v -0.402271 2.841022 -2.264290
v -0.394050 1.949651 -2.249610
v -0.394050 2.841022 -2.249610
v -0.380835 1.949651 -2.239191
v -0.380835 2.841022 -2.239191
v -0.364641 1.949651 -2.234624
v -0.364641 2.841022 -2.234624
v -0.698569 2.719485 -2.149973
v -0.698191 2.785264 -2.148812
v -0.709551 2.785264 -2.183775
v -0.709174 2.719485 -2.182612
v -0.994793 1.950340 -2.096251
v -0.924377 1.950340 -2.117503
v -0.432938 2.539393 -2.273653
v -0.488056 2.526675 -2.254458
v -0.910917 2.485799 -2.076165
v -0.980533 2.485799 -2.051917
v -0.980402 1.950340 -2.051960
v -0.910942 1.950340 -2.076156
v -0.994917 2.444595 -2.096210
v -0.924353 2.444595 -2.117511
v -0.980526 2.444595 -2.051920
v -0.910919 2.444595 -2.076164
v -0.549487 2.667858 -2.234499
v -0.508539 2.717807 -2.249088
v -0.615050 2.704608 -2.213195
v -0.596427 2.767313 -2.220532
v -0.507797 2.605038 -2.248045
v -0.458606 2.642146 -2.265312
v -0.421578 2.539393 -2.238690
v -0.477451 2.526675 -2.221819
v -0.914303 2.485799 -2.128882
v -1.009907 2.485799 -2.100024
v -0.896104 2.485799 -2.072871
v -0.990412 2.485799 -2.040023
v -1.009897 2.437646 -2.100028
v -0.914305 2.437646 -2.128881
v -0.538882 2.667858 -2.201860
v -0.497179 2.717807 -2.214125
v -0.604445 2.704608 -2.180557
v -0.585066 2.767313 -2.185569
v -0.990402 2.437646 -2.040026
v -0.896106 2.437646 -2.072871
v -0.986165 2.539393 -2.093898
v -0.930291 2.526675 -2.110767
v -0.868861 2.667858 -2.130728
v -0.910564 2.717807 -2.118463
v -0.803298 2.704608 -2.152030
v -0.822676 2.767313 -2.147019
v -0.910551 2.605038 -2.117182
v -0.960497 2.642146 -2.102238
v -0.974805 2.539393 -2.058935
v -0.919686 2.526675 -2.078129
v -0.858256 2.667858 -2.098089
v -0.899203 2.717807 -2.083499
v -0.792693 2.704608 -2.119391
v -0.811316 2.767313 -2.112056
v -0.899946 2.605038 -2.084544
v -0.949136 2.642146 -2.067275
v -0.497192 2.605038 -2.215406
v -0.447246 2.642146 -2.230349
v -0.433006 2.454426 -2.273630
v -0.488043 2.454426 -2.254462
v -0.421646 2.454426 -2.238667
v -0.477438 2.454426 -2.221824
v -0.326571 2.821829 -2.339552
v -0.299321 2.821829 -2.242929
v -0.395942 2.821829 -2.215679
v -0.423193 2.821829 -2.312302
v -0.324604 2.821829 -2.343064
v -0.324604 2.813463 -2.343064
v -0.295809 2.813463 -2.240963
v -0.397910 2.813463 -2.212167
v -0.426705 2.813463 -2.314268
v -0.295809 2.821829 -2.240963
v -0.397910 2.821829 -2.212167
v -0.426705 2.821829 -2.314268
v -0.299321 2.934855 -2.242929
v -0.395942 2.934855 -2.215679
v -0.326571 2.934855 -2.339552
v -0.423193 2.934855 -2.312302
v -0.986097 2.454426 -2.093920
v -0.930304 2.454426 -2.110763
v -0.974736 2.454426 -2.058957
v -0.919699 2.454426 -2.078124
v -1.650923 2.848925 -1.650923
v -1.650923 2.926692 -1.650923
v -1.610378 2.848925 -1.610378
v -1.610378 2.926692 -1.610378
v -1.169782 2.485799 -1.992458
v -1.111066 2.485799 -2.037031
v -1.111178 1.950340 -2.036950
v -1.169761 1.950340 -1.992473
v -1.144229 2.485799 -1.957286
v -1.083692 2.485799 -1.999354
v -1.083804 1.950340 -1.999274
v -1.144207 1.950340 -1.957302
v -1.111072 2.444595 -2.037026
v -1.169781 2.444595 -1.992459
v -1.083699 2.444595 -1.999350
v -1.144227 2.444595 -1.957287
v -1.184887 2.485799 -1.991012
v -1.105346 2.485799 -2.051395
v -1.533457 2.485799 -1.728232
v -1.593993 2.485799 -1.686164
v -1.150271 2.485799 -1.943367
v -1.068264 2.485799 -2.000355
v -1.105355 2.437646 -2.051389
v -1.184886 2.437646 -1.991013
v -1.068272 2.437646 -2.000349
v -1.150269 2.437646 -1.943368
v -1.022049 1.949651 -2.019617
v -1.022049 2.841022 -2.019617
v -1.010628 1.949651 -2.031974
v -1.010628 2.841022 -2.031974
v -1.004803 1.949651 -2.047760
v -1.004803 2.841022 -2.047760
v -1.005465 1.949651 -2.064576
v -1.005465 2.841022 -2.064576
v -1.012509 1.949651 -2.079856
v -1.012509 2.841022 -2.079856
v -1.024866 1.949651 -2.091279
v -1.024866 2.841022 -2.091279
v -1.040652 1.949651 -2.097102
v -1.040652 2.841022 -2.097102
v -1.057465 1.949651 -2.096440
v -1.057465 2.841022 -2.096440
v -1.072747 1.949651 -2.089396
v -1.072747 2.841022 -2.089396
v -1.084168 1.949651 -2.077039
v -1.084168 2.841022 -2.077039
v -1.089992 1.949651 -2.061254
v -1.089992 2.841022 -2.061254
v -1.089332 1.949651 -2.044441
v -1.089332 2.841022 -2.044441
v -1.082287 1.949651 -2.029159
v -1.082287 2.841022 -2.029159
v -1.069932 1.949651 -2.017738
v -1.069932 2.841022 -2.017738
v -1.054144 1.949651 -2.011913
v -1.054144 2.841022 -2.011913
v -1.037331 1.949651 -2.012573
v -1.037331 2.841022 -2.012573
v -1.328756 2.719485 -1.828876
v -1.328038 2.785264 -1.827888
v -1.349647 2.785264 -1.857630
v -1.348928 2.719485 -1.856641
v -1.593881 1.950340 -1.686245
v -1.533479 1.950340 -1.728217
v -1.114346 2.539393 -2.028587
v -1.160835 2.526675 -1.993299
v -1.507904 2.485799 -1.693061
v -1.566619 2.485799 -1.648487
v -1.566508 1.950340 -1.648569
v -1.507925 1.950340 -1.693045
v -1.593987 2.444595 -1.686168
v -1.533458 2.444595 -1.728231
v -1.566614 2.444595 -1.648492
v -1.507905 2.444595 -1.693060
v -1.213091 2.667858 -1.955333
v -1.178656 2.717807 -1.981863
v -1.268862 2.704608 -1.914813
v -1.253417 2.767313 -1.927545
v -1.177627 2.605038 -1.981100
v -1.136180 2.642146 -2.012722
v -1.092737 2.539393 -1.998846
v -1.140663 2.526675 -1.965535
v -1.527414 2.485799 -1.742151
v -1.609422 2.485799 -1.685163
v -1.492798 2.485799 -1.694506
v -1.572339 2.485799 -1.634123
v -1.609414 2.437646 -1.685169
v -1.527416 2.437646 -1.742150
v -1.192920 2.667858 -1.927569
v -1.157048 2.717807 -1.952121
v -1.248690 2.704608 -1.887049
v -1.231809 2.767313 -1.897804
v -1.572331 2.437646 -1.634129
v -1.492800 2.437646 -1.694505
v -1.584949 2.539393 -1.686674
v -1.537022 2.526675 -1.719983
v -1.484766 2.667858 -1.757950
v -1.520638 2.717807 -1.733398
v -1.428995 2.704608 -1.798469
v -1.445877 2.767313 -1.787715
v -1.520231 2.605038 -1.732184
v -1.563114 2.642146 -1.702537
v -1.563341 2.539393 -1.656932
v -1.516851 2.526675 -1.692219
v -1.464595 2.667858 -1.730186
v -1.499030 2.717807 -1.703656
v -1.408824 2.704608 -1.770705
v -1.424268 2.767313 -1.757974
v -1.500059 2.605038 -1.704420
v -1.541505 2.642146 -1.672796
v -1.157456 2.605038 -1.953336
v -1.114572 2.642146 -1.982981
v -1.114404 2.454426 -2.028544
v -1.160824 2.454426 -1.993307
v -1.092795 2.454426 -1.998803
v -1.140652 2.454426 -1.965543
v -1.033549 2.821829 -2.124130
v -0.977775 2.821829 -2.040657
v -1.061246 2.821829 -1.984883
v -1.117021 2.821829 -2.068356
v -1.032763 2.821829 -2.128078
v -1.032763 2.813463 -2.128078
v -0.973826 2.813463 -2.039872
v -1.062032 2.813463 -1.980935
v -1.120969 2.813463 -2.069141
v -0.973826 2.821829 -2.039872
v -1.062032 2.821829 -1.980935
v -1.120969 2.821829 -2.069141
v -0.977775 2.934855 -2.040657
v -1.061246 2.934855 -1.984883
v -1.033549 2.934855 -2.124130
v -1.117021 2.934855 -2.068356
v -1.584890 2.454426 -1.686716
v -1.537034 2.454426 -1.719975
v -1.563282 2.454426 -1.656974
v -1.516862 2.454426 -1.692211
v -2.080284 2.848925 -1.059958
v -2.080284 2.926692 -1.059958
v -2.029194 2.848925 -1.033926
v -2.029194 2.926692 -1.033926
v -1.728232 2.485799 -1.533458
v -1.686164 2.485799 -1.593993
v -1.686245 1.950340 -1.593882
v -1.728217 1.950340 -1.533479
v -1.693061 2.485799 -1.507904
v -1.648487 2.485799 -1.566620
v -1.648569 1.950340 -1.566509
v -1.693045 1.950340 -1.507926
v -1.686168 2.444595 -1.593987
v -1.728231 2.444595 -1.533459
v -1.648492 2.444595 -1.566614
v -1.693060 2.444595 -1.507905
v -1.742151 2.485799 -1.527415
v -1.685163 2.485799 -1.609422
v -1.992458 2.485799 -1.169783
v -2.037031 2.485799 -1.111066
v -1.694506 2.485799 -1.492798
v -1.634123 2.485799 -1.572340
v -1.685169 2.437646 -1.609414
v -1.742150 2.437646 -1.527416
v -1.634129 2.437646 -1.572331
v -1.694505 2.437646 -1.492800
v -1.596123 1.949651 -1.604940
v -1.596123 2.841022 -1.604940
v -1.589079 1.949651 -1.620221
v -1.589079 2.841022 -1.620221
v -1.588417 1.949651 -1.637034
v -1.588417 2.841022 -1.637034
v -1.594244 1.949651 -1.652823
v -1.594244 2.841022 -1.652823
v -1.605664 1.949651 -1.665178
v -1.605664 2.841022 -1.665178
v -1.620947 1.949651 -1.672224
v -1.620947 2.841022 -1.672224
v -1.637759 1.949651 -1.672883
v -1.637759 2.841022 -1.672883
v -1.653545 1.949651 -1.667058
v -1.653545 2.841022 -1.667058
v -1.665902 1.949651 -1.655638
v -1.665902 2.841022 -1.655638
v -1.672946 1.949651 -1.640356
v -1.672946 2.841022 -1.640356
v -1.673607 1.949651 -1.623543
v -1.673607 2.841022 -1.623543
v -1.667784 1.949651 -1.607757
v -1.667784 2.841022 -1.607757
v -1.656360 1.949651 -1.595400
v -1.656360 2.841022 -1.595400
v -1.641081 1.949651 -1.588356
v -1.641081 2.841022 -1.588356
v -1.624266 1.949651 -1.587694
v -1.624266 2.841022 -1.587694
v -1.608479 1.949651 -1.593519
v -1.608479 2.841022 -1.593519
v -1.828877 2.719485 -1.328757
v -1.827888 2.785264 -1.328039
v -1.857630 2.785264 -1.349647
v -1.856641 2.719485 -1.348929
v -2.036950 1.950340 -1.111178
v -1.992473 1.950340 -1.169761
v -1.686674 2.539393 -1.584949
v -1.719983 2.526675 -1.537023
v -1.957286 2.485799 -1.144229
v -1.999354 2.485799 -1.083693
v -1.999274 1.950340 -1.083805
v -1.957302 1.950340 -1.144207
v -2.037026 2.444595 -1.111073
v -1.992459 2.444595 -1.169781
v -1.999350 2.444595 -1.083699
v -1.957287 2.444595 -1.144228
v -1.757950 2.667858 -1.484767
v -1.733398 2.717807 -1.520639
v -1.798469 2.704608 -1.428996
v -1.787715 2.767313 -1.445877
v -1.732184 2.605038 -1.520231
v -1.702537 2.642146 -1.563114
v -1.656932 2.539393 -1.563341
v -1.692219 2.526675 -1.516851
v -1.991012 2.485799 -1.184888
v -2.051395 2.485799 -1.105347
v -1.943367 2.485799 -1.150272
v -2.000355 2.485799 -1.068264
v -2.051389 2.437646 -1.105356
v -1.991013 2.437646 -1.184886
v -1.730186 2.667858 -1.464595
v -1.703656 2.717807 -1.499030
v -1.770705 2.704608 -1.408824
v -1.757974 2.767313 -1.424269
v -2.000349 2.437646 -1.068273
v -1.943368 2.437646 -1.150270
v -2.028587 2.539393 -1.114346
v -1.993299 2.526675 -1.160835
v -1.955333 2.667858 -1.213092
v -1.981863 2.717807 -1.178657
v -1.914813 2.704608 -1.268862
v -1.927545 2.767313 -1.253418
v -1.981100 2.605038 -1.177628
v -2.012723 2.642146 -1.136181
v -1.998846 2.539393 -1.092738
v -1.965535 2.526675 -1.140664
v -1.927569 2.667858 -1.192920
v -1.952121 2.717807 -1.157048
v -1.887049 2.704608 -1.248691
v -1.897804 2.767313 -1.231809
v -1.953336 2.605038 -1.157456
v -1.982981 2.642146 -1.114573
v -1.704420 2.605038 -1.500060
v -1.672796 2.642146 -1.541506
v -1.686716 2.454426 -1.584891
v -1.719975 2.454426 -1.537034
v -1.656974 2.454426 -1.563282
v -1.692211 2.454426 -1.516862
v -1.639356 2.821829 -1.700783
v -1.560517 2.821829 -1.638632
v -1.622668 2.821829 -1.559793
v -1.701507 2.821829 -1.621945
v -1.639829 2.821829 -1.704781
v -1.639829 2.813463 -1.704781
v -1.556519 2.813463 -1.639105
v -1.622195 2.813463 -1.555796
v -1.705504 2.813463 -1.621472
v -1.556519 2.821829 -1.639105
v -1.622195 2.821829 -1.555796
v -1.705504 2.821829 -1.621472
v -1.560517 2.934855 -1.638632
v -1.622668 2.934855 -1.559793
v -1.639356 2.934855 -1.700783
v -1.701507 2.934855 -1.621945
v -2.028544 2.454426 -1.114404
v -1.993307 2.454426 -1.160824
v -1.998803 2.454426 -1.092796
v -1.965543 2.454426 -1.140652
v -2.306013 2.848925 -0.365237
v -2.306013 2.926692 -0.365237
v -2.249380 2.848925 -0.356267
v -2.249380 2.926692 -0.356267
v -2.117511 2.485799 -0.924351
v -2.096208 2.485799 -0.994924
v -2.096251 1.950340 -0.994793
v -2.117503 1.950340 -0.924377
v -2.076164 2.485799 -0.910917
v -2.051917 2.485799 -0.980533
v -2.051960 1.950340 -0.980402
v -2.076156 1.950340 -0.910942
v -2.096210 2.444595 -0.994917
v -2.117511 2.444595 -0.924353
v -2.051919 2.444595 -0.980526
v -2.076164 2.444595 -0.910919
v -2.128881 2.485799 -0.914303
v -2.100024 2.485799 -1.009907
v -2.256422 2.485799 -0.496826
v -2.280670 2.485799 -0.427209
v -2.072871 2.485799 -0.896104
v -2.040023 2.485799 -0.990412
v -2.100028 2.437646 -1.009897
v -2.128881 2.437646 -0.914305
v -2.040026 2.437646 -0.990402
v -2.072871 2.437646 -0.896106
v -2.013957 1.949651 -1.033159
v -2.013957 2.841022 -1.033159
v -2.011980 1.949651 -1.049869
v -2.011980 2.841022 -1.049869
v -2.016546 1.949651 -1.066064
v -2.016546 2.841022 -1.066064
v -2.026966 1.949651 -1.079279
v -2.026966 2.841022 -1.079279
v -2.041646 1.949651 -1.087500
v -2.041646 2.841022 -1.087500
v -2.058357 1.949651 -1.089479
v -2.058357 2.841022 -1.089479
v -2.074551 1.949651 -1.084911
v -2.074551 2.841022 -1.084911
v -2.087764 1.949651 -1.074493
v -2.087764 2.841022 -1.074493
v -2.095987 1.949651 -1.059813
v -2.095987 2.841022 -1.059813
v -2.097964 1.949651 -1.043102
v -2.097964 2.841022 -1.043102
v -2.093397 1.949651 -1.026908
v -2.093397 2.841022 -1.026908
v -2.082981 1.949651 -1.013694
v -2.082981 2.841022 -1.013694
v -2.068298 1.949651 -1.005472
v -2.068298 2.841022 -1.005472
v -2.051590 1.949651 -1.003494
v -2.051590 2.841022 -1.003494
v -2.035393 1.949651 -1.008061
v -2.035393 2.841022 -1.008061
v -2.022179 1.949651 -1.018478
v -2.022179 2.841022 -1.018478
v -2.149973 2.719485 -0.698569
v -2.148812 2.785264 -0.698191
v -2.183774 2.785264 -0.709551
v -2.182612 2.719485 -0.709174
v -2.280627 1.950340 -0.427341
v -2.256431 1.950340 -0.496800
v -2.093898 2.539393 -0.986165
v -2.110767 2.526675 -0.930291
v -2.215076 2.485799 -0.483391
v -2.236378 2.485799 -0.412818
v -2.236336 1.950340 -0.412950
v -2.215084 1.950340 -0.483366
v -2.280667 2.444595 -0.427217
v -2.256423 2.444595 -0.496824
v -2.236377 2.444595 -0.412826
v -2.215076 2.444595 -0.483390
v -2.130728 2.667858 -0.868861
v -2.118463 2.717807 -0.910564
v -2.152030 2.704608 -0.803298
v -2.147019 2.767313 -0.822676
v -2.117182 2.605038 -0.910551
v -2.102238 2.642146 -0.960497
v -2.058935 2.539393 -0.974805
v -2.078128 2.526675 -0.919686
v -2.259715 2.485799 -0.511638
v -2.292563 2.485799 -0.417331
v -2.203705 2.485799 -0.493440
v -2.232563 2.485799 -0.397836
v -2.292561 2.437646 -0.417341
v -2.259716 2.437646 -0.511636
v -2.098089 2.667858 -0.858256
v -2.083499 2.717807 -0.899203
v -2.119391 2.704608 -0.792693
v -2.112056 2.767313 -0.811316
v -2.232559 2.437646 -0.397846
v -2.203706 2.437646 -0.493438
v -2.273653 2.539393 -0.432938
v -2.254458 2.526675 -0.488056
v -2.234499 2.667858 -0.549487
v -2.249088 2.717807 -0.508540
v -2.213195 2.704608 -0.615050
v -2.220531 2.767313 -0.596427
v -2.248045 2.605038 -0.507797
v -2.265312 2.642146 -0.458606
v -2.238690 2.539393 -0.421578
v -2.221819 2.526675 -0.477451
v -2.201860 2.667858 -0.538882
v -2.214125 2.717807 -0.497179
v -2.180557 2.704608 -0.604445
v -2.185569 2.767313 -0.585066
v -2.215406 2.605038 -0.497192
v -2.230349 2.642146 -0.447246
v -2.084543 2.605038 -0.899946
v -2.067275 2.642146 -0.949136
v -2.093920 2.454426 -0.986097
v -2.110763 2.454426 -0.930304
v -2.058957 2.454426 -0.974736
v -2.078124 2.454426 -0.919699
v -2.084691 2.821829 -1.110952
v -1.990505 2.821829 -1.076205
v -2.025251 2.821829 -0.982019
v -2.119438 2.821829 -1.016766
v -2.086376 2.821829 -1.114608
v -2.086376 2.813463 -1.114608
v -1.986849 2.813463 -1.077890
v -2.023566 2.813463 -0.978364
v -2.123093 2.813463 -1.015081
v -1.986849 2.821829 -1.077890
v -2.023566 2.821829 -0.978364
v -2.123093 2.821829 -1.015081
v -1.990505 2.934855 -1.076205
v -2.025251 2.934855 -0.982019
v -2.084691 2.934855 -1.110952
v -2.119438 2.934855 -1.016766
v -2.273630 2.454426 -0.433007
v -2.254462 2.454426 -0.488043
v -2.238667 2.454426 -0.421646
v -2.221824 2.454426 -0.477438
v -2.299513 2.485799 -0.224764
v -2.301061 2.485799 -0.298466
v -2.301061 1.950340 -0.298327
v -2.299513 1.950340 -0.224790
v -2.256039 2.485799 -0.224764
v -2.254490 2.485799 -0.298465
v -2.254491 1.950340 -0.298327
v -2.256039 1.950340 -0.224790
v -2.301061 2.444595 -0.298458
v -2.299513 2.444595 -0.224765
v -2.254491 2.444595 -0.298458
v -2.256039 2.444595 -0.224765
v -2.307222 2.485799 -0.211693
v -2.309320 2.485799 -0.311536
v -2.248329 2.485799 -0.211693
v -2.246232 2.485799 -0.311536
v -2.309320 2.437646 -0.311525
v -2.307222 2.437646 -0.211695
v -2.246232 2.437646 -0.311525
v -2.248330 2.437646 -0.211695
v -2.234650 1.949651 -0.360246
v -2.234650 2.841022 -0.360246
v -2.237934 1.949651 -0.376749
v -2.237934 2.841022 -0.376749
v -2.247281 1.949651 -0.390740
v -2.247281 2.841022 -0.390740
v -2.261275 1.949651 -0.400089
v -2.261275 2.841022 -0.400089
v -2.277777 1.949651 -0.403371
v -2.277777 2.841022 -0.403371
v -2.294282 1.949651 -0.400089
v -2.294282 2.841022 -0.400089
v -2.308271 1.949651 -0.390740
v -2.308271 2.841022 -0.390740
v -2.317618 1.949651 -0.376749
v -2.317618 2.841022 -0.376749
v -2.320903 1.949651 -0.360246
v -2.320903 2.841022 -0.360246
v -2.317619 1.949651 -0.343743
v -2.317619 2.841022 -0.343743
v -2.308271 1.949651 -0.329752
v -2.308271 2.841022 -0.329752
v -2.294281 1.949651 -0.320404
v -2.294281 2.841022 -0.320404
v -2.277776 1.949651 -0.317121
v -2.277776 2.841022 -0.317121
v -2.261275 1.949651 -0.320404
v -2.261275 2.841022 -0.320404
v -2.247282 1.949651 -0.329752
v -2.247282 2.841022 -0.329752
v -2.237934 1.949651 -0.343743
v -2.237934 2.841022 -0.343743
v -2.296158 2.539393 -0.290849
v -2.294935 2.526675 -0.232497
v -2.294936 2.667858 -0.167904
v -2.296158 2.717807 -0.211357
v -2.294935 2.704608 -0.098968
v -2.296157 2.767313 -0.118947
v -2.294936 2.605038 -0.211741
v -2.296157 2.642146 -0.263860
v -2.259396 2.539393 -0.290849
v -2.260617 2.526675 -0.232497
v -2.260617 2.667858 -0.167904
v -2.259395 2.717807 -0.211357
v -2.260617 2.704608 -0.098968
v -2.259395 2.767313 -0.118947
v -2.260618 2.605038 -0.211740
v -2.259395 2.642146 -0.263859
v -2.296157 2.454426 -0.290777
v -2.294935 2.454426 -0.232511
v -2.259395 2.454426 -0.290777
v -2.260617 2.454426 -0.232511
v -2.339552 2.821829 -0.326571
v -2.242929 2.821829 -0.299321
v -2.215679 2.821829 -0.395943
v -2.312301 2.821829 -0.423193
v -2.343064 2.821829 -0.324604
v -2.343064 2.813463 -0.324604
v -2.240963 2.813463 -0.295809
v -2.212167 2.813463 -0.397910
v -2.314268 2.813463 -0.426705
v -2.240963 2.821829 -0.295809
v -2.212167 2.821829 -0.397910
v -2.314268 2.821829 -0.426705
v -2.242929 2.934855 -0.299321
v -2.215679 2.934855 -0.395943
v -2.339552 2.934855 -0.326571
v -2.312301 2.934855 -0.423193
v -0.264115 1.949486 -2.277776
v -0.264115 2.848925 -2.277776
v 0.000000 2.757368 -2.277776
v -0.264115 2.549750 -2.277776
v 0.000000 2.848925 -2.277776
v -0.192459 2.698740 -2.277776
v 0.264115 1.949486 -2.277776
v 0.264115 2.848925 -2.277776
v 0.264115 2.549750 -2.277776
v 0.192459 2.698740 -2.277776
v -0.360752 2.549748 -2.277697
v -0.360752 2.698682 -2.277697
v 1.046942 2.848925 -2.054740
v 1.046942 1.949486 -2.054740
v 0.360752 2.848925 -2.277697
v 0.360752 1.949486 -2.277697
v 0.452683 1.949486 -2.247910
v 0.452683 2.848925 -2.247910
v 0.703872 2.757368 -2.166294
v 0.452683 2.549750 -2.247910
v 0.703872 2.848925 -2.166294
v 0.520832 2.698740 -2.225767
v 0.955060 1.949486 -2.084678
v 0.955060 2.848925 -2.084678
v 0.955060 2.549750 -2.084678
v 0.886911 2.698740 -2.106821
v 1.046942 2.549748 -2.054740
v 1.046942 2.698682 -2.054740
v 0.360752 2.549748 -2.277697
v 0.360752 2.698682 -2.277697
v 1.125170 1.949486 -1.998003
v 1.125170 2.848925 -1.998003
v 1.338843 2.757368 -1.842760
v 1.125170 2.549750 -1.998003
v 1.338843 2.848925 -1.842760
v 1.183141 2.698740 -1.955884
v 1.552517 1.949486 -1.687517
v 1.552517 2.848925 -1.687517
v 1.552517 2.549750 -1.687517
v 1.494546 2.698740 -1.729635
v 2.054740 2.848925 -1.046942
v 2.054740 1.949486 -1.046942
v 1.630651 2.848925 -1.630651
v 1.630651 1.949486 -1.630651
v 1.687517 1.949486 -1.552517
v 1.687517 2.848925 -1.552517
v 1.842760 2.757368 -1.338844
v 1.687517 2.549750 -1.552517
v 1.842760 2.848925 -1.338844
v 1.729635 2.698740 -1.494546
v 1.998003 1.949486 -1.125170
v 1.998003 2.848925 -1.125170
v 1.998003 2.549750 -1.125170
v 1.955885 2.698740 -1.183141
v 2.054740 2.549748 -1.046942
v 2.054740 2.698682 -1.046942
v 1.630651 2.549748 -1.630651
v 1.630651 2.698682 -1.630651
v 2.084678 1.949486 -0.955060
v 2.084678 2.848925 -0.955060
v 2.166294 2.757368 -0.703872
v 2.084678 2.549750 -0.955060
v 2.166294 2.848925 -0.703872
v 2.106821 2.698740 -0.886911
v 2.247910 1.949486 -0.452683
v 2.247910 2.848925 -0.452683
v 2.247910 2.549750 -0.452683
v 2.225767 2.698740 -0.520832
v 2.277697 2.848925 0.360752
v 2.277697 1.949486 0.360752
v 2.277697 2.848925 -0.360752
v 2.277697 1.949486 -0.360752
v 2.277777 1.949486 -0.264115
v 2.277777 2.848925 -0.264115
v 2.277777 2.757368 0.000000
v 2.277777 2.549750 -0.264115
v 2.277777 2.848925 0.000000
v 2.277777 2.698740 -0.192459
v 2.277777 1.949486 0.264115
v 2.277777 2.848925 0.264115
v 2.277777 2.549750 0.264115
v 2.277777 2.698740 0.192459
v 2.277697 2.549748 0.360752
v 2.277697 2.698682 0.360752
v 2.277697 2.549748 -0.360752
v 2.277697 2.698682 -0.360752
v 2.247910 1.949486 0.452683
v 2.247910 2.848925 0.452683
v 2.166294 2.757368 0.703871
v 2.247910 2.549750 0.452683
v 2.166294 2.848925 0.703871
v 2.225767 2.698740 0.520832
v 2.084678 1.949486 0.955060
v 2.084678 2.848925 0.955060
v 2.084678 2.549750 0.955060
v 2.106821 2.698740 0.886911
v 1.630651 2.848925 1.630651
v 1.630651 1.949486 1.630651
v 2.054740 2.848925 1.046942
v 2.054740 1.949486 1.046942
v 1.998003 1.949486 1.125170
v 1.998003 2.848925 1.125170
v 1.842760 2.757368 1.338844
v 1.998003 2.549750 1.125170
v 1.842760 2.848925 1.338844
v 1.955884 2.698740 1.183141
v 1.687517 1.949486 1.552517
v 1.687517 2.848925 1.552517
v 1.687517 2.549750 1.552517
v 1.729636 2.698740 1.494546
v 1.630651 2.549748 1.630651
v 1.630651 2.698682 1.630651
v 2.054740 2.549748 1.046942
v 2.054740 2.698682 1.046942
v 1.552517 1.949486 1.687517
v 1.552517 2.848925 1.687517
v 1.338843 2.757368 1.842760
v 1.552517 2.549750 1.687517
v 1.338843 2.848925 1.842760
v 1.494546 2.698740 1.729636
v 1.125170 1.949486 1.998003
v 1.125170 2.848925 1.998003
v 1.125170 2.549750 1.998003
v 1.183141 2.698740 1.955885
v 0.360752 2.848925 2.277697
v 0.360752 1.949486 2.277697
v 1.046942 2.848925 2.054740
v 1.046942 1.949486 2.054740
v 0.955060 1.949486 2.084678
v 0.955060 2.848925 2.084678
v 0.703872 2.757368 2.166294
v 0.955060 2.549750 2.084678
v 0.703872 2.848925 2.166294
v 0.886911 2.698740 2.106821
v 0.452683 1.949486 2.247910
v 0.452683 2.848925 2.247910
v 0.452683 2.549750 2.247910
v 0.520832 2.698740 2.225767
v 0.360752 2.549748 2.277697
v 0.360752 2.698682 2.277697
v 1.046942 2.549748 2.054740
v 1.046942 2.698682 2.054740
v 0.264115 1.949486 2.277776
v 0.264115 2.848925 2.277776
v 0.000000 2.757368 2.277776
v 0.264115 2.549750 2.277776
v 0.000000 2.848925 2.277776
v 0.192459 2.698740 2.277776
v -0.264116 1.949486 2.277776
v -0.264116 2.848925 2.277776
v -0.264116 2.549750 2.277776
v -0.192459 2.698740 2.277776
v -1.046942 2.848925 2.054740
v -1.046942 1.949486 2.054740
v -0.360752 2.848925 2.277697
v -0.360752 1.949486 2.277697
v -0.452683 1.949486 2.247910
v -0.452683 2.848925 2.247910
v -0.703872 2.757368 2.166294
v -0.452683 2.549750 2.247910
v -0.703872 2.848925 2.166294
v -0.520833 2.698740 2.225767
v -0.955060 1.949486 2.084678
v -0.955060 2.848925 2.084678
v -0.955060 2.549750 2.084678
v -0.886911 2.698740 2.106822
v -1.046942 2.549748 2.054740
v -1.046942 2.698682 2.054740
v -0.360752 2.549748 2.277697
v -0.360752 2.698682 2.277697
v -1.125170 1.949486 1.998003
v -1.125170 2.848925 1.998003
v -1.338844 2.757368 1.842760
v -1.125170 2.549750 1.998003
v -1.338844 2.848925 1.842760
v -1.183141 2.698740 1.955884
v -1.552518 1.949486 1.687517
v -1.552518 2.848925 1.687517
v -1.552518 2.549750 1.687517
v -1.494546 2.698740 1.729635
v -2.054740 2.848925 1.046942
v -2.054740 1.949486 1.046942
v -1.630651 2.848925 1.630651
v -1.630651 1.949486 1.630651
v -1.687517 1.949486 1.552517
v -1.687517 2.848925 1.552517
v -1.842760 2.757368 1.338844
v -1.687517 2.549750 1.552517
v -1.842760 2.848925 1.338844
v -1.729636 2.698740 1.494546
v -1.998003 1.949486 1.125170
v -1.998003 2.848925 1.125170
v -1.998003 2.549750 1.125170
v -1.955885 2.698740 1.183141
v -2.054740 2.549748 1.046942
v -2.054740 2.698682 1.046942
v -1.630651 2.549748 1.630651
v -1.630651 2.698682 1.630651
v -2.084678 1.949486 0.955060
v -2.084678 2.848925 0.955060
v -2.166294 2.757368 0.703872
v -2.084678 2.549750 0.955060
v -2.166294 2.848925 0.703872
v -2.106821 2.698740 0.886911
v -2.247910 1.949486 0.452683
v -2.247910 2.848925 0.452683
v -2.247910 2.549750 0.452683
v -2.225767 2.698740 0.520832
v -2.277697 2.848925 -0.360752
v -2.277697 1.949486 -0.360752
v -2.277697 2.848925 0.360752
v -2.277697 1.949486 0.360752
v -2.277777 1.949486 0.264115
v -2.277777 2.848925 0.264115
v -2.277777 2.757368 -0.000000
v -2.277777 2.549750 0.264115
v -2.277777 2.848925 -0.000000
v -2.277777 2.698740 0.192459
v -2.277777 1.949486 -0.264116
v -2.277777 2.848925 -0.264116
v -2.277777 2.549750 -0.264116
v -2.277777 2.698740 -0.192459
v -2.277697 2.549748 -0.360752
v -2.277697 2.698682 -0.360752
v -2.277697 2.549748 0.360752
v -2.277697 2.698682 0.360752
v -2.247910 1.949486 -0.452683
v -2.247910 2.848925 -0.452683
v -2.166294 2.757368 -0.703872
v -2.247910 2.549750 -0.452683
v -2.166294 2.848925 -0.703872
v -2.225767 2.698740 -0.520833
v -2.084678 1.949486 -0.955061
v -2.084678 2.848925 -0.955061
v -2.084678 2.549750 -0.955061
v -2.106821 2.698740 -0.886911
v -1.630651 2.848925 -1.630651
v -1.630651 1.949486 -1.630651
v -2.054740 2.848925 -1.046943
v -2.054740 1.949486 -1.046943
v -1.998003 1.949486 -1.125170
v -1.998003 2.848925 -1.125170
v -1.842760 2.757368 -1.338844
v -1.998003 2.549750 -1.125170
v -1.842760 2.848925 -1.338844
v -1.955884 2.698740 -1.183141
v -1.687517 1.949486 -1.552518
v -1.687517 2.848925 -1.552518
v -1.687517 2.549750 -1.552518
v -1.729635 2.698740 -1.494546
v -1.630651 2.549748 -1.630651
v -1.630651 2.698682 -1.630651
v -2.054740 2.549748 -1.046943
v -2.054740 2.698682 -1.046943
v -1.552517 1.949486 -1.687517
v -1.552517 2.848925 -1.687517
v -1.338843 2.757368 -1.842760
v -1.552517 2.549750 -1.687517
v -1.338843 2.848925 -1.842760
v -1.494546 2.698740 -1.729635
v -1.125169 1.949486 -1.998003
v -1.125169 2.848925 -1.998003
v -1.125169 2.549750 -1.998003
v -1.183141 2.698740 -1.955885
v -1.046942 2.848925 -2.054740
v -1.046942 1.949486 -2.054740
v -0.955060 1.949486 -2.084679
v -0.955060 2.848925 -2.084679
v -0.703871 2.757368 -2.166294
v -0.955060 2.549750 -2.084679
v -0.703871 2.848925 -2.166294
v -0.886911 2.698740 -2.106821
v -0.452683 1.949486 -2.247910
v -0.452683 2.848925 -2.247910
v -0.452683 2.549750 -2.247910
v -0.520833 2.698740 -2.225768
v -1.046942 2.549748 -2.054740
v -1.046942 2.698682 -2.054740
vn -0.0000 -1.0000 -0.0000
vn 1.0000 -0.0003 -0.0000
vn -0.0210 -0.0000 -0.9998
vn -1.0000 -0.0000 -0.0000
vn -0.0000 1.0000 -0.0000
vn -1.0000 -0.0001 -0.0000
vn 1.0000 -0.0002 -0.0000
vn -0.0210 -0.0000 0.9998
vn -0.0157 -0.0109 0.9998
vn -0.0198 -0.0053 0.9998
vn -0.0156 -0.0109 -0.9998
vn -0.0198 -0.0052 -0.9998
vn -0.0089 -0.0167 -0.9998
vn -0.0089 -0.0167 0.9998
vn -0.8201 -0.5723 -0.0000
vn -1.0000 -0.0002 -0.0000
vn -0.0028 -0.0186 0.9998
vn -0.1486 -0.9889 -0.0000
vn 0.1492 0.9888 -0.0000
vn -0.4704 -0.8824 -0.0000
vn -0.0028 -0.0186 -0.9998
vn 0.9672 0.2540 -0.0000
vn 1.0000 -0.0008 -0.0000
vn 0.4722 0.8815 -0.0000
vn 0.8216 0.5701 -0.0000
vn -0.9667 -0.2560 -0.0000
vn 0.3289 -0.0000 0.9444
vn 0.9511 -0.0003 -0.3090
vn -0.9511 -0.0003 0.3090
vn -0.2890 -0.0000 -0.9573
vn -0.9511 -0.0002 0.3090
vn -0.2889 -0.0000 -0.9573
vn -0.4887 -0.0000 -0.8725
vn -0.7853 -0.0000 -0.6191
vn 0.9511 -0.0000 -0.3090
vn 0.9511 -0.0001 -0.3090
vn -0.9625 -0.0000 -0.2713
vn -0.9931 -0.0000 0.1175
vn -0.8725 -0.0000 0.4886
vn -0.6191 -0.0000 0.7854
vn -0.2714 -0.0000 0.9625
vn 0.1175 -0.0000 0.9931
vn 0.4887 -0.0000 0.8725
vn 0.7853 -0.0000 0.6191
vn 0.9624 -0.0000 0.2715
vn 0.9931 -0.0000 -0.1176
vn 0.8725 -0.0000 -0.4886
vn 0.6192 -0.0000 -0.7853
vn 0.2714 -0.0000 -0.9625
vn -0.1175 -0.0000 -0.9931
vn 0.3238 -0.0109 0.9461
vn 0.3277 -0.0052 0.9448
vn 0.3175 -0.0167 0.9481
vn -0.3289 -0.0000 -0.9444
vn -0.9511 -0.0000 0.3090
vn -0.3005 -0.0167 -0.9536
vn -0.2941 -0.0109 -0.9557
vn -0.2901 -0.0052 -0.9570
vn 0.3116 -0.0186 0.9500
vn -0.9511 -0.0001 0.3090
vn 0.7799 -0.5722 -0.2534
vn 0.9511 -0.0002 -0.3090
vn -0.7814 0.5701 0.2539
vn 0.4474 -0.8824 -0.1454
vn -0.4491 0.8815 0.1459
vn -0.1419 0.9888 0.0461
vn 0.1414 -0.9889 -0.0459
vn 0.9194 -0.2560 -0.2987
vn -0.9511 -0.0009 0.3090
vn 0.2890 -0.0000 0.9573
vn -0.3063 -0.0186 -0.9518
vn -0.3290 -0.0000 -0.9443
vn -0.9199 0.2540 0.2989
vn 0.2941 -0.0109 0.9557
vn 0.2901 -0.0053 0.9570
vn -0.3238 -0.0109 -0.9460
vn -0.3277 -0.0052 -0.9448
vn -0.3175 -0.0167 -0.9481
vn 0.3005 -0.0167 0.9536
vn -0.7799 -0.5723 0.2534
vn 0.3063 -0.0186 0.9518
vn -0.1414 -0.9889 0.0459
vn 0.1419 0.9888 -0.0461
vn -0.4474 -0.8824 0.1454
vn -0.3116 -0.0186 -0.9500
vn 0.9199 0.2540 -0.2989
vn 0.9511 -0.0009 -0.3090
vn 0.4491 0.8815 -0.1459
vn 0.7814 0.5701 -0.2539
vn -0.9194 -0.2560 0.2987
vn 0.3090 -0.0000 0.9511
vn 0.9625 -0.0000 -0.2714
vn 0.2714 -0.0000 0.9625
vn -0.9625 -0.0000 0.2714
vn -0.2714 -0.0000 -0.9625
vn -0.3090 -0.0000 -0.9511
vn 0.6046 -0.0000 0.7965
vn 0.8090 -0.0003 -0.5878
vn -0.8090 -0.0003 0.5878
vn -0.5707 -0.0000 -0.8212
vn -0.8090 -0.0002 0.5878
vn 0.6047 -0.0000 0.7965
vn -0.5706 -0.0000 -0.8212
vn -0.7344 -0.0000 -0.6788
vn -0.9382 -0.0000 -0.3462
vn 0.8090 -0.0000 -0.5878
vn 0.8090 -0.0001 -0.5878
vn -0.9992 -0.0000 0.0393
vn -0.9082 -0.0000 0.4186
vn -0.6788 -0.0000 0.7343
vn -0.3461 -0.0000 0.9382
vn 0.0393 -0.0000 0.9992
vn 0.4186 -0.0000 0.9082
vn 0.7344 -0.0000 0.6788
vn 0.9382 -0.0000 0.3461
vn 0.9992 -0.0000 -0.0392
vn 0.9081 -0.0000 -0.4187
vn 0.6788 -0.0000 -0.7343
vn 0.3462 -0.0000 -0.9382
vn -0.0393 -0.0000 -0.9992
vn -0.4186 -0.0000 -0.9082
vn 0.6003 -0.0109 0.7997
vn 0.6036 -0.0052 0.7972
vn 0.5949 -0.0167 0.8036
vn -0.6047 -0.0000 -0.7965
vn -0.8090 -0.0000 0.5878
vn -0.5804 -0.0167 -0.8141
vn -0.5750 -0.0109 -0.8181
vn -0.5717 -0.0052 -0.8205
vn 0.5900 -0.0186 0.8072
vn -0.8090 -0.0001 0.5878
vn 0.6635 -0.5723 -0.4820
vn 0.8090 -0.0002 -0.5878
vn -0.5707 -0.0000 -0.8211
vn -0.6647 0.5701 0.4829
vn 0.3806 -0.8824 -0.2765
vn -0.3820 0.8815 0.2776
vn -0.1207 0.9888 0.0877
vn 0.1203 -0.9889 -0.0874
vn 0.7820 -0.2560 -0.5682
vn -0.8090 -0.0008 0.5878
vn 0.5707 -0.0000 0.8212
vn -0.5854 -0.0186 -0.8105
vn -0.7825 0.2540 0.5685
vn 0.5750 -0.0109 0.8181
vn 0.5716 -0.0053 0.8205
vn -0.6003 -0.0109 -0.7997
vn -0.6036 -0.0052 -0.7972
vn -0.5949 -0.0167 -0.8036
vn 0.5804 -0.0167 0.8141
vn -0.6635 -0.5722 0.4820
vn -0.6046 -0.0000 -0.7965
vn 0.5854 -0.0186 0.8105
vn -0.1203 -0.9889 0.0874
vn 0.1207 0.9888 -0.0877
vn -0.3806 -0.8824 0.2765
vn -0.5899 -0.0186 -0.8072
vn 0.7825 0.2540 -0.5685
vn 0.8090 -0.0009 -0.5878
vn 0.3820 0.8815 -0.2776
vn 0.6647 0.5701 -0.4829
vn -0.7821 -0.2560 0.5682
vn 0.5878 -0.0000 0.8090
vn 0.8315 -0.0000 -0.5556
vn 0.5556 -0.0000 0.8315
vn -0.8315 -0.0000 0.5556
vn -0.5556 -0.0000 -0.8315
vn -0.5878 -0.0000 -0.8090
vn 0.8212 -0.0000 0.5707
vn 0.5878 -0.0003 -0.8090
vn -0.5878 -0.0003 0.8090
vn -0.7965 -0.0000 -0.6047
vn -0.5878 -0.0002 0.8090
vn -0.9082 -0.0000 -0.4186
vn -0.9992 -0.0000 -0.0393
vn 0.5878 -0.0000 -0.8090
vn 0.5878 -0.0001 -0.8090
vn -0.9382 -0.0000 0.3462
vn -0.7343 -0.0000 0.6788
vn -0.4187 -0.0000 0.9081
vn -0.0392 -0.0000 0.9992
vn 0.3462 -0.0000 0.9382
vn 0.6787 -0.0000 0.7344
vn 0.9082 -0.0000 0.4186
vn 0.9992 -0.0000 0.0393
vn 0.9382 -0.0000 -0.3461
vn 0.7343 -0.0000 -0.6788
vn 0.4186 -0.0000 -0.9082
vn 0.0393 -0.0000 -0.9992
vn -0.3462 -0.0000 -0.9382
vn -0.6787 -0.0000 -0.7344
vn 0.8181 -0.0109 0.5750
vn 0.8204 -0.0052 0.5717
vn 0.8141 -0.0167 0.5804
vn -0.8212 -0.0000 -0.5707
vn -0.5878 -0.0000 0.8090
vn -0.8036 -0.0167 -0.5949
vn -0.7997 -0.0109 -0.6004
vn -0.7972 -0.0052 -0.6037
vn 0.8105 -0.0186 0.5854
vn -0.5878 -0.0001 0.8090
vn 0.4820 -0.5722 -0.6635
vn 0.5878 -0.0002 -0.8090
vn -0.7965 -0.0000 -0.6046
vn -0.4829 0.5701 0.6647
vn 0.2765 -0.8824 -0.3806
vn -0.2776 0.8815 0.3820
vn -0.0877 0.9888 0.1207
vn 0.0874 -0.9889 -0.1203
vn 0.5682 -0.2560 -0.7821
vn -0.5878 -0.0009 0.8090
vn 0.7965 -0.0000 0.6046
vn -0.8072 -0.0186 -0.5899
vn -0.8212 -0.0000 -0.5706
vn -0.5685 0.2540 0.7825
vn 0.7997 -0.0109 0.6003
vn 0.7972 -0.0053 0.6037
vn -0.8181 -0.0109 -0.5750
vn -0.8205 -0.0052 -0.5717
vn -0.8141 -0.0167 -0.5804
vn 0.8036 -0.0167 0.5949
vn -0.4820 -0.5722 0.6635
vn 0.8072 -0.0186 0.5900
vn -0.0874 -0.9889 0.1203
vn 0.0877 0.9888 -0.1207
vn -0.2765 -0.8824 0.3806
vn -0.8105 -0.0186 -0.5854
vn 0.5685 0.2540 -0.7825
vn 0.5878 -0.0008 -0.8090
vn 0.2776 0.8815 -0.3820
vn 0.4829 0.5701 -0.6647
vn -0.5682 -0.2560 0.7820
vn 0.8090 -0.0000 0.5878
vn 0.6191 -0.0000 -0.7853
vn -0.6191 -0.0000 0.7853
vn -0.8090 -0.0000 -0.5878
vn 0.9573 -0.0000 0.2890
vn 0.3090 -0.0003 -0.9511
vn -0.3090 -0.0003 0.9511
vn -0.9444 -0.0000 -0.3289
vn -0.3090 -0.0002 0.9511
vn -0.9443 -0.0000 -0.3290
vn -0.9931 -0.0000 -0.1175
vn 0.3090 -0.0000 -0.9511
vn 0.3090 -0.0001 -0.9511
vn -0.7852 -0.0000 0.6192
vn -0.4886 -0.0000 0.8725
vn -0.1176 -0.0000 0.9931
vn 0.2715 -0.0000 0.9624
vn 0.6191 -0.0000 0.7853
vn 0.8725 -0.0000 0.4887
vn 0.9931 -0.0000 0.1175
vn 0.7853 -0.0000 -0.6191
vn 0.4886 -0.0000 -0.8725
vn 0.1175 -0.0000 -0.9931
vn -0.6191 -0.0000 -0.7853
vn -0.8725 -0.0000 -0.4887
vn 0.9557 -0.0109 0.2941
vn 0.9570 -0.0052 0.2902
vn 0.9537 -0.0167 0.3005
vn -0.9573 -0.0000 -0.2890
vn -0.3090 -0.0000 0.9511
vn -0.9481 -0.0167 -0.3175
vn -0.9460 -0.0109 -0.3239
vn -0.9447 -0.0052 -0.3278
vn 0.9518 -0.0186 0.3063
vn -0.3090 -0.0001 0.9511
vn 0.2534 -0.5723 -0.7799
vn 0.3090 -0.0002 -0.9511
vn -0.2539 0.5701 0.7814
vn 0.1454 -0.8824 -0.4474
vn -0.1459 0.8815 0.4491
vn -0.0461 0.9888 0.1419
vn 0.0459 -0.9889 -0.1414
vn 0.2987 -0.2560 -0.9194
vn -0.3090 -0.0009 0.9511
vn 0.9444 -0.0000 0.3289
vn -0.9500 -0.0186 -0.3116
vn -0.9573 -0.0000 -0.2889
vn -0.2989 0.2540 0.9199
vn 0.9460 -0.0109 0.3239
vn 0.9447 -0.0053 0.3278
vn -0.9557 -0.0109 -0.2941
vn -0.9570 -0.0052 -0.2902
vn -0.9536 -0.0167 -0.3005
vn 0.9481 -0.0167 0.3175
vn -0.2534 -0.5723 0.7799
vn 0.9500 -0.0186 0.3116
vn -0.0459 -0.9889 0.1414
vn 0.0461 0.9888 -0.1419
vn -0.1454 -0.8824 0.4474
vn -0.9518 -0.0186 -0.3063
vn 0.2989 0.2540 -0.9199
vn 0.3090 -0.0009 -0.9511
vn 0.1459 0.8815 -0.4491
vn 0.2539 0.5701 -0.7814
vn -0.2987 -0.2560 0.9194
vn 0.9511 -0.0000 0.3090
vn 0.3461 -0.0000 -0.9382
vn -0.9382 -0.0000 -0.3461
vn -0.9511 -0.0000 -0.3090
vn 0.9998 -0.0000 -0.0210
vn -0.0000 -0.0003 1.0000
vn -0.9998 -0.0000 -0.0210
vn -0.0000 -0.0002 1.0000
vn -0.9998 -0.0000 -0.0211
vn -0.9808 -0.0000 0.1952
vn -0.8315 -0.0000 0.5555
vn -0.0000 -0.0000 -1.0000
vn -0.0000 -0.0001 -1.0000
vn -0.5555 -0.0000 0.8315
vn -0.1951 -0.0000 0.9808
vn 0.1951 -0.0000 0.9808
vn 0.5556 -0.0000 0.8314
vn 0.8315 -0.0000 0.5555
vn 0.9808 -0.0000 0.1952
vn 0.9808 -0.0000 -0.1952
vn 0.8315 -0.0000 -0.5555
vn 0.5556 -0.0000 -0.8314
vn 0.1951 -0.0000 -0.9808
vn -0.1951 -0.0000 -0.9808
vn -0.5555 -0.0000 -0.8315
vn -0.8315 -0.0000 -0.5555
vn -0.9808 -0.0000 -0.1951
vn 0.9998 -0.0109 -0.0156
vn 0.9998 -0.0052 -0.0197
vn 0.9998 -0.0167 -0.0089
vn -0.9998 -0.0167 -0.0089
vn -0.9998 -0.0109 -0.0157
vn -0.9998 -0.0052 -0.0198
vn 0.9998 -0.0186 -0.0028
vn -0.0000 -0.5722 -0.8201
vn -0.0000 -0.0002 -1.0000
vn -0.9998 -0.0000 -0.0209
vn -0.0000 0.5701 0.8216
vn -0.0000 -0.8824 -0.4704
vn -0.0000 0.8815 0.4722
vn -0.0000 0.9888 0.1492
vn -0.0000 -0.9889 -0.1486
vn -0.0000 -0.2560 -0.9667
vn -0.0000 -0.0008 1.0000
vn -0.9998 -0.0186 -0.0028
vn -0.0000 0.2540 0.9672
vn 0.9625 -0.0000 0.2714
vn -0.9625 -0.0000 -0.2714
vn -0.0197 -0.0052 -0.9998
vn -0.0157 -0.0110 0.9998
vn -0.0198 -0.0052 0.9998
vn -0.8201 -0.5722 -0.0000
vn -0.0209 -0.0000 0.9998
vn 1.0000 -0.0009 -0.0000
vn 0.3289 -0.0000 -0.9444
vn -0.2890 -0.0000 0.9573
vn -0.9511 -0.0002 -0.3090
vn -0.2889 -0.0000 0.9573
vn -0.4887 -0.0000 0.8725
vn -0.7853 -0.0000 0.6191
vn -0.9625 -0.0000 0.2713
vn -0.8725 -0.0000 -0.4886
vn -0.6191 -0.0000 -0.7854
vn 0.4887 -0.0000 -0.8725
vn 0.9624 -0.0000 -0.2715
vn 0.9931 -0.0000 0.1176
vn 0.8725 -0.0000 0.4886
vn 0.6192 -0.0000 0.7853
vn -0.1175 -0.0000 0.9931
vn 0.3239 -0.0109 -0.9460
vn 0.3278 -0.0053 -0.9447
vn 0.3175 -0.0167 -0.9481
vn -0.3289 -0.0000 0.9444
vn -0.3005 -0.0167 0.9536
vn -0.2941 -0.0109 0.9557
vn -0.2902 -0.0052 0.9570
vn 0.3116 -0.0186 -0.9500
vn 0.7799 -0.5722 0.2534
vn 0.9511 -0.0002 0.3090
vn -0.7814 0.5701 -0.2539
vn 0.4474 -0.8824 0.1454
vn -0.4491 0.8815 -0.1459
vn 0.1414 -0.9889 0.0459
vn 0.9194 -0.2560 0.2987
vn -0.9511 -0.0008 -0.3090
vn 0.2890 -0.0000 -0.9573
vn -0.3063 -0.0186 0.9518
vn -0.3290 -0.0000 0.9443
vn -0.9199 0.2540 -0.2989
vn 0.2941 -0.0109 -0.9557
vn 0.2902 -0.0052 -0.9570
vn -0.3239 -0.0109 0.9460
vn -0.3278 -0.0052 0.9447
vn -0.3175 -0.0167 0.9481
vn 0.3005 -0.0167 -0.9536
vn -0.7799 -0.5722 -0.2534
vn 0.3063 -0.0186 -0.9518
vn -0.1414 -0.9889 -0.0459
vn -0.4474 -0.8824 -0.1454
vn -0.3116 -0.0186 0.9500
vn 0.9199 0.2540 0.2989
vn 0.9511 -0.0008 0.3090
vn 0.4491 0.8815 0.1459
vn 0.7814 0.5701 0.2539
vn -0.9194 -0.2560 -0.2987
vn 0.6046 -0.0000 -0.7965
vn 0.8090 -0.0003 0.5878
vn -0.8090 -0.0003 -0.5878
vn -0.5707 -0.0000 0.8212
vn -0.8090 -0.0002 -0.5878
vn 0.6047 -0.0000 -0.7965
vn -0.5706 -0.0000 0.8212
vn -0.7344 -0.0000 0.6788
vn 0.8090 -0.0001 0.5878
vn -0.6788 -0.0000 -0.7343
vn -0.3461 -0.0000 -0.9382
vn 0.7344 -0.0000 -0.6788
vn 0.9992 -0.0000 0.0392
vn 0.9081 -0.0000 0.4187
vn 0.6788 -0.0000 0.7343
vn -0.0393 -0.0000 0.9992
vn -0.4186 -0.0000 0.9082
vn 0.6003 -0.0109 -0.7997
vn 0.6037 -0.0053 -0.7972
vn 0.5949 -0.0167 -0.8036
vn -0.6047 -0.0000 0.7965
vn -0.5804 -0.0167 0.8141
vn -0.5750 -0.0109 0.8181
vn -0.5717 -0.0052 0.8205
vn 0.5900 -0.0186 -0.8072
vn -0.8090 -0.0001 -0.5878
vn 0.6635 -0.5722 0.4820
vn 0.8090 -0.0002 0.5878
vn -0.6647 0.5701 -0.4829
vn 0.3806 -0.8824 0.2765
vn -0.3820 0.8815 -0.2776
vn -0.1207 0.9888 -0.0877
vn 0.1203 -0.9889 0.0874
vn 0.7820 -0.2560 0.5682
vn -0.8090 -0.0008 -0.5878
vn 0.5707 -0.0000 -0.8212
vn -0.5854 -0.0186 0.8105
vn -0.7825 0.2540 -0.5685
vn 0.5750 -0.0109 -0.8181
vn 0.5717 -0.0052 -0.8204
vn -0.6004 -0.0109 0.7997
vn -0.6037 -0.0052 0.7972
vn -0.5949 -0.0167 0.8036
vn 0.5804 -0.0167 -0.8141
vn -0.6635 -0.5723 -0.4820
vn -0.6046 -0.0000 0.7965
vn 0.5854 -0.0186 -0.8105
vn -0.1203 -0.9889 -0.0874
vn 0.1207 0.9888 0.0877
vn -0.3806 -0.8824 -0.2765
vn -0.5899 -0.0186 0.8072
vn 0.7825 0.2540 0.5685
vn 0.8090 -0.0008 0.5878
vn 0.3820 0.8815 0.2776
vn 0.6647 0.5701 0.4829
vn -0.7821 -0.2560 -0.5682
vn 0.8315 -0.0000 0.5556
vn 0.5556 -0.0000 -0.8315
vn -0.8315 -0.0000 -0.5556
vn -0.5556 -0.0000 0.8315
vn 0.8212 -0.0000 -0.5707
vn 0.5878 -0.0003 0.8090
vn -0.5878 -0.0003 -0.8090
vn -0.7965 -0.0000 0.6047
vn -0.5878 -0.0002 -0.8090
vn 0.5878 -0.0001 0.8090
vn -0.7343 -0.0000 -0.6788
vn -0.4187 -0.0000 -0.9081
vn -0.0392 -0.0000 -0.9992
vn 0.6787 -0.0000 -0.7344
vn 0.9082 -0.0000 -0.4186
vn 0.9992 -0.0000 -0.0393
vn 0.7343 -0.0000 0.6788
vn -0.3462 -0.0000 0.9382
vn -0.6787 -0.0000 0.7344
vn 0.8181 -0.0109 -0.5750
vn 0.8205 -0.0053 -0.5716
vn 0.8141 -0.0167 -0.5804
vn -0.8212 -0.0000 0.5707
vn -0.8036 -0.0167 0.5949
vn -0.7997 -0.0109 0.6003
vn -0.7972 -0.0052 0.6036
vn 0.8105 -0.0186 -0.5854
vn -0.5878 -0.0001 -0.8090
vn 0.4820 -0.5722 0.6635
vn 0.5878 -0.0002 0.8090
vn -0.7965 -0.0000 0.6046
vn -0.4829 0.5701 -0.6647
vn 0.2765 -0.8824 0.3806
vn -0.2776 0.8815 -0.3820
vn -0.0877 0.9888 -0.1207
vn 0.0874 -0.9889 0.1203
vn 0.5682 -0.2560 0.7821
vn -0.5878 -0.0008 -0.8090
vn 0.7965 -0.0000 -0.6046
vn -0.8072 -0.0186 0.5899
vn -0.8212 -0.0000 0.5706
vn -0.5685 0.2540 -0.7825
vn 0.7997 -0.0109 -0.6003
vn 0.7972 -0.0052 -0.6036
vn -0.8181 -0.0109 0.5750
vn -0.8205 -0.0052 0.5717
vn -0.8141 -0.0167 0.5804
vn 0.8036 -0.0167 -0.5949
vn -0.4820 -0.5722 -0.6635
vn -0.8211 -0.0000 0.5707
vn 0.8072 -0.0186 -0.5900
vn -0.0874 -0.9889 -0.1203
vn 0.0877 0.9888 0.1207
vn -0.2765 -0.8824 -0.3806
vn -0.8105 -0.0186 0.5854
vn 0.5685 0.2540 0.7825
vn 0.5878 -0.0009 0.8090
vn 0.2776 0.8815 0.3820
vn 0.4829 0.5701 0.6647
vn -0.5682 -0.2560 -0.7820
vn 0.9573 -0.0000 -0.2890
vn 0.3090 -0.0003 0.9511
vn -0.3090 -0.0003 -0.9511
vn -0.9444 -0.0000 0.3289
vn -0.3090 -0.0002 -0.9511
vn -0.9443 -0.0000 0.3290
vn 0.3090 -0.0001 0.9511
vn -0.7852 -0.0000 -0.6192
vn -0.4886 -0.0000 -0.8725
vn -0.1176 -0.0000 -0.9931
vn 0.2715 -0.0000 -0.9624
vn 0.8725 -0.0000 -0.4887
vn 0.9931 -0.0000 -0.1175
vn 0.4886 -0.0000 0.8725
vn -0.8725 -0.0000 0.4887
vn 0.9557 -0.0109 -0.2941
vn 0.9570 -0.0053 -0.2901
vn 0.9536 -0.0167 -0.3005
vn -0.9573 -0.0000 0.2890
vn -0.9481 -0.0167 0.3175
vn -0.9461 -0.0109 0.3238
vn -0.9448 -0.0052 0.3277
vn 0.9518 -0.0186 -0.3063
vn -0.3090 -0.0001 -0.9511
vn 0.2534 -0.5722 0.7799
vn 0.3090 -0.0002 0.9511
vn -0.2539 0.5701 -0.7814
vn 0.1454 -0.8824 0.4474
vn -0.1459 0.8815 -0.4491
vn -0.0461 0.9888 -0.1419
vn 0.0459 -0.9889 0.1414
vn 0.2987 -0.2560 0.9194
vn -0.3090 -0.0008 -0.9511
vn 0.9444 -0.0000 -0.3289
vn -0.9500 -0.0186 0.3116
vn -0.9573 -0.0000 0.2889
vn -0.2989 0.2540 -0.9199
vn 0.9461 -0.0109 -0.3238
vn 0.9448 -0.0052 -0.3277
vn -0.9557 -0.0109 0.2941
vn -0.9570 -0.0052 0.2901
vn -0.9536 -0.0167 0.3005
vn 0.9481 -0.0167 -0.3175
vn -0.2534 -0.5722 -0.7799
vn 0.9500 -0.0186 -0.3116
vn -0.0459 -0.9889 -0.1414
vn 0.0461 0.9888 0.1419
vn -0.1454 -0.8824 -0.4474
vn -0.9518 -0.0186 0.3063
vn 0.2989 0.2540 0.9199
vn 0.3090 -0.0008 0.9511
vn 0.1459 0.8815 0.4491
vn 0.2539 0.5701 0.7814
vn -0.2987 -0.2560 -0.9194
vn 0.3461 -0.0000 0.9382
vn -0.9382 -0.0000 0.3461
vn 0.9998 -0.0000 0.0210
vn -0.0000 -0.0003 -1.0000
vn -0.9998 -0.0000 0.0210
vn -0.9998 -0.0000 0.0211
vn -0.9808 -0.0000 -0.1952
vn -0.0000 -0.0000 1.0000
vn -0.0000 -0.0001 1.0000
vn -0.9808 -0.0000 0.1951
vn 0.9998 -0.0109 0.0157
vn 0.9998 -0.0053 0.0198
vn 0.9998 -0.0167 0.0089
vn -0.9998 -0.0167 0.0089
vn -0.9998 -0.0109 0.0156
vn -0.9998 -0.0052 0.0198
vn 0.9998 -0.0186 0.0028
vn -0.0000 -0.5723 0.8201
vn -0.0000 0.5701 -0.8216
vn -0.0000 -0.8824 0.4704
vn -0.0000 0.8815 -0.4722
vn -0.0000 0.9888 -0.1492
vn -0.0000 -0.9889 0.1486
vn -0.0000 -0.2560 0.9667
vn -0.0000 -0.0008 -1.0000
vn -0.9998 -0.0186 0.0028
vn -0.0000 0.2540 -0.9672
vn 0.9998 -0.0000 0.0209
vn 1.0000 -0.0000 -0.0000
vn -1.0000 -0.0003 -0.0000
vn 0.0210 -0.0000 -0.9998
vn 1.0000 -0.0001 -0.0000
vn 0.0210 -0.0000 0.9998
vn 0.0156 -0.0109 0.9998
vn 0.0197 -0.0052 0.9998
vn 0.0157 -0.0110 -0.9998
vn 0.0198 -0.0052 -0.9998
vn 0.0089 -0.0167 -0.9998
vn 0.0089 -0.0167 0.9998
vn 0.8201 -0.5722 -0.0000
vn 0.0209 -0.0000 -0.9998
vn 0.0028 -0.0186 0.9998
vn 0.1486 -0.9889 -0.0000
vn -0.1492 0.9888 -0.0000
vn 0.4704 -0.8824 -0.0000
vn 0.0028 -0.0186 -0.9998
vn -0.9672 0.2540 -0.0000
vn -1.0000 -0.0009 -0.0000
vn -0.4722 0.8815 -0.0000
vn -0.8216 0.5701 -0.0000
vn 0.9667 -0.2560 -0.0000
vn -0.9511 -0.0003 -0.3090
vn 0.9511 -0.0003 0.3090
vn 0.2889 -0.0000 -0.9573
vn -0.9511 -0.0001 -0.3090
vn 0.9625 -0.0000 -0.2713
vn 0.6191 -0.0000 0.7854
vn -0.9624 -0.0000 0.2715
vn -0.9931 -0.0000 -0.1176
vn -0.6192 -0.0000 -0.7853
vn -0.3278 -0.0053 0.9447
vn 0.9511 -0.0001 0.3090
vn 0.1419 0.9888 0.0461
vn 0.3290 -0.0000 -0.9443
vn 0.3278 -0.0052 -0.9447
vn -0.1419 0.9888 -0.0461
vn 0.5706 -0.0000 -0.8212
vn 0.9382 -0.0000 -0.3462
vn -0.9992 -0.0000 -0.0392
vn -0.9081 -0.0000 -0.4187
vn -0.6003 -0.0109 0.7997
vn -0.6037 -0.0053 0.7972
vn 0.5717 -0.0052 -0.8205
vn -0.5900 -0.0186 0.8072
vn -0.6635 -0.5722 -0.4820
vn -0.7820 -0.2560 -0.5682
vn -0.5717 -0.0052 0.8204
vn 0.6004 -0.0109 -0.7997
vn 0.6037 -0.0052 -0.7972
vn 0.6635 -0.5723 0.4820
vn 0.5899 -0.0186 -0.8072
vn 0.7821 -0.2560 0.5682
vn 0.7965 -0.0000 -0.6047
vn 0.9382 -0.0000 0.3462
vn 0.4187 -0.0000 0.9081
vn 0.0392 -0.0000 0.9992
vn -0.8205 -0.0053 0.5716
vn -0.5682 -0.2560 -0.7821
vn 0.5878 -0.0008 0.8090
vn 0.8072 -0.0186 -0.5899
vn 0.8212 -0.0000 -0.5706
vn 0.8205 -0.0052 -0.5717
vn 0.8211 -0.0000 -0.5707
vn -0.8072 -0.0186 0.5900
vn -0.5878 -0.0009 -0.8090
vn 0.5682 -0.2560 0.7820
vn 0.9443 -0.0000 -0.3290
vn 0.7852 -0.0000 0.6192
vn 0.1176 -0.0000 0.9931
vn -0.2715 -0.0000 0.9624
vn -0.9570 -0.0053 0.2901
vn -0.9537 -0.0167 0.3005
vn 0.9573 -0.0000 -0.2889
vn 0.9570 -0.0052 -0.2901
vn 0.9998 -0.0000 -0.0211
vn 0.5555 -0.0000 0.8315
vn -0.5556 -0.0000 0.8314
vn -0.5556 -0.0000 -0.8314
vn 0.5555 -0.0000 -0.8315
vn 0.9808 -0.0000 -0.1951
vn -0.9998 -0.0053 -0.0198
vn 0.9998 -0.0052 -0.0198
vn -0.0000 -0.5723 -0.8201
vn 0.0157 -0.0109 -0.9998
vn 0.0198 -0.0053 -0.9998
vn 0.0198 -0.0052 0.9998
vn 0.8201 -0.5723 -0.0000
vn -1.0000 -0.0008 -0.0000
vn 0.2889 -0.0000 0.9573
vn 0.9625 -0.0000 0.2713
vn 0.6191 -0.0000 -0.7854
vn -0.9624 -0.0000 -0.2715
vn -0.9931 -0.0000 0.1176
vn -0.6192 -0.0000 0.7853
vn -0.3238 -0.0109 -0.9461
vn 0.2901 -0.0052 0.9570
vn -0.7799 -0.5722 0.2534
vn 0.3290 -0.0000 0.9443
vn -0.2901 -0.0053 -0.9570
vn 0.3238 -0.0109 0.9460
vn 0.7799 -0.5723 -0.2534
vn 0.5706 -0.0000 0.8212
vn -0.9992 -0.0000 0.0392
vn -0.9081 -0.0000 0.4187
vn 0.5717 -0.0052 0.8205
vn -0.5900 -0.0186 -0.8072
vn -0.6635 -0.5723 0.4820
vn 0.5707 -0.0000 0.8211
vn -0.7820 -0.2560 0.5682
vn 0.8090 -0.0008 -0.5878
vn -0.5716 -0.0053 -0.8205
vn 0.6635 -0.5722 -0.4820
vn 0.5899 -0.0186 0.8072
vn -0.8090 -0.0009 0.5878
vn 0.7821 -0.2560 -0.5682
vn 0.7965 -0.0000 0.6047
vn 0.4187 -0.0000 -0.9081
vn 0.0392 -0.0000 -0.9992
vn -0.8204 -0.0052 -0.5717
vn 0.7997 -0.0109 0.6004
vn 0.7972 -0.0052 0.6037
vn -0.5682 -0.2560 0.7821
vn 0.5878 -0.0009 -0.8090
vn 0.8072 -0.0186 0.5899
vn 0.8212 -0.0000 0.5706
vn -0.7997 -0.0109 -0.6003
vn -0.7972 -0.0053 -0.6037
vn 0.8205 -0.0052 0.5717
vn -0.8072 -0.0186 -0.5900
vn -0.5878 -0.0008 0.8090
vn 0.5682 -0.2560 -0.7820
vn 0.9443 -0.0000 0.3290
vn 0.7852 -0.0000 -0.6192
vn 0.1176 -0.0000 -0.9931
vn -0.2715 -0.0000 -0.9624
vn -0.9537 -0.0167 -0.3005
vn 0.9447 -0.0052 0.3278
vn 0.9573 -0.0000 0.2889
vn -0.9447 -0.0053 -0.3278
vn 0.9536 -0.0167 0.3005
vn 0.9998 -0.0000 0.0211
vn 0.9808 -0.0000 0.1951
vn -0.9998 -0.0052 0.0197
vn 0.9998 -0.0052 0.0198
vn -0.0000 -0.5722 0.8201
vn -0.0008 -0.0000 -1.0000
vn -0.0005 -0.0002 -1.0000
vn 0.0008 -0.0000 -1.0000
vn 0.0005 0.0002 -1.0000
vn 0.0005 -0.0002 -1.0000
vn 0.3082 -0.0000 -0.9513
vn 0.3086 -0.0002 -0.9512
vn 0.3095 0.0002 -0.9509
vn 0.3095 -0.0002 -0.9509
vn 0.3098 -0.0000 -0.9508
vn 0.5871 -0.0000 -0.8095
vn 0.5874 -0.0002 -0.8093
vn 0.5885 -0.0000 -0.8085
vn 0.5882 0.0002 -0.8087
vn 0.5882 -0.0002 -0.8087
vn 0.8085 -0.0000 -0.5885
vn 0.8087 -0.0002 -0.5882
vn 0.8093 0.0002 -0.5874
vn 0.8093 -0.0002 -0.5874
vn 0.8095 -0.0000 -0.5871
vn 0.9508 -0.0000 -0.3098
vn 0.9509 -0.0002 -0.3095
vn 0.9513 -0.0000 -0.3082
vn 0.9512 0.0002 -0.3086
vn 0.9512 -0.0002 -0.3086
vn 1.0000 -0.0000 -0.0008
vn 1.0000 -0.0002 -0.0005
vn 1.0000 0.0002 0.0005
vn 1.0000 -0.0002 0.0005
vn 1.0000 -0.0000 0.0008
vn 0.9513 -0.0000 0.3082
vn 0.9512 -0.0002 0.3086
vn 0.9508 -0.0000 0.3098
vn 0.9509 0.0002 0.3095
vn 0.9509 -0.0002 0.3095
vn 0.8095 -0.0000 0.5871
vn 0.8093 -0.0002 0.5874
vn 0.8087 0.0002 0.5882
vn 0.8087 -0.0002 0.5882
vn 0.8085 -0.0000 0.5885
vn 0.5885 -0.0000 0.8085
vn 0.5882 -0.0002 0.8087
vn 0.5871 -0.0000 0.8095
vn 0.5874 0.0002 0.8093
vn 0.5874 -0.0002 0.8093
vn 0.3098 -0.0000 0.9508
vn 0.3095 -0.0002 0.9509
vn 0.3086 0.0002 0.9512
vn 0.3086 -0.0002 0.9512
vn 0.3082 -0.0000 0.9513
vn 0.0008 -0.0000 1.0000
vn 0.0005 -0.0002 1.0000
vn -0.0008 -0.0000 1.0000
vn -0.0005 0.0002 1.0000
vn -0.0005 -0.0002 1.0000
vn -0.3082 -0.0000 0.9513
vn -0.3086 -0.0002 0.9512
vn -0.3095 0.0002 0.9509
vn -0.3095 -0.0002 0.9509
vn -0.3098 -0.0000 0.9508
vn -0.5871 -0.0000 0.8095
vn -0.5874 -0.0002 0.8093
vn -0.5885 -0.0000 0.8085
vn -0.5882 0.0002 0.8087
vn -0.5882 -0.0002 0.8087
vn -0.8085 -0.0000 0.5885
vn -0.8087 -0.0002 0.5882
vn -0.8093 0.0002 0.5874
vn -0.8093 -0.0002 0.5874
vn -0.8095 -0.0000 0.5871
vn -0.9508 -0.0000 0.3098
vn -0.9509 -0.0002 0.3095
vn -0.9513 -0.0000 0.3082
vn -0.9512 0.0002 0.3086
vn -0.9512 -0.0002 0.3086
vn -1.0000 -0.0000 0.0008
vn -1.0000 -0.0002 0.0005
vn -1.0000 0.0002 -0.0005
vn -1.0000 -0.0002 -0.0005
vn -1.0000 -0.0000 -0.0008
vn -0.9513 -0.0000 -0.3082
vn -0.9512 -0.0002 -0.3086
vn -0.9508 -0.0000 -0.3098
vn -0.9509 0.0002 -0.3095
vn -0.9509 -0.0002 -0.3095
vn -0.8095 -0.0000 -0.5871
vn -0.8093 -0.0002 -0.5874
vn -0.8087 0.0002 -0.5882
vn -0.8087 -0.0002 -0.5882
vn -0.8085 -0.0000 -0.5885
vn -0.5885 -0.0000 -0.8085
vn -0.5882 -0.0002 -0.8087
vn -0.5871 -0.0000 -0.8095
vn -0.5874 0.0002 -0.8093
vn -0.5874 -0.0002 -0.8093
vn -0.3098 -0.0000 -0.9508
vn -0.3095 -0.0002 -0.9509
vn -0.3086 0.0002 -0.9512
vn -0.3086 -0.0002 -0.9512
vn -0.3082 -0.0000 -0.9513
vn 0.0001 1.0000 -0.0000
vn 0.7799 -0.5723 0.2534
vn -0.0001 1.0000 -0.0000
vn 0.9537 -0.0167 -0.3005
vn 0.9460 -0.0109 -0.3238
vn -0.7799 -0.5723 -0.2534
vn -0.1202 -0.9889 0.0874
vn 0.4820 -0.5723 -0.6635
vn -0.4820 -0.5723 0.6635
vn -0.9444 -0.0000 -0.3288
vn -0.0002 1.0000 -0.0000
vn -0.5805 -0.0167 0.8141
vn 0.4820 -0.5723 0.6635
vn -0.4820 -0.5723 -0.6635
vn -0.9460 -0.0109 0.3238
vn -0.9573 -0.0000 0.2891
vn 0.5805 -0.0167 -0.8141
vn 0.9573 -0.0000 -0.2891
vn 0.1202 -0.9889 -0.0874
vn 0.9444 -0.0000 0.3288
vn 0.0002 1.0000 -0.0000
vn -0.0156 -0.0109 0.9998
vn -0.0197 -0.0052 0.9998
vn -0.0157 -0.0110 -0.9998
vn -0.0209 -0.0000 -0.9998
vn 0.3239 -0.0109 0.9460
vn 0.3278 -0.0053 0.9447
vn 0.3174 -0.0167 0.9481
vn -0.2902 -0.0052 -0.9570
vn -0.9511 -0.0008 0.3090
vn -0.3063 -0.0186 -0.9517
vn 0.2902 -0.0052 0.9570
vn -0.3239 -0.0109 -0.9460
vn -0.3278 -0.0052 -0.9447
vn -0.3174 -0.0167 -0.9481
vn 0.9199 0.2541 -0.2989
vn 0.9511 -0.0008 -0.3090
vn -0.9081 -0.0000 0.4186
vn 0.6037 -0.0053 0.7972
vn -0.5805 -0.0167 -0.8141
vn 0.5717 -0.0052 0.8204
vn -0.6004 -0.0109 -0.7997
vn -0.6037 -0.0052 -0.7972
vn -0.5949 -0.0167 -0.8037
vn 0.5805 -0.0167 0.8141
vn 0.7825 0.2541 -0.5685
vn -0.6788 -0.0000 -0.7344
vn 0.8205 -0.0053 0.5716
vn 0.8141 -0.0167 0.5805
vn -0.8037 -0.0167 -0.5949
vn -0.7972 -0.0052 -0.6036
vn 0.7972 -0.0052 0.6036
vn -0.8141 -0.0167 -0.5805
vn -0.8211 -0.0000 -0.5707
vn 0.9574 -0.0000 0.2889
vn -0.7853 -0.0000 0.6192
vn 0.7854 -0.0000 -0.6190
vn 0.9570 -0.0053 0.2901
vn -0.9481 -0.0167 -0.3174
vn -0.9461 -0.0109 -0.3238
vn -0.9448 -0.0052 -0.3277
vn 0.2534 -0.5722 -0.7799
vn -0.3090 -0.0008 0.9511
vn 0.9461 -0.0109 0.3238
vn 0.9448 -0.0052 0.3277
vn -0.9570 -0.0052 -0.2901
vn 0.9481 -0.0167 0.3174
vn -0.2534 -0.5722 0.7799
vn 0.3090 -0.0008 -0.9511
vn 0.9998 -0.0109 -0.0157
vn 0.9998 -0.0053 -0.0198
vn -0.9998 -0.0109 -0.0156
vn 0.9998 -0.0000 -0.0209
vn -0.0157 -0.0109 -0.9998
vn -0.0198 -0.0053 -0.9998
vn 0.3238 -0.0109 -0.9461
vn 0.3277 -0.0052 -0.9448
vn 0.3174 -0.0167 -0.9481
vn -0.2901 -0.0052 0.9570
vn -0.9511 -0.0009 -0.3090
vn -0.3063 -0.0186 0.9517
vn 0.2901 -0.0053 -0.9570
vn -0.3238 -0.0109 0.9460
vn -0.3277 -0.0052 0.9448
vn -0.3174 -0.0167 0.9481
vn 0.9199 0.2541 0.2989
vn 0.9511 -0.0009 0.3090
vn 0.6036 -0.0052 -0.7972
vn -0.5707 -0.0000 0.8211
vn 0.5716 -0.0053 -0.8205
vn -0.6036 -0.0052 0.7972
vn -0.5949 -0.0167 0.8037
vn 0.7825 0.2541 0.5685
vn 0.8090 -0.0009 0.5878
vn -0.6788 -0.0000 0.7344
vn 0.8204 -0.0052 -0.5717
vn 0.8141 -0.0167 -0.5805
vn -0.8037 -0.0167 0.5949
vn -0.7997 -0.0109 0.6004
vn -0.7972 -0.0052 0.6037
vn 0.7972 -0.0053 -0.6037
vn -0.8141 -0.0167 0.5805
vn 0.9574 -0.0000 -0.2889
vn -0.7853 -0.0000 -0.6192
vn 0.7854 -0.0000 0.6190
vn 0.9570 -0.0052 -0.2902
vn -0.9481 -0.0167 0.3174
vn -0.9460 -0.0109 0.3239
vn -0.9447 -0.0052 0.3278
vn 0.2534 -0.5723 0.7799
vn -0.3090 -0.0009 -0.9511
vn 0.9460 -0.0109 -0.3239
vn 0.9447 -0.0053 -0.3278
vn -0.9570 -0.0052 0.2902
vn 0.9481 -0.0167 -0.3174
vn -0.2534 -0.5723 -0.7799
vn -0.9517 -0.0186 0.3063
vn 0.3090 -0.0009 0.9511
vn 0.9998 -0.0109 0.0156
vn 0.9998 -0.0052 0.0197
vn -0.9998 -0.0109 0.0157
vn -0.9998 -0.0000 0.0209
vn 0.0157 -0.0109 0.9998
vn 0.0198 -0.0053 0.9998
vn 0.0156 -0.0109 -0.9998
vn -0.3238 -0.0109 0.9461
vn 0.2901 -0.0052 -0.9570
vn 0.3063 -0.0186 -0.9517
vn -0.2901 -0.0053 0.9570
vn 0.3238 -0.0109 -0.9460
vn -0.9199 0.2541 -0.2989
vn 0.9081 -0.0000 0.4186
vn 0.5707 -0.0000 -0.8211
vn -0.5716 -0.0053 0.8205
vn 0.5949 -0.0167 -0.8037
vn -0.7825 0.2541 -0.5685
vn -0.8090 -0.0009 -0.5878
vn 0.6788 -0.0000 -0.7344
vn -0.8204 -0.0052 0.5717
vn 0.8037 -0.0167 -0.5949
vn 0.7997 -0.0109 -0.6004
vn 0.7972 -0.0052 -0.6037
vn -0.7972 -0.0053 0.6037
vn -0.9574 -0.0000 0.2889
vn 0.7853 -0.0000 0.6192
vn -0.7854 -0.0000 -0.6190
vn 0.9447 -0.0052 -0.3278
vn -0.9447 -0.0053 0.3278
vn 0.9517 -0.0186 -0.3063
vn -0.9998 -0.0052 -0.0197
vn 0.0197 -0.0052 -0.9998
vn 0.0157 -0.0110 0.9998
vn 0.0209 -0.0000 0.9998
vn -0.3278 -0.0053 -0.9447
vn 0.3063 -0.0186 0.9517
vn 0.3278 -0.0052 0.9447
vn -0.9199 0.2541 0.2989
vn -0.6037 -0.0053 -0.7972
vn -0.5717 -0.0052 -0.8204
vn 0.6004 -0.0109 0.7997
vn 0.6037 -0.0052 0.7972
vn 0.5949 -0.0167 0.8037
vn -0.7825 0.2541 0.5685
vn 0.6788 -0.0000 0.7344
vn -0.8205 -0.0053 -0.5716
vn 0.8037 -0.0167 0.5949
vn 0.8211 -0.0000 0.5707
vn -0.9574 -0.0000 -0.2889
vn 0.7853 -0.0000 -0.6192
vn -0.7854 -0.0000 0.6190
vn -0.9570 -0.0053 -0.2901
vn 0.9570 -0.0052 0.2901
vn -0.9998 -0.0053 0.0198
vn -0.0005 0.0002 -1.0000
vn 0.3086 0.0002 -0.9512
vn -0.9081 -0.0000 -0.4186
vn 0.5874 0.0002 -0.8093
vn 0.8087 0.0002 -0.5882
vn 0.9509 0.0002 -0.3095
vn 1.0000 0.0002 -0.0005
vn 0.9512 0.0002 0.3086
vn 0.8093 0.0002 0.5874
vn 0.5882 0.0002 0.8087
vn 0.3095 0.0002 0.9509
vn 0.0005 0.0002 1.0000
vn -0.3086 0.0002 0.9512
vn -0.5874 0.0002 0.8093
vn -0.8087 0.0002 0.5882
vn -0.9509 0.0002 0.3095
vn -1.0000 0.0002 0.0005
vn -0.9512 0.0002 -0.3086
vn -0.8093 0.0002 -0.5874
vn -0.5882 0.0002 -0.8087
vn -0.3095 0.0002 -0.9509
vn 0.9460 -0.0109 0.3238
vn 0.4186 -0.0000 -0.9081
vn -0.9460 -0.0109 -0.3238
vn -0.9573 -0.0000 -0.2891
vn -0.9517 -0.0186 -0.3063
vn -0.1202 -0.9889 -0.0874
vn 0.4186 -0.0000 0.9081
vn -0.9444 -0.0000 0.3288
vn 0.1202 -0.9889 0.0874
vn -0.4186 -0.0000 -0.9081
vn 0.9444 -0.0000 -0.3288
vn -0.4186 -0.0000 0.9081
vn 0.9573 -0.0000 0.2891
vn 0.9517 -0.0186 0.3063
vn -0.0001 -1.0000 -0.0000
vt 0.514429 0.613204
vt 0.513709 0.586972
vt 0.000000 0.000000
vt 0.028539 0.032610
vt 0.514701 0.896265
vt 0.515028 0.931842
vt 0.514841 0.893708
vt 0.513704 0.862163
vt 0.514430 0.858230
vt 0.514694 0.938457
vt 0.454078 0.789806
vt 0.480397 0.871817
vt 0.514430 0.858229
vt 0.514429 0.819816
vt 0.513706 0.818125
vt 0.514429 0.819816
vt 0.492592 0.890305
vt 0.513706 0.818126
vt 0.028579 0.034067
vt 0.937500 0.500000
vt 1.000000 1.000000
vt 1.000000 0.500000
vt 0.875000 0.500000
vt 0.937500 1.000000
vt 0.812500 0.500000
vt 0.875000 1.000000
vt 0.750000 0.500000
vt 0.812500 1.000000
vt 0.687500 0.500000
vt 0.750000 1.000000
vt 0.625000 0.500000
vt 0.687500 1.000000
vt 0.562500 0.500000
vt 0.625000 1.000000
vt 0.500000 0.500000
vt 0.562500 1.000000
vt 0.437500 0.500000
vt 0.500000 1.000000
vt 0.375000 0.500000
vt 0.437500 1.000000
vt 0.312500 0.500000
vt 0.375000 1.000000
vt 0.250000 0.500000
vt 0.312500 1.000000
vt 0.187500 0.500000
vt 0.250000 1.000000
vt 0.125000 0.500000
vt 0.187500 1.000000
vt 0.062500 0.500000
vt 0.125000 1.000000
vt 0.000000 0.500000
vt 0.062500 1.000000
vt 0.604167 1.000000
vt 0.604167 0.750000
vt 0.604167 0.500000
vt 0.604167 0.250000
vt 0.604167 0.000000
vt 0.375000 0.250000
vt 0.375000 0.750000
vt 0.625000 0.000000
vt 0.625000 0.250000
vt 0.625000 0.750000
vt 0.875000 0.750000
vt 0.841844 0.028269
vt 0.528269 0.158156
vt 0.658156 0.471731
vt 0.000000 1.000000
vt 0.375000 0.000000
vt 0.750000 0.490000
vt 0.841844 0.471731
vt 0.919706 0.419706
vt 0.990000 0.250000
vt 0.971731 0.158156
vt 0.919706 0.080294
vt 0.528269 0.341844
vt 0.580294 0.419706
vt 0.510000 0.250000
vt 0.658156 0.028269
vt 0.580294 0.080294
vt 0.750000 0.010000
s 0
f 20/1/1 15/2/1 16/1/1
f 23/3/2 15/3/2 19/3/2
f 27/3/3 31/3/3 32/3/3
f 25/3/4 32/3/4 30/3/4
f 25/3/5 14/3/5 13/3/5
f 22/3/6 20/3/6 16/3/6
f 17/3/5 25/3/5 13/3/5
f 18/3/5 27/3/5 17/3/5
f 31/3/7 26/3/7 29/3/7
f 25/3/8 29/4/8 26/3/8
f 24/3/3 19/3/3 20/3/3
f 40/5/9 35/6/9 39/7/9
f 33/8/10 39/7/10 34/9/10
f 48/5/11 43/6/11 44/10/11
f 41/8/12 47/7/12 48/11/12
f 43/6/13 46/12/13 44/10/13
f 38/12/14 35/6/14 36/10/14
f 35/6/15 47/7/15 39/7/15
f 42/13/16 50/14/16 34/13/16
f 42/13/3 51/15/3 52/16/3
f 3/3/17 37/3/17 38/3/17
f 4/3/18 45/3/18 37/3/18
f 22/3/5 23/3/5 24/3/5
f 30/3/1 31/3/1 29/3/1
f 46/3/19 3/3/19 38/3/19
f 37/17/20 43/6/20 35/6/20
f 34/13/8 49/18/8 33/8/8
f 45/3/21 2/3/21 46/3/21
f 41/8/22 40/11/22 33/8/22
f 49/18/23 41/8/23 33/8/23
f 44/10/24 38/12/24 36/10/24
f 40/5/25 44/10/25 36/10/25
f 47/7/26 34/9/26 39/7/26
f 22/19/8 15/2/8 21/4/8
f 14/3/5 28/3/5 18/3/5
f 126/1/1 119/2/1 120/1/1
f 62/3/5 78/3/5 74/3/5
f 63/2/27 70/19/27 69/4/27
f 129/3/28 119/3/28 125/3/28
f 64/1/1 67/2/1 68/1/1
f 63/3/29 71/3/29 67/3/29
f 62/3/5 73/3/5 61/3/5
f 81/3/30 77/3/30 82/3/30
f 65/3/5 73/3/5 77/3/5
f 81/3/31 74/3/31 78/3/31
f 79/4/27 73/3/27 74/3/27
f 67/3/32 72/3/32 68/3/32
f 85/20/33 84/21/33 83/22/33
f 87/23/34 86/24/34 85/20/34
f 80/3/35 77/3/35 73/3/35
f 9/3/1 59/3/1 57/3/1
f 66/3/5 77/3/5 78/3/5
f 68/3/36 70/3/36 64/3/36
f 89/25/37 88/26/37 87/23/37
f 91/27/38 90/28/38 89/25/38
f 93/29/39 92/30/39 91/27/39
f 95/31/40 94/32/40 93/29/40
f 97/33/41 96/34/41 95/31/41
f 99/35/42 98/36/42 97/33/42
f 101/37/43 100/38/43 99/35/43
f 103/39/44 102/40/44 101/37/44
f 105/41/45 104/42/45 103/39/45
f 107/43/46 106/44/46 105/41/46
f 109/45/47 108/46/47 107/43/47
f 111/47/48 110/48/48 109/45/48
f 113/49/49 112/50/49 111/47/49
f 83/51/50 114/52/50 113/49/50
f 136/5/51 131/6/51 132/10/51
f 121/8/52 135/7/52 136/11/52
f 131/6/53 134/12/53 132/10/53
f 141/3/54 149/3/54 150/3/54
f 139/3/55 150/3/55 144/3/55
f 148/12/56 145/6/56 146/10/56
f 168/5/57 145/6/57 167/7/57
f 137/8/58 167/7/58 138/9/58
f 133/3/59 117/3/59 134/3/59
f 139/3/5 76/3/5 75/3/5
f 128/3/60 126/3/60 120/3/60
f 131/6/61 167/7/61 145/6/61
f 170/14/62 138/13/62 122/13/62
f 138/13/30 171/15/30 137/8/30
f 136/5/63 146/10/63 168/5/63
f 123/3/5 139/3/5 75/3/5
f 124/3/5 141/3/5 123/3/5
f 133/17/64 145/6/64 147/17/64
f 149/3/62 140/3/62 143/3/62
f 134/12/65 146/10/65 132/10/65
f 117/3/66 148/3/66 134/3/66
f 118/3/67 147/3/67 115/3/67
f 122/9/68 167/7/68 135/7/68
f 169/18/69 137/8/69 171/15/69
f 139/3/70 143/4/70 140/3/70
f 116/3/71 147/3/71 148/3/71
f 130/3/72 125/3/72 126/3/72
f 136/11/73 137/8/73 121/8/73
f 122/13/27 169/18/27 170/14/27
f 158/5/74 153/6/74 157/7/74
f 151/8/75 157/7/75 152/9/75
f 166/5/76 161/6/76 162/10/76
f 159/8/77 165/7/77 166/11/77
f 161/6/78 164/12/78 162/10/78
f 156/12/79 153/6/79 154/10/79
f 153/6/80 165/7/80 157/7/80
f 152/13/31 208/16/31 206/14/31
f 160/13/54 207/15/54 208/16/54
f 117/3/81 155/3/81 156/3/81
f 118/3/82 163/3/82 155/3/82
f 128/3/5 129/3/5 130/3/5
f 144/3/1 149/3/1 143/3/1
f 164/3/83 117/3/83 156/3/83
f 155/17/84 161/6/84 153/6/84
f 152/13/70 205/18/70 151/8/70
f 163/3/85 116/3/85 164/3/85
f 159/8/86 158/11/86 151/8/86
f 205/18/87 159/8/87 151/8/87
f 162/10/88 156/12/88 154/10/88
f 158/5/89 162/10/89 154/10/89
f 165/7/90 152/9/90 157/7/90
f 128/19/70 119/2/70 127/4/70
f 72/3/5 69/3/5 70/3/5
f 81/3/1 80/3/1 79/3/1
f 9/3/91 58/3/91 10/3/91
f 177/53/1 176/54/1 173/53/1
f 183/55/1 174/56/1 175/55/1
f 173/57/92 185/58/92 174/56/92
f 176/54/93 187/42/93 173/53/93
f 175/55/94 188/59/94 176/54/94
f 174/56/95 186/39/95 175/55/95
f 182/56/92 178/60/92 177/57/92
f 183/55/95 179/61/95 182/56/95
f 184/54/94 180/31/94 183/55/94
f 177/53/93 181/62/93 184/54/93
f 182/56/1 173/57/1 174/56/1
f 179/23/5 181/62/5 178/63/5
f 184/54/1 175/55/1 176/54/1
f 189/53/5 200/54/5 192/54/5
f 191/55/5 198/56/5 190/56/5
f 189/57/94 201/58/94 190/56/94
f 192/54/93 203/42/93 189/53/93
f 191/55/92 204/59/92 192/54/92
f 190/56/95 202/39/95 191/55/95
f 198/56/94 194/60/94 193/57/94
f 199/55/95 195/61/95 198/56/95
f 200/54/92 196/31/92 199/55/92
f 193/53/93 197/62/93 200/54/93
f 190/56/5 193/57/5 189/57/5
f 196/31/1 194/63/1 195/23/1
f 200/54/5 191/55/5 192/54/5
f 140/3/5 124/3/5 76/3/5
f 11/3/96 60/3/96 59/3/96
f 12/3/5 58/3/5 60/3/5
f 53/3/1 211/3/1 209/3/1
f 53/3/91 210/3/91 54/3/91
f 55/3/96 212/3/96 211/3/96
f 56/3/5 210/3/5 212/3/5
f 201/3/5 204/3/5 202/3/5
f 186/3/1 187/3/1 188/3/1
f 282/1/1 275/2/1 276/1/1
f 218/3/5 234/3/5 230/3/5
f 219/2/97 226/19/97 225/4/97
f 285/3/98 275/3/98 281/3/98
f 219/2/1 224/1/1 220/1/1
f 219/3/99 227/3/99 223/3/99
f 218/3/5 229/3/5 217/3/5
f 237/3/100 233/3/100 238/3/100
f 221/3/5 229/3/5 233/3/5
f 237/3/101 230/3/101 234/3/101
f 235/4/102 229/3/102 230/3/102
f 223/3/103 228/3/103 224/3/103
f 241/20/104 240/21/104 239/22/104
f 243/23/105 242/24/105 241/20/105
f 236/3/106 233/3/106 229/3/106
f 57/3/1 215/3/1 213/3/1
f 222/3/5 233/3/5 234/3/5
f 224/3/107 226/3/107 220/3/107
f 245/25/108 244/26/108 243/23/108
f 247/27/109 246/28/109 245/25/109
f 249/29/110 248/30/110 247/27/110
f 251/31/111 250/32/111 249/29/111
f 253/33/112 252/34/112 251/31/112
f 255/35/113 254/36/113 253/33/113
f 257/37/114 256/38/114 255/35/114
f 259/39/115 258/40/115 257/37/115
f 261/41/116 260/42/116 259/39/116
f 263/43/117 262/44/117 261/41/117
f 265/45/118 264/46/118 263/43/118
f 267/47/119 266/48/119 265/45/119
f 269/49/120 268/50/120 267/47/120
f 239/51/121 270/52/121 269/49/121
f 292/5/122 287/6/122 288/10/122
f 277/8/123 291/7/123 292/11/123
f 287/6/124 290/12/124 288/10/124
f 297/3/125 305/3/125 306/3/125
f 295/3/126 306/3/126 300/3/126
f 304/12/127 301/6/127 302/10/127
f 324/5/128 301/6/128 323/7/128
f 293/8/129 323/7/129 294/9/129
f 289/3/130 273/3/130 290/3/130
f 295/3/5 232/3/5 231/3/5
f 284/3/131 282/3/131 276/3/131
f 287/6/132 323/7/132 301/6/132
f 326/14/133 294/13/133 278/13/133
f 294/13/134 327/15/134 293/8/134
f 292/5/135 302/10/135 324/5/135
f 279/3/5 295/3/5 231/3/5
f 280/3/5 297/3/5 279/3/5
f 289/17/136 301/6/136 303/17/136
f 305/3/133 296/3/133 299/3/133
f 290/12/137 302/10/137 288/10/137
f 273/3/138 304/3/138 290/3/138
f 274/3/139 303/3/139 271/3/139
f 278/9/140 323/7/140 291/7/140
f 325/18/141 293/8/141 327/15/141
f 295/3/142 299/4/142 296/3/142
f 272/3/143 303/3/143 304/3/143
f 286/3/125 281/3/125 282/3/125
f 292/11/144 293/8/144 277/8/144
f 278/13/97 325/18/97 326/14/97
f 314/5/145 309/6/145 313/7/145
f 307/8/146 313/7/146 308/9/146
f 322/5/147 317/6/147 318/10/147
f 315/8/148 321/7/148 322/11/148
f 317/6/149 320/12/149 318/10/149
f 312/12/150 309/6/150 310/10/150
f 309/6/151 321/7/151 313/7/151
f 316/13/101 362/14/101 308/13/101
f 316/13/152 363/15/152 364/16/152
f 273/3/153 311/3/153 312/3/153
f 274/3/154 319/3/154 311/3/154
f 283/3/5 286/3/5 284/3/5
f 300/3/1 305/3/1 299/3/1
f 320/3/155 273/3/155 312/3/155
f 311/17/156 317/6/156 309/6/156
f 308/13/142 361/18/142 307/8/142
f 319/3/157 272/3/157 320/3/157
f 315/8/158 314/11/158 307/8/158
f 361/18/159 315/8/159 307/8/159
f 318/10/160 312/12/160 310/10/160
f 314/5/161 318/10/161 310/10/161
f 321/7/162 308/9/162 313/7/162
f 284/19/142 275/2/142 283/4/142
f 226/3/5 227/3/5 225/3/5
f 237/3/1 236/3/1 235/3/1
f 57/3/163 214/3/163 58/3/163
f 333/53/1 332/54/1 329/53/1
f 339/55/1 330/56/1 331/55/1
f 329/57/164 341/58/164 330/56/164
f 332/54/165 343/42/165 329/53/165
f 331/55/166 344/59/166 332/54/166
f 330/56/167 342/39/167 331/55/167
f 338/56/164 334/60/164 333/57/164
f 339/55/167 335/61/167 338/56/167
f 340/54/166 336/31/166 339/55/166
f 333/53/165 337/62/165 340/54/165
f 338/56/1 329/57/1 330/56/1
f 335/23/5 337/62/5 334/63/5
f 332/54/1 339/55/1 331/55/1
f 349/53/5 348/54/5 345/53/5
f 347/55/5 354/56/5 346/56/5
f 345/57/166 357/58/166 346/56/166
f 348/54/165 359/42/165 345/53/165
f 347/55/164 360/59/164 348/54/164
f 346/56/167 358/39/167 347/55/167
f 354/56/166 350/60/166 349/57/166
f 355/55/167 351/61/167 354/56/167
f 356/54/164 352/31/164 355/55/164
f 349/53/165 353/62/165 356/54/165
f 354/56/5 345/57/5 346/56/5
f 352/31/1 350/63/1 351/23/1
f 348/54/5 355/55/5 347/55/5
f 232/3/5 298/3/5 280/3/5
f 59/3/168 216/3/168 215/3/168
f 216/3/5 58/3/5 214/3/5
f 209/3/1 367/3/1 365/3/1
f 209/3/163 366/3/163 210/3/163
f 211/3/168 368/3/168 367/3/168
f 368/3/5 210/3/5 366/3/5
f 357/3/5 360/3/5 358/3/5
f 342/3/1 343/3/1 344/3/1
f 438/1/1 431/2/1 432/1/1
f 374/3/5 390/3/5 386/3/5
f 375/2/169 382/19/169 381/4/169
f 441/3/170 431/3/170 437/3/170
f 376/1/1 379/2/1 380/1/1
f 375/3/171 383/3/171 379/3/171
f 374/3/5 385/3/5 373/3/5
f 393/3/172 389/3/172 394/3/172
f 377/3/5 385/3/5 389/3/5
f 393/3/173 386/3/173 390/3/173
f 391/4/169 385/3/169 386/3/169
f 379/3/172 384/3/172 380/3/172
f 397/20/174 396/21/174 395/22/174
f 399/23/175 398/24/175 397/20/175
f 394/3/176 385/3/176 392/3/176
f 213/3/1 371/3/1 369/3/1
f 378/3/5 389/3/5 390/3/5
f 380/3/177 382/3/177 376/3/177
f 401/25/178 400/26/178 399/23/178
f 403/27/179 402/28/179 401/25/179
f 405/29/180 404/30/180 403/27/180
f 407/31/181 406/32/181 405/29/181
f 409/33/182 408/34/182 407/31/182
f 411/35/183 410/36/183 409/33/183
f 413/37/184 412/38/184 411/35/184
f 415/39/185 414/40/185 413/37/185
f 417/41/186 416/42/186 415/39/186
f 419/43/187 418/44/187 417/41/187
f 421/45/188 420/46/188 419/43/188
f 423/47/189 422/48/189 421/45/189
f 425/49/190 424/50/190 423/47/190
f 395/51/191 426/52/191 425/49/191
f 448/5/192 443/6/192 444/10/192
f 433/8/193 447/7/193 448/11/193
f 443/6/194 446/12/194 444/10/194
f 453/3/195 461/3/195 462/3/195
f 456/3/196 453/3/196 462/3/196
f 460/12/197 457/6/197 458/10/197
f 480/5/198 457/6/198 479/7/198
f 449/8/199 479/7/199 450/9/199
f 445/3/200 429/3/200 446/3/200
f 451/3/5 388/3/5 387/3/5
f 440/3/201 438/3/201 432/3/201
f 443/6/202 479/7/202 457/6/202
f 434/13/203 484/16/203 450/13/203
f 450/13/204 483/15/204 449/8/204
f 448/5/205 458/10/205 480/5/205
f 435/3/5 451/3/5 387/3/5
f 436/3/5 453/3/5 435/3/5
f 445/17/206 457/6/206 459/17/206
f 461/3/203 452/3/203 455/3/203
f 446/12/207 458/10/207 444/10/207
f 429/3/208 460/3/208 446/3/208
f 430/3/209 459/3/209 427/3/209
f 434/9/210 479/7/210 447/7/210
f 481/18/211 449/8/211 483/15/211
f 451/3/212 455/4/212 452/3/212
f 428/3/213 459/3/213 460/3/213
f 442/3/214 437/3/214 438/3/214
f 448/11/215 449/8/215 433/8/215
f 434/13/169 481/18/169 482/14/169
f 470/5/216 465/6/216 469/7/216
f 463/8/217 469/7/217 464/9/217
f 478/5/218 473/6/218 474/10/218
f 471/8/219 477/7/219 478/11/219
f 473/6/220 476/12/220 474/10/220
f 468/12/221 465/6/221 466/10/221
f 465/6/222 477/7/222 469/7/222
f 472/13/173 518/14/173 464/13/173
f 472/13/195 519/15/195 520/16/195
f 429/3/223 467/3/223 468/3/223
f 430/3/224 475/3/224 467/3/224
f 440/3/5 441/3/5 442/3/5
f 455/3/1 462/3/1 461/3/1
f 476/3/225 429/3/225 468/3/225
f 467/17/226 473/6/226 465/6/226
f 464/13/212 517/18/212 463/8/212
f 475/3/227 428/3/227 476/3/227
f 471/8/228 470/11/228 463/8/228
f 517/18/229 471/8/229 463/8/229
f 474/10/230 468/12/230 466/10/230
f 470/5/231 474/10/231 466/10/231
f 477/7/232 464/9/232 469/7/232
f 440/19/212 431/2/212 439/4/212
f 384/3/5 381/3/5 382/3/5
f 391/3/1 394/3/1 392/3/1
f 213/3/233 370/3/233 214/3/233
f 489/53/1 488/54/1 485/53/1
f 495/55/1 486/56/1 487/55/1
f 485/57/234 497/58/234 486/56/234
f 488/54/44 499/42/44 485/53/44
f 487/55/235 500/59/235 488/54/235
f 486/56/34 498/39/34 487/55/34
f 494/56/234 490/60/234 489/57/234
f 495/55/34 491/61/34 494/56/34
f 496/54/235 492/31/235 495/55/235
f 489/53/44 493/62/44 496/54/44
f 494/56/1 485/57/1 486/56/1
f 491/23/5 493/62/5 490/63/5
f 496/54/1 487/55/1 488/54/1
f 501/53/5 512/54/5 504/54/5
f 511/55/5 502/56/5 503/55/5
f 501/57/235 513/58/235 502/56/235
f 504/54/44 515/42/44 501/53/44
f 503/55/234 516/59/234 504/54/234
f 502/56/34 514/39/34 503/55/34
f 510/56/235 506/60/235 505/57/235
f 511/55/34 507/61/34 510/56/34
f 512/54/234 508/31/234 511/55/234
f 505/53/44 509/62/44 512/54/44
f 502/56/5 505/57/5 501/57/5
f 507/23/1 509/62/1 506/63/1
f 504/54/5 511/55/5 503/55/5
f 452/3/5 436/3/5 388/3/5
f 215/3/236 372/3/236 371/3/236
f 216/3/5 370/3/5 372/3/5
f 365/3/1 523/3/1 521/3/1
f 365/3/233 522/3/233 366/3/233
f 367/3/236 524/3/236 523/3/236
f 368/3/5 522/3/5 524/3/5
f 513/3/5 516/3/5 514/3/5
f 498/3/1 499/3/1 500/3/1
f 594/1/1 587/2/1 588/1/1
f 530/3/5 546/3/5 542/3/5
f 531/2/237 538/19/237 537/4/237
f 597/3/238 587/3/238 593/3/238
f 531/2/1 536/1/1 532/1/1
f 531/3/239 539/3/239 535/3/239
f 530/3/5 541/3/5 529/3/5
f 549/3/240 545/3/240 550/3/240
f 533/3/5 541/3/5 545/3/5
f 549/3/241 542/3/241 546/3/241
f 547/4/237 541/3/237 542/3/237
f 535/3/242 540/3/242 536/3/242
f 553/20/243 552/21/243 551/22/243
f 555/23/94 554/24/94 553/20/94
f 550/3/244 541/3/244 548/3/244
f 369/3/1 527/3/1 525/3/1
f 534/3/5 545/3/5 546/3/5
f 536/3/245 538/3/245 532/3/245
f 557/25/246 556/26/246 555/23/246
f 559/27/247 558/28/247 557/25/247
f 561/29/248 560/30/248 559/27/248
f 563/31/249 562/32/249 561/29/249
f 565/33/250 564/34/250 563/31/250
f 567/35/251 566/36/251 565/33/251
f 569/37/252 568/38/252 567/35/252
f 571/39/92 570/40/92 569/37/92
f 573/41/253 572/42/253 571/39/253
f 575/43/254 574/44/254 573/41/254
f 577/45/255 576/46/255 575/43/255
f 579/47/95 578/48/95 577/45/95
f 581/49/256 580/50/256 579/47/256
f 551/51/257 582/52/257 581/49/257
f 604/5/258 599/6/258 600/10/258
f 589/8/259 603/7/259 604/11/259
f 599/6/260 602/12/260 600/10/260
f 609/3/261 617/3/261 618/3/261
f 607/3/262 618/3/262 612/3/262
f 616/12/263 613/6/263 614/10/263
f 636/5/264 613/6/264 635/7/264
f 605/8/265 635/7/265 606/9/265
f 601/3/266 585/3/266 602/3/266
f 607/3/5 544/3/5 543/3/5
f 596/3/267 594/3/267 588/3/267
f 599/6/268 635/7/268 613/6/268
f 590/13/269 640/16/269 606/13/269
f 606/13/240 639/15/240 605/8/240
f 604/5/270 614/10/270 636/5/270
f 591/3/5 607/3/5 543/3/5
f 592/3/5 609/3/5 591/3/5
f 601/17/271 613/6/271 615/17/271
f 617/3/269 608/3/269 611/3/269
f 602/12/272 614/10/272 600/10/272
f 585/3/273 616/3/273 602/3/273
f 586/3/274 615/3/274 583/3/274
f 590/9/275 635/7/275 603/7/275
f 637/18/276 605/8/276 639/15/276
f 607/3/277 611/4/277 608/3/277
f 584/3/278 615/3/278 616/3/278
f 598/3/279 593/3/279 594/3/279
f 604/11/280 605/8/280 589/8/280
f 590/13/237 637/18/237 638/14/237
f 626/5/281 621/6/281 625/7/281
f 619/8/282 625/7/282 620/9/282
f 634/5/283 629/6/283 630/10/283
f 627/8/284 633/7/284 634/11/284
f 629/6/285 632/12/285 630/10/285
f 624/12/286 621/6/286 622/10/286
f 621/6/287 633/7/287 625/7/287
f 628/13/241 674/14/241 620/13/241
f 628/13/261 675/15/261 676/16/261
f 585/3/288 623/3/288 624/3/288
f 586/3/289 631/3/289 623/3/289
f 596/3/5 597/3/5 598/3/5
f 612/3/1 617/3/1 611/3/1
f 632/3/290 585/3/290 624/3/290
f 623/17/291 629/6/291 621/6/291
f 620/13/277 673/18/277 619/8/277
f 631/3/292 584/3/292 632/3/292
f 627/8/293 626/11/293 619/8/293
f 673/18/294 627/8/294 619/8/294
f 622/10/295 632/12/295 624/12/295
f 626/5/296 630/10/296 622/10/296
f 633/7/297 620/9/297 625/7/297
f 596/19/277 587/2/277 595/4/277
f 540/3/5 537/3/5 538/3/5
f 547/3/1 550/3/1 548/3/1
f 369/3/298 526/3/298 370/3/298
f 645/53/1 644/54/1 641/53/1
f 651/55/1 642/56/1 643/55/1
f 641/57/299 653/58/299 642/56/299
f 644/54/115 655/42/115 641/53/115
f 643/55/111 656/59/111 644/54/111
f 642/56/300 654/39/300 643/55/300
f 650/56/299 646/60/299 645/57/299
f 651/55/300 647/61/300 650/56/300
f 652/54/111 648/31/111 651/55/111
f 645/53/115 649/62/115 652/54/115
f 650/56/1 641/57/1 642/56/1
f 647/23/5 649/62/5 646/63/5
f 652/54/1 643/55/1 644/54/1
f 657/53/5 668/54/5 660/54/5
f 667/55/5 658/56/5 659/55/5
f 657/57/111 669/58/111 658/56/111
f 660/54/115 671/42/115 657/53/115
f 659/55/299 672/59/299 660/54/299
f 658/56/300 670/39/300 659/55/300
f 666/56/111 662/60/111 661/57/111
f 667/55/300 663/61/300 666/56/300
f 668/54/299 664/31/299 667/55/299
f 661/53/115 665/62/115 668/54/115
f 658/56/5 661/57/5 657/57/5
f 663/23/1 665/62/1 662/63/1
f 668/54/5 659/55/5 660/54/5
f 544/3/5 610/3/5 592/3/5
f 371/3/301 528/3/301 527/3/301
f 528/3/5 370/3/5 526/3/5
f 521/3/1 679/3/1 677/3/1
f 521/3/298 678/3/298 522/3/298
f 523/3/301 680/3/301 679/3/301
f 680/3/5 522/3/5 678/3/5
f 669/3/5 672/3/5 670/3/5
f 653/3/1 656/3/1 654/3/1
f 682/3/5 696/3/5 694/3/5
f 683/2/302 690/19/302 689/4/302
f 684/1/1 687/2/1 688/1/1
f 683/3/303 691/3/303 687/3/303
f 682/3/5 693/3/5 681/3/5
f 699/3/304 695/3/304 700/3/304
f 685/3/5 693/3/5 695/3/5
f 699/3/305 694/3/305 696/3/305
f 697/4/302 693/3/302 694/3/302
f 687/3/306 692/3/306 688/3/306
f 703/20/307 702/21/307 701/22/307
f 705/23/308 704/24/308 703/20/308
f 700/3/309 693/3/309 698/3/309
f 686/3/5 695/3/5 696/3/5
f 688/3/310 690/3/310 684/3/310
f 707/25/311 706/26/311 705/23/311
f 709/27/312 708/28/312 707/25/312
f 711/29/313 710/30/313 709/27/313
f 713/31/314 712/32/314 711/29/314
f 715/33/315 714/34/315 713/31/315
f 717/35/316 716/36/316 715/33/316
f 719/37/317 718/38/317 717/35/317
f 721/39/318 720/40/318 719/37/318
f 723/41/319 722/42/319 721/39/319
f 725/43/320 724/44/320 723/41/320
f 727/45/321 726/46/321 725/43/321
f 729/47/322 728/48/322 727/45/322
f 731/49/323 730/50/323 729/47/323
f 701/51/324 732/52/324 731/49/324
f 744/5/325 739/6/325 740/10/325
f 737/8/326 743/7/326 744/11/326
f 739/6/327 742/12/327 740/10/327
f 750/12/328 747/6/328 748/10/328
f 752/5/329 747/6/329 751/7/329
f 745/8/330 751/7/330 746/9/330
f 741/3/331 735/3/331 742/3/331
f 739/6/332 751/7/332 747/6/332
f 754/14/333 746/13/333 738/13/333
f 746/13/334 755/15/334 745/8/334
f 744/5/335 748/10/335 752/5/335
f 741/17/336 747/6/336 749/17/336
f 740/10/337 750/12/337 748/10/337
f 735/3/338 750/3/338 742/3/338
f 736/3/339 749/3/339 733/3/339
f 738/9/340 751/7/340 743/7/340
f 753/18/341 745/8/341 755/15/341
f 734/3/342 749/3/342 750/3/342
f 744/11/343 745/8/343 737/8/343
f 738/13/302 753/18/302 754/14/302
f 692/3/5 689/3/5 690/3/5
f 699/3/1 698/3/1 697/3/1
f 760/54/1 761/53/1 757/53/1
f 759/55/1 766/56/1 767/55/1
f 769/58/41 757/57/41 758/56/41
f 771/42/344 760/54/344 757/53/344
f 772/59/49 759/55/49 760/54/49
f 770/39/345 758/56/345 759/55/345
f 762/60/41 766/56/41 761/57/41
f 763/61/345 767/55/345 766/56/345
f 764/31/49 768/54/49 767/55/49
f 765/62/344 761/53/344 768/54/344
f 758/56/1 761/57/1 766/56/1
f 763/23/5 765/62/5 764/31/5
f 759/55/1 768/54/1 760/54/1
f 773/53/5 784/54/5 777/53/5
f 774/56/5 783/55/5 775/55/5
f 785/58/49 773/57/49 774/56/49
f 787/42/344 776/54/344 773/53/344
f 788/59/41 775/55/41 776/54/41
f 786/39/345 774/56/345 775/55/345
f 778/60/49 782/56/49 777/57/49
f 779/61/345 783/55/345 782/56/345
f 780/31/41 784/54/41 783/55/41
f 781/62/344 777/53/344 784/54/344
f 774/56/5 777/57/5 782/56/5
f 778/63/1 780/31/1 779/23/1
f 775/55/5 784/54/5 776/54/5
f 788/3/5 785/3/5 786/3/5
f 770/3/1 771/3/1 769/3/1
f 795/2/1 800/1/1 796/1/1
f 795/3/2 803/3/2 799/3/2
f 811/3/8 807/3/8 812/3/8
f 812/3/4 805/3/4 810/3/4
f 794/3/5 805/3/5 793/3/5
f 800/3/6 802/3/6 796/3/6
f 797/3/5 805/3/5 807/3/5
f 798/3/5 807/3/5 808/3/5
f 811/3/7 806/3/7 808/3/7
f 809/4/3 805/3/3 806/3/3
f 799/3/8 804/3/8 800/3/8
f 820/5/11 815/6/11 816/10/11
f 813/8/346 819/7/346 820/11/346
f 828/5/347 823/6/347 827/7/347
f 821/8/348 827/7/348 822/9/348
f 826/12/14 823/6/14 824/10/14
f 815/6/13 818/12/13 816/10/13
f 815/6/349 827/7/349 823/6/349
f 830/14/16 822/13/16 814/13/16
f 822/13/350 831/15/350 821/8/350
f 817/3/21 7/3/21 818/3/21
f 8/3/18 825/3/18 5/3/18
f 802/3/5 803/3/5 801/3/5
f 811/3/1 810/3/1 809/3/1
f 7/3/19 826/3/19 818/3/19
f 817/17/20 823/6/20 825/17/20
f 814/13/3 829/18/3 830/14/3
f 6/3/17 825/3/17 826/3/17
f 820/11/22 821/8/22 813/8/22
f 829/18/351 821/8/351 831/15/351
f 818/12/24 824/10/24 816/10/24
f 820/5/25 824/10/25 828/5/25
f 814/9/26 827/7/26 819/7/26
f 795/2/3 802/19/3 801/4/3
f 794/3/5 808/3/5 806/3/5
f 842/3/5 858/3/5 846/3/5
f 850/19/352 843/2/352 849/4/352
f 853/3/5 842/3/5 841/3/5
f 857/3/353 861/3/353 862/3/353
f 845/3/5 853/3/5 841/3/5
f 861/3/354 854/3/354 859/3/354
f 853/3/352 859/4/352 854/3/352
f 852/3/355 847/3/355 848/3/355
f 864/21/356 865/20/356 863/22/356
f 866/24/357 867/23/357 865/20/357
f 860/3/298 857/3/298 862/3/298
f 839/3/1 789/3/1 837/3/1
f 846/3/5 857/3/5 845/3/5
f 868/26/358 869/25/358 867/23/358
f 870/28/243 871/27/243 869/25/243
f 872/30/359 873/29/359 871/27/359
f 874/32/360 875/31/360 873/29/360
f 876/34/95 877/33/95 875/31/95
f 878/36/255 879/35/255 877/33/255
f 880/38/361 881/37/361 879/35/361
f 882/40/253 883/39/253 881/37/253
f 884/42/362 885/41/362 883/39/362
f 886/44/363 887/43/363 885/41/363
f 888/46/364 889/45/364 887/43/364
f 890/48/365 891/47/365 889/45/365
f 892/50/93 893/49/93 891/47/93
f 894/52/366 863/51/366 893/49/366
f 916/5/367 911/6/367 915/7/367
f 901/8/368 915/7/368 902/9/368
f 914/12/369 911/6/369 912/10/369
f 929/3/370 921/3/370 930/3/370
f 930/3/301 919/3/301 924/3/301
f 925/6/371 928/12/371 926/10/371
f 948/5/372 925/6/372 926/10/372
f 917/8/373 947/7/373 948/11/373
f 897/3/374 913/3/374 914/3/374
f 856/3/5 919/3/5 855/3/5
f 911/6/375 947/7/375 915/7/375
f 918/13/376 950/14/376 902/13/376
f 918/13/353 951/15/353 952/16/353
f 916/5/377 926/10/377 912/10/377
f 903/3/5 919/3/5 921/3/5
f 904/3/5 921/3/5 922/3/5
f 913/17/378 925/6/378 911/6/378
f 929/3/376 920/3/376 922/3/376
f 926/10/379 914/12/379 912/10/379
f 898/3/380 927/3/380 913/3/380
f 947/7/381 902/9/381 915/7/381
f 949/18/382 917/8/382 901/8/382
f 923/4/383 919/3/383 920/3/383
f 927/3/384 896/3/384 928/3/384
f 905/3/385 910/3/385 906/3/385
f 917/8/386 916/11/386 901/8/386
f 902/13/352 949/18/352 901/8/352
f 938/5/387 933/6/387 934/10/387
f 931/8/388 937/7/388 938/11/388
f 946/5/389 941/6/389 945/7/389
f 939/8/390 945/7/390 940/9/390
f 944/12/391 941/6/391 942/10/391
f 933/6/392 936/12/392 934/10/392
f 933/6/393 945/7/393 941/6/393
f 932/13/354 988/16/354 940/13/354
f 940/13/370 987/15/370 939/8/370
f 935/3/394 897/3/394 936/3/394
f 898/3/395 943/3/395 895/3/395
f 908/3/5 909/3/5 907/3/5
f 929/3/1 924/3/1 923/3/1
f 935/17/396 941/6/396 943/17/396
f 932/13/383 985/18/383 986/14/383
f 896/3/397 943/3/397 944/3/397
f 938/11/398 939/8/398 931/8/398
f 985/18/399 939/8/399 987/15/399
f 936/12/400 942/10/400 934/10/400
f 938/5/401 942/10/401 946/5/401
f 932/9/402 945/7/402 937/7/402
f 899/2/383 908/19/383 907/4/383
f 849/3/5 852/3/5 850/3/5
f 860/3/1 861/3/1 859/3/1
f 838/3/244 789/3/244 790/3/244
f 956/54/1 957/53/1 953/53/1
f 954/56/1 963/55/1 955/55/1
f 965/58/344 953/57/344 954/56/344
f 967/42/49 956/54/49 953/53/49
f 968/59/345 955/55/345 956/54/345
f 966/39/41 954/56/41 955/55/41
f 958/60/344 962/56/344 957/57/344
f 959/61/41 963/55/41 962/56/41
f 960/31/345 964/54/345 963/55/345
f 961/62/49 957/53/49 964/54/49
f 954/56/1 957/57/1 962/56/1
f 959/23/5 961/62/5 960/31/5
f 955/55/1 964/54/1 956/54/1
f 969/53/5 980/54/5 973/53/5
f 971/55/5 978/56/5 979/55/5
f 981/58/345 969/57/345 970/56/345
f 983/42/49 972/54/49 969/53/49
f 984/59/344 971/55/344 972/54/344
f 982/39/41 970/56/41 971/55/41
f 974/60/345 978/56/345 973/57/345
f 975/61/41 979/55/41 978/56/41
f 976/31/344 980/54/344 979/55/344
f 977/62/49 973/53/49 980/54/49
f 970/56/5 973/57/5 978/56/5
f 974/63/1 976/31/1 975/23/1
f 972/54/5 979/55/5 980/54/5
f 904/3/5 920/3/5 856/3/5
f 840/3/262 791/3/262 839/3/262
f 838/3/5 792/3/5 840/3/5
f 991/3/1 833/3/1 989/3/1
f 990/3/244 833/3/244 834/3/244
f 992/3/262 835/3/262 991/3/262
f 990/3/5 836/3/5 992/3/5
f 984/3/5 981/3/5 982/3/5
f 966/3/1 967/3/1 965/3/1
f 1055/2/1 1062/1/1 1056/1/1
f 998/3/5 1014/3/5 1002/3/5
f 1006/19/403 999/2/403 1005/4/403
f 1055/3/404 1065/3/404 1061/3/404
f 1004/1/1 999/2/1 1000/1/1
f 1007/3/405 999/3/405 1003/3/405
f 1009/3/5 998/3/5 997/3/5
f 1013/3/406 1017/3/406 1018/3/406
f 1001/3/5 1009/3/5 997/3/5
f 1017/3/407 1010/3/407 1015/3/407
f 1009/3/408 1015/4/408 1010/3/408
f 1008/3/409 1003/3/409 1004/3/409
f 1020/21/410 1021/20/410 1019/22/410
f 1022/24/178 1023/23/178 1021/20/178
f 1016/3/233 1013/3/233 1018/3/233
f 995/3/1 837/3/1 993/3/1
f 1002/3/5 1013/3/5 1001/3/5
f 1006/3/411 1004/3/411 1000/3/411
f 1024/26/175 1025/25/175 1023/23/175
f 1028/30/412 1029/29/412 1027/27/412
f 1030/32/413 1031/31/413 1029/29/413
f 1032/34/189 1033/33/189 1031/31/189
f 1034/36/188 1035/35/188 1033/33/188
f 1036/38/414 1037/37/414 1035/35/414
f 1038/40/186 1039/39/186 1037/37/186
f 1040/42/415 1041/41/415 1039/39/415
f 1042/44/416 1043/43/416 1041/41/416
f 1044/46/417 1045/45/417 1043/43/417
f 1046/48/182 1047/47/182 1045/45/182
f 1048/50/418 1049/49/418 1047/47/418
f 1050/52/419 1019/51/419 1049/49/419
f 1072/5/420 1067/6/420 1071/7/420
f 1057/8/421 1071/7/421 1058/9/421
f 1070/12/422 1067/6/422 1068/10/422
f 1085/3/423 1077/3/423 1086/3/423
f 1086/3/236 1075/3/236 1080/3/236
f 1081/6/424 1084/12/424 1082/10/424
f 1104/5/425 1081/6/425 1082/10/425
f 1073/8/426 1103/7/426 1104/11/426
f 1053/3/427 1069/3/427 1070/3/427
f 1012/3/5 1075/3/5 1011/3/5
f 1062/3/428 1064/3/428 1056/3/428
f 1067/6/429 1103/7/429 1071/7/429
f 1074/13/430 1106/14/430 1058/13/430
f 1074/13/406 1107/15/406 1108/16/406
f 1072/5/431 1082/10/431 1068/10/431
f 1059/3/5 1075/3/5 1077/3/5
f 1060/3/5 1077/3/5 1078/3/5
f 1069/17/432 1081/6/432 1067/6/432
f 1085/3/430 1076/3/430 1078/3/430
f 1082/10/433 1070/12/433 1068/10/433
f 1084/3/434 1053/3/434 1070/3/434
f 1054/3/435 1083/3/435 1069/3/435
f 1103/7/436 1058/9/436 1071/7/436
f 1105/18/437 1073/8/437 1057/8/437
f 1079/4/438 1075/3/438 1076/3/438
f 1083/3/439 1052/3/439 1084/3/439
f 1061/3/423 1066/3/423 1062/3/423
f 1073/8/440 1072/11/440 1057/8/440
f 1058/13/403 1105/18/403 1057/8/403
f 1094/5/441 1089/6/441 1090/10/441
f 1087/8/442 1093/7/442 1094/11/442
f 1102/5/443 1097/6/443 1101/7/443
f 1095/8/444 1101/7/444 1096/9/444
f 1100/12/445 1097/6/445 1098/10/445
f 1089/6/446 1092/12/446 1090/10/446
f 1089/6/447 1101/7/447 1097/6/447
f 1142/14/407 1096/13/407 1088/13/407
f 1096/13/448 1143/15/448 1095/8/448
f 1091/3/449 1053/3/449 1092/3/449
f 1054/3/450 1099/3/450 1051/3/450
f 1066/3/5 1063/3/5 1064/3/5
f 1085/3/1 1080/3/1 1079/3/1
f 1053/3/451 1100/3/451 1092/3/451
f 1091/17/452 1097/6/452 1099/17/452
f 1088/13/438 1141/18/438 1142/14/438
f 1052/3/453 1099/3/453 1100/3/453
f 1094/11/454 1095/8/454 1087/8/454
f 1141/18/455 1095/8/455 1143/15/455
f 1092/12/456 1098/10/456 1090/10/456
f 1090/10/457 1102/5/457 1094/5/457
f 1088/9/458 1101/7/458 1093/7/458
f 1055/2/438 1064/19/438 1063/4/438
f 1006/3/5 1007/3/5 1008/3/5
f 1016/3/1 1017/3/1 1015/3/1
f 994/3/176 837/3/176 838/3/176
f 1112/54/1 1113/53/1 1109/53/1
f 1110/56/1 1119/55/1 1111/55/1
f 1121/58/459 1109/57/459 1110/56/459
f 1123/42/460 1112/54/460 1109/53/460
f 1124/59/461 1111/55/461 1112/54/461
f 1122/39/462 1110/56/462 1111/55/462
f 1114/60/459 1118/56/459 1113/57/459
f 1115/61/462 1119/55/462 1118/56/462
f 1116/31/461 1120/54/461 1119/55/461
f 1117/62/460 1113/53/460 1120/54/460
f 1109/57/1 1118/56/1 1110/56/1
f 1115/23/5 1117/62/5 1116/31/5
f 1112/54/1 1119/55/1 1120/54/1
f 1125/53/5 1136/54/5 1129/53/5
f 1127/55/5 1134/56/5 1135/55/5
f 1137/58/461 1125/57/461 1126/56/461
f 1139/42/460 1128/54/460 1125/53/460
f 1140/59/459 1127/55/459 1128/54/459
f 1138/39/462 1126/56/462 1127/55/462
f 1130/60/461 1134/56/461 1129/57/461
f 1131/61/462 1135/55/462 1134/56/462
f 1132/31/459 1136/54/459 1135/55/459
f 1133/62/460 1129/53/460 1136/54/460
f 1125/57/5 1134/56/5 1126/56/5
f 1130/63/1 1132/31/1 1131/23/1
f 1128/54/5 1135/55/5 1136/54/5
f 1012/3/5 1078/3/5 1076/3/5
f 996/3/196 839/3/196 995/3/196
f 996/3/5 838/3/5 840/3/5
f 1147/3/1 989/3/1 1145/3/1
f 1146/3/176 989/3/176 990/3/176
f 1148/3/196 991/3/196 1147/3/196
f 1148/3/5 990/3/5 992/3/5
f 1140/3/5 1137/3/5 1138/3/5
f 1122/3/1 1123/3/1 1121/3/1
f 1211/2/1 1218/1/1 1212/1/1
f 1154/3/5 1170/3/5 1158/3/5
f 1162/19/463 1155/2/463 1161/4/463
f 1211/3/464 1221/3/464 1217/3/464
f 1156/1/1 1159/2/1 1155/2/1
f 1163/3/465 1155/3/465 1159/3/465
f 1165/3/5 1154/3/5 1153/3/5
f 1169/3/466 1173/3/466 1174/3/466
f 1157/3/5 1165/3/5 1153/3/5
f 1173/3/467 1166/3/467 1171/3/467
f 1165/3/463 1171/4/463 1166/3/463
f 1164/3/466 1159/3/466 1160/3/466
f 1176/21/109 1177/20/109 1175/22/109
f 1178/24/108 1179/23/108 1177/20/108
f 1165/3/163 1174/3/163 1172/3/163
f 1151/3/1 993/3/1 1149/3/1
f 1158/3/5 1169/3/5 1157/3/5
f 1162/3/468 1160/3/468 1156/3/468
f 1180/26/105 1181/25/105 1179/23/105
f 1182/28/469 1183/27/469 1181/25/469
f 1184/30/470 1185/29/470 1183/27/470
f 1186/32/471 1187/31/471 1185/29/471
f 1188/34/119 1189/33/119 1187/31/119
f 1190/36/472 1191/35/472 1189/33/472
f 1192/38/473 1193/37/473 1191/35/473
f 1194/40/474 1195/39/474 1193/37/474
f 1196/42/115 1197/41/115 1195/39/115
f 1198/44/475 1199/43/475 1197/41/475
f 1200/46/113 1201/45/113 1199/43/113
f 1202/48/112 1203/47/112 1201/45/112
f 1204/50/476 1205/49/476 1203/47/476
f 1206/52/477 1175/51/477 1205/49/477
f 1228/5/478 1223/6/478 1227/7/478
f 1213/8/479 1227/7/479 1214/9/479
f 1226/12/480 1223/6/480 1224/10/480
f 1241/3/481 1233/3/481 1242/3/481
f 1236/3/168 1233/3/168 1231/3/168
f 1237/6/482 1240/12/482 1238/10/482
f 1260/5/483 1237/6/483 1238/10/483
f 1229/8/484 1259/7/484 1260/11/484
f 1209/3/485 1225/3/485 1226/3/485
f 1168/3/5 1231/3/5 1167/3/5
f 1218/3/486 1220/3/486 1212/3/486
f 1223/6/487 1259/7/487 1227/7/487
f 1214/13/488 1264/16/488 1262/14/488
f 1230/13/489 1263/15/489 1264/16/489
f 1228/5/490 1238/10/490 1224/10/490
f 1215/3/5 1231/3/5 1233/3/5
f 1216/3/5 1233/3/5 1234/3/5
f 1225/17/491 1237/6/491 1223/6/491
f 1241/3/488 1232/3/488 1234/3/488
f 1238/10/492 1226/12/492 1224/10/492
f 1240/3/493 1209/3/493 1226/3/493
f 1210/3/494 1239/3/494 1225/3/494
f 1259/7/495 1214/9/495 1227/7/495
f 1261/18/496 1229/8/496 1213/8/496
f 1235/4/497 1231/3/497 1232/3/497
f 1239/3/498 1208/3/498 1240/3/498
f 1217/3/499 1222/3/499 1218/3/499
f 1229/8/500 1228/11/500 1213/8/500
f 1214/13/463 1261/18/463 1213/8/463
f 1250/5/501 1245/6/501 1246/10/501
f 1243/8/502 1249/7/502 1250/11/502
f 1258/5/503 1253/6/503 1257/7/503
f 1251/8/504 1257/7/504 1252/9/504
f 1256/12/505 1253/6/505 1254/10/505
f 1245/6/506 1248/12/506 1246/10/506
f 1245/6/507 1257/7/507 1253/6/507
f 1244/13/467 1300/16/467 1252/13/467
f 1252/13/508 1299/15/508 1251/8/508
f 1247/3/509 1209/3/509 1248/3/509
f 1210/3/510 1255/3/510 1207/3/510
f 1220/3/5 1221/3/5 1219/3/5
f 1235/3/1 1242/3/1 1236/3/1
f 1209/3/511 1256/3/511 1248/3/511
f 1247/17/512 1253/6/512 1255/17/512
f 1244/13/497 1297/18/497 1298/14/497
f 1208/3/513 1255/3/513 1256/3/513
f 1250/11/514 1251/8/514 1243/8/514
f 1297/18/515 1251/8/515 1299/15/515
f 1248/12/516 1254/10/516 1246/10/516
f 1250/5/517 1254/10/517 1258/5/517
f 1244/9/518 1257/7/518 1249/7/518
f 1211/2/497 1220/19/497 1219/4/497
f 1161/3/5 1164/3/5 1162/3/5
f 1171/3/1 1174/3/1 1173/3/1
f 1150/3/106 993/3/106 994/3/106
f 1268/54/1 1269/53/1 1265/53/1
f 1266/56/1 1275/55/1 1267/55/1
f 1277/58/250 1265/57/250 1266/56/250
f 1279/42/253 1268/54/253 1265/53/253
f 1280/59/256 1267/55/256 1268/54/256
f 1278/39/357 1266/56/357 1267/55/357
f 1270/60/250 1274/56/250 1269/57/250
f 1271/61/357 1275/55/357 1274/56/357
f 1272/31/256 1276/54/256 1275/55/256
f 1273/62/253 1269/53/253 1276/54/253
f 1265/57/1 1274/56/1 1266/56/1
f 1271/23/5 1273/62/5 1272/31/5
f 1267/55/1 1276/54/1 1268/54/1
f 1281/53/5 1292/54/5 1285/53/5
f 1282/56/5 1291/55/5 1283/55/5
f 1293/58/256 1281/57/256 1282/56/256
f 1295/42/253 1284/54/253 1281/53/253
f 1296/59/250 1283/55/250 1284/54/250
f 1294/39/357 1282/56/357 1283/55/357
f 1286/60/256 1290/56/256 1285/57/256
f 1287/61/357 1291/55/357 1290/56/357
f 1288/31/250 1292/54/250 1291/55/250
f 1289/62/253 1285/53/253 1292/54/253
f 1281/57/5 1290/56/5 1282/56/5
f 1287/23/1 1289/62/1 1288/31/1
f 1284/54/5 1291/55/5 1292/54/5
f 1216/3/5 1232/3/5 1168/3/5
f 1152/3/126 995/3/126 1151/3/126
f 1152/3/5 994/3/5 996/3/5
f 1303/3/1 1145/3/1 1301/3/1
f 1302/3/106 1145/3/106 1146/3/106
f 1304/3/126 1147/3/126 1303/3/126
f 1304/3/5 1146/3/5 1148/3/5
f 1296/3/5 1293/3/5 1294/3/5
f 1278/3/1 1279/3/1 1277/3/1
f 1367/2/1 1374/1/1 1368/1/1
f 1310/3/5 1326/3/5 1314/3/5
f 1318/19/519 1311/2/519 1317/4/519
f 1367/3/520 1377/3/520 1373/3/520
f 1316/1/1 1311/2/1 1312/1/1
f 1319/3/521 1311/3/521 1315/3/521
f 1321/3/5 1310/3/5 1309/3/5
f 1325/3/522 1329/3/522 1330/3/522
f 1313/3/5 1321/3/5 1309/3/5
f 1329/3/523 1322/3/523 1327/3/523
f 1321/3/519 1327/4/519 1322/3/519
f 1320/3/524 1315/3/524 1316/3/524
f 1332/21/38 1333/20/38 1331/22/38
f 1334/24/345 1335/23/345 1333/20/345
f 1321/3/91 1330/3/91 1328/3/91
f 1307/3/1 1149/3/1 1305/3/1
f 1314/3/5 1325/3/5 1313/3/5
f 1318/3/525 1316/3/525 1312/3/525
f 1336/26/526 1337/25/526 1335/23/526
f 1338/28/527 1339/27/527 1337/25/527
f 1340/30/528 1341/29/528 1339/27/528
f 1342/32/529 1343/31/529 1341/29/529
f 1344/34/234 1345/33/234 1343/31/234
f 1346/36/530 1347/35/530 1345/33/530
f 1348/38/531 1349/37/531 1347/35/531
f 1350/40/344 1351/39/344 1349/37/344
f 1352/42/44 1353/41/44 1351/39/44
f 1354/44/532 1355/43/532 1353/41/532
f 1356/46/42 1357/45/42 1355/43/42
f 1358/48/41 1359/47/41 1357/45/41
f 1360/50/235 1361/49/235 1359/47/235
f 1362/52/533 1331/51/533 1361/49/533
f 1384/5/534 1379/6/534 1383/7/534
f 1369/8/535 1383/7/535 1370/9/535
f 1382/12/536 1379/6/536 1380/10/536
f 1397/3/537 1389/3/537 1398/3/537
f 1398/3/96 1387/3/96 1392/3/96
f 1393/6/538 1396/12/538 1394/10/538
f 1416/5/539 1393/6/539 1394/10/539
f 1385/8/540 1415/7/540 1416/11/540
f 1365/3/541 1381/3/541 1382/3/541
f 1324/3/5 1387/3/5 1323/3/5
f 1374/3/542 1376/3/542 1368/3/542
f 1379/6/543 1415/7/543 1383/7/543
f 1370/13/544 1420/16/544 1418/14/544
f 1386/13/522 1419/15/522 1420/16/522
f 1384/5/545 1394/10/545 1380/10/545
f 1371/3/5 1387/3/5 1389/3/5
f 1372/3/5 1389/3/5 1390/3/5
f 1381/17/546 1393/6/546 1379/6/546
f 1397/3/544 1388/3/544 1390/3/544
f 1394/10/547 1382/12/547 1380/10/547
f 1396/3/548 1365/3/548 1382/3/548
f 1366/3/549 1395/3/549 1381/3/549
f 1415/7/550 1370/9/550 1383/7/550
f 1417/18/551 1385/8/551 1369/8/551
f 1391/4/552 1387/3/552 1388/3/552
f 1395/3/553 1364/3/553 1396/3/553
f 1373/3/554 1378/3/554 1374/3/554
f 1385/8/555 1384/11/555 1369/8/555
f 1370/13/519 1417/18/519 1369/8/519
f 1406/5/556 1401/6/556 1402/10/556
f 1399/8/557 1405/7/557 1406/11/557
f 1414/5/558 1409/6/558 1413/7/558
f 1407/8/559 1413/7/559 1408/9/559
f 1412/12/560 1409/6/560 1410/10/560
f 1401/6/561 1404/12/561 1402/10/561
f 1401/6/562 1413/7/562 1409/6/562
f 1454/14/523 1408/13/523 1400/13/523
f 1408/13/537 1455/15/537 1407/8/537
f 1403/3/563 1365/3/563 1404/3/563
f 1366/3/564 1411/3/564 1363/3/564
f 1376/3/5 1377/3/5 1375/3/5
f 1397/3/1 1392/3/1 1391/3/1
f 1365/3/565 1412/3/565 1404/3/565
f 1403/17/566 1409/6/566 1411/17/566
f 1400/13/552 1453/18/552 1454/14/552
f 1364/3/567 1411/3/567 1412/3/567
f 1406/11/568 1407/8/568 1399/8/568
f 1453/18/569 1407/8/569 1455/15/569
f 1402/10/570 1412/12/570 1410/10/570
f 1406/5/571 1410/10/571 1414/5/571
f 1400/9/572 1413/7/572 1405/7/572
f 1367/2/552 1376/19/552 1375/4/552
f 1317/3/5 1320/3/5 1318/3/5
f 1328/3/1 1329/3/1 1327/3/1
f 1306/3/35 1149/3/35 1150/3/35
f 1424/54/1 1425/53/1 1421/53/1
f 1422/56/1 1431/55/1 1423/55/1
f 1433/58/573 1421/57/573 1422/56/573
f 1435/42/186 1424/54/186 1421/53/186
f 1436/59/413 1423/55/413 1424/54/413
f 1434/39/574 1422/56/574 1423/55/574
f 1426/60/573 1430/56/573 1425/57/573
f 1427/61/574 1431/55/574 1430/56/574
f 1428/31/413 1432/54/413 1431/55/413
f 1429/62/186 1425/53/186 1432/54/186
f 1421/57/1 1430/56/1 1422/56/1
f 1427/23/5 1429/62/5 1428/31/5
f 1423/55/1 1432/54/1 1424/54/1
f 1437/53/5 1448/54/5 1441/53/5
f 1438/56/5 1447/55/5 1439/55/5
f 1449/58/413 1437/57/413 1438/56/413
f 1451/42/186 1440/54/186 1437/53/186
f 1452/59/573 1439/55/573 1440/54/573
f 1450/39/574 1438/56/574 1439/55/574
f 1442/60/413 1446/56/413 1441/57/413
f 1443/61/574 1447/55/574 1446/56/574
f 1444/31/573 1448/54/573 1447/55/573
f 1445/62/186 1441/53/186 1448/54/186
f 1438/56/5 1441/57/5 1446/56/5
f 1443/23/1 1445/62/1 1444/31/1
f 1439/55/5 1448/54/5 1440/54/5
f 1324/3/5 1390/3/5 1388/3/5
f 1308/3/55 1151/3/55 1307/3/55
f 1308/3/5 1150/3/5 1152/3/5
f 1459/3/1 1301/3/1 1457/3/1
f 1458/3/35 1301/3/35 1302/3/35
f 1460/3/55 1303/3/55 1459/3/55
f 1460/3/5 1302/3/5 1304/3/5
f 1452/3/5 1449/3/5 1450/3/5
f 1436/3/1 1433/3/1 1434/3/1
f 1462/3/5 1476/3/5 1466/3/5
f 1470/19/575 1463/2/575 1469/4/575
f 1464/1/1 1467/2/1 1463/2/1
f 1471/3/576 1463/3/576 1467/3/576
f 1473/3/5 1462/3/5 1461/3/5
f 1475/3/577 1479/3/577 1480/3/577
f 1465/3/5 1473/3/5 1461/3/5
f 1479/3/333 1474/3/333 1477/3/333
f 1473/3/575 1477/4/575 1474/3/575
f 1472/3/578 1467/3/578 1468/3/578
f 1482/21/579 1483/20/579 1481/22/579
f 1484/24/323 1485/23/323 1483/20/323
f 1473/3/580 1480/3/580 1478/3/580
f 1466/3/5 1475/3/5 1465/3/5
f 1470/3/581 1468/3/581 1464/3/581
f 1486/26/322 1487/25/322 1485/23/322
f 1488/28/321 1489/27/321 1487/25/321
f 1490/30/320 1491/29/320 1489/27/320
f 1492/32/319 1493/31/319 1491/29/319
f 1494/34/318 1495/33/318 1493/31/318
f 1496/36/317 1497/35/317 1495/33/317
f 1498/38/316 1499/37/316 1497/35/316
f 1500/40/315 1501/39/315 1499/37/315
f 1502/42/314 1503/41/314 1501/39/314
f 1504/44/313 1505/43/313 1503/41/313
f 1506/46/312 1507/45/312 1505/43/312
f 1508/48/311 1509/47/311 1507/45/311
f 1510/50/308 1511/49/308 1509/47/308
f 1512/52/582 1481/51/582 1511/49/582
f 1520/5/583 1515/6/583 1519/7/583
f 1513/8/584 1519/7/584 1514/9/584
f 1518/12/585 1515/6/585 1516/10/585
f 1523/6/586 1526/12/586 1524/10/586
f 1528/5/587 1523/6/587 1524/10/587
f 1521/8/588 1527/7/588 1528/11/588
f 735/3/589 1517/3/589 1518/3/589
f 1515/6/590 1527/7/590 1519/7/590
f 1522/13/305 1530/14/305 1514/13/305
f 1522/13/577 1531/15/577 1532/16/577
f 1520/5/591 1524/10/591 1516/10/591
f 1517/17/592 1523/6/592 1515/6/592
f 1516/10/593 1526/12/593 1518/12/593
f 1526/3/594 735/3/594 1518/3/594
f 736/3/595 1525/3/595 1517/3/595
f 1527/7/596 1514/9/596 1519/7/596
f 1529/18/597 1521/8/597 1513/8/597
f 1525/3/598 734/3/598 1526/3/598
f 1521/8/599 1520/11/599 1513/8/599
f 1514/13/600 1529/18/600 1513/8/600
f 1469/3/5 1472/3/5 1470/3/5
f 1478/3/1 1479/3/1 1477/3/1
f 1537/53/1 1536/54/1 1533/53/1
f 1535/55/1 1542/56/1 1534/56/1
f 1533/57/95 1545/58/95 1534/56/95
f 1536/54/92 1547/42/92 1533/53/92
f 1535/55/93 1548/59/93 1536/54/93
f 1534/56/94 1546/39/94 1535/55/94
f 1542/56/95 1538/60/95 1537/57/95
f 1543/55/94 1539/61/94 1542/56/94
f 1544/54/93 1540/31/93 1543/55/93
f 1537/53/92 1541/62/92 1544/54/92
f 1534/56/1 1537/57/1 1533/57/1
f 1539/23/5 1541/62/5 1538/63/5
f 1544/54/1 1535/55/1 1536/54/1
f 1549/53/5 1560/54/5 1552/54/5
f 1559/55/5 1550/56/5 1551/55/5
f 1549/57/93 1561/58/93 1550/56/93
f 1552/54/92 1563/42/92 1549/53/92
f 1551/55/95 1564/59/95 1552/54/95
f 1550/56/94 1562/39/94 1551/55/94
f 1558/56/93 1554/60/93 1553/57/93
f 1559/55/94 1555/61/94 1558/56/94
f 1560/54/95 1556/31/95 1559/55/95
f 1553/53/92 1557/62/92 1560/54/92
f 1550/56/5 1553/57/5 1549/57/5
f 1556/31/1 1554/63/1 1555/23/1
f 1560/54/5 1551/55/5 1552/54/5
f 1561/3/5 1564/3/5 1562/3/5
f 1546/3/1 1547/3/1 1548/3/1
f 1305/3/601 526/3/601 525/3/601
f 1308/3/4 527/3/4 528/3/4
f 1306/3/5 528/3/5 526/3/5
f 525/3/1 1307/3/1 1305/3/1
f 1458/3/1 680/3/1 1460/3/1
f 1460/3/601 679/3/601 1459/3/601
f 1457/3/5 679/3/5 677/3/5
f 1457/3/4 678/3/4 1458/3/4
f 1571/2/1 1576/1/1 1572/1/1
f 1571/3/602 1579/3/602 1575/3/602
f 1587/3/603 1583/3/603 1588/3/603
f 1588/3/601 1581/3/601 1586/3/601
f 1570/3/5 1581/3/5 1569/3/5
f 1576/3/604 1578/3/604 1572/3/604
f 1573/3/5 1581/3/5 1583/3/5
f 1574/3/5 1583/3/5 1584/3/5
f 1587/3/16 1582/3/16 1584/3/16
f 1585/4/605 1581/3/605 1582/3/605
f 1575/3/603 1580/3/603 1576/3/603
f 1596/5/606 1591/6/606 1592/10/606
f 1589/8/607 1595/7/607 1596/11/607
f 1604/5/608 1599/6/608 1603/7/608
f 1597/8/609 1603/7/609 1598/9/609
f 1602/12/610 1599/6/610 1600/10/610
f 1591/6/611 1594/12/611 1592/10/611
f 1591/6/612 1603/7/612 1599/6/612
f 1606/14/7 1598/13/7 1590/13/7
f 1598/13/613 1607/15/613 1597/8/613
f 1593/3/614 3/3/614 1594/3/614
f 4/3/615 1601/3/615 1/3/615
f 1578/3/5 1579/3/5 1577/3/5
f 1587/3/1 1586/3/1 1585/3/1
f 3/3/616 1602/3/616 1594/3/616
f 1593/17/617 1599/6/617 1601/17/617
f 1590/13/605 1605/18/605 1606/14/605
f 2/3/618 1601/3/618 1602/3/618
f 1596/11/619 1597/8/619 1589/8/619
f 1605/18/620 1597/8/620 1607/15/620
f 1594/12/621 1600/10/621 1592/10/621
f 1596/5/622 1600/10/622 1604/5/622
f 1590/9/623 1603/7/623 1595/7/623
f 1571/2/605 1578/19/605 1577/4/605
f 1570/3/5 1584/3/5 1582/3/5
f 1675/2/1 1682/1/1 1676/1/1
f 1618/3/5 1634/3/5 1622/3/5
f 1626/19/370 1619/2/370 1625/4/370
f 1675/3/624 1685/3/624 1681/3/624
f 1620/1/1 1623/2/1 1619/2/1
f 1627/3/625 1619/3/625 1623/3/625
f 1629/3/5 1618/3/5 1617/3/5
f 1633/3/383 1637/3/383 1638/3/383
f 1621/3/5 1629/3/5 1617/3/5
f 1637/3/376 1630/3/376 1635/3/376
f 1629/3/370 1635/4/370 1630/3/370
f 1628/3/626 1623/3/626 1624/3/626
f 1640/21/361 1641/20/361 1639/22/361
f 1642/24/253 1643/23/253 1641/20/253
f 1636/3/301 1633/3/301 1638/3/301
f 1615/3/1 1565/3/1 1613/3/1
f 1622/3/5 1633/3/5 1621/3/5
f 1626/3/627 1624/3/627 1620/3/627
f 1644/26/628 1645/25/628 1643/23/628
f 1646/28/252 1647/27/252 1645/25/252
f 1648/30/364 1649/29/364 1647/27/364
f 1650/32/629 1651/31/629 1649/29/629
f 1652/34/93 1653/33/93 1651/31/93
f 1654/36/366 1655/35/366 1653/33/366
f 1656/38/356 1657/37/356 1655/35/356
f 1658/40/357 1659/39/357 1657/37/357
f 1660/42/630 1661/41/630 1659/39/630
f 1662/44/631 1663/43/631 1661/41/631
f 1664/46/359 1665/45/359 1663/43/359
f 1666/48/632 1667/47/632 1665/45/632
f 1668/50/95 1669/49/95 1667/47/95
f 1670/52/255 1639/51/255 1669/49/255
f 1692/5/389 1687/6/389 1691/7/389
f 1677/8/633 1691/7/633 1678/9/633
f 1690/12/391 1687/6/391 1688/10/391
f 1705/3/352 1697/3/352 1706/3/352
f 1706/3/298 1695/3/298 1700/3/298
f 1701/6/392 1704/12/392 1702/10/392
f 1724/5/387 1701/6/387 1702/10/387
f 1693/8/388 1723/7/388 1724/11/388
f 1673/3/397 1689/3/397 1690/3/397
f 1632/3/5 1695/3/5 1631/3/5
f 1682/3/634 1684/3/634 1676/3/634
f 1687/6/393 1723/7/393 1691/7/393
f 1694/13/354 1726/14/354 1678/13/354
f 1694/13/383 1727/15/383 1728/16/383
f 1692/5/401 1702/10/401 1688/10/401
f 1679/3/5 1695/3/5 1697/3/5
f 1680/3/5 1697/3/5 1698/3/5
f 1689/17/396 1701/6/396 1687/6/396
f 1705/3/354 1696/3/354 1698/3/354
f 1702/10/400 1690/12/400 1688/10/400
f 1704/3/635 1673/3/635 1690/3/635
f 1674/3/395 1703/3/395 1689/3/395
f 1723/7/402 1678/9/402 1691/7/402
f 1725/18/399 1693/8/399 1677/8/399
f 1699/4/353 1695/3/353 1696/3/353
f 1703/3/394 1672/3/394 1704/3/394
f 1681/3/636 1686/3/636 1682/3/636
f 1693/8/398 1692/11/398 1677/8/398
f 1678/13/370 1725/18/370 1677/8/370
f 1714/5/372 1709/6/372 1710/10/372
f 1707/8/373 1713/7/373 1714/11/373
f 1722/5/367 1717/6/367 1721/7/367
f 1715/8/637 1721/7/637 1716/9/637
f 1720/12/369 1717/6/369 1718/10/369
f 1709/6/371 1712/12/371 1710/10/371
f 1709/6/375 1721/7/375 1717/6/375
f 1708/13/376 1764/16/376 1716/13/376
f 1716/13/352 1763/15/352 1715/8/352
f 1711/3/384 1673/3/384 1712/3/384
f 1674/3/380 1719/3/380 1671/3/380
f 1684/3/5 1685/3/5 1683/3/5
f 1705/3/1 1700/3/1 1699/3/1
f 1673/3/638 1720/3/638 1712/3/638
f 1711/17/378 1717/6/378 1719/17/378
f 1708/13/353 1761/18/353 1762/14/353
f 1672/3/374 1719/3/374 1720/3/374
f 1714/11/386 1715/8/386 1707/8/386
f 1761/18/382 1715/8/382 1763/15/382
f 1712/12/379 1718/10/379 1710/10/379
f 1714/5/377 1718/10/377 1722/5/377
f 1708/9/381 1721/7/381 1713/7/381
f 1675/2/353 1684/19/353 1683/4/353
f 1625/3/5 1628/3/5 1626/3/5
f 1636/3/1 1637/3/1 1635/3/1
f 1614/3/262 1565/3/262 1566/3/262
f 1732/54/1 1733/53/1 1729/53/1
f 1730/56/1 1739/55/1 1731/55/1
f 1741/58/345 1729/57/345 1730/56/345
f 1743/42/41 1732/54/41 1729/53/41
f 1744/59/344 1731/55/344 1732/54/344
f 1742/39/49 1730/56/49 1731/55/49
f 1734/60/345 1738/56/345 1733/57/345
f 1735/61/49 1739/55/49 1738/56/49
f 1736/31/344 1740/54/344 1739/55/344
f 1737/62/41 1733/53/41 1740/54/41
f 1730/56/1 1733/57/1 1738/56/1
f 1735/23/5 1737/62/5 1736/31/5
f 1731/55/1 1740/54/1 1732/54/1
f 1745/53/5 1756/54/5 1749/53/5
f 1747/55/5 1754/56/5 1755/55/5
f 1757/58/344 1745/57/344 1746/56/344
f 1759/42/41 1748/54/41 1745/53/41
f 1760/59/345 1747/55/345 1748/54/345
f 1758/39/49 1746/56/49 1747/55/49
f 1750/60/344 1754/56/344 1749/57/344
f 1751/61/49 1755/55/49 1754/56/49
f 1752/31/345 1756/54/345 1755/55/345
f 1753/62/41 1749/53/41 1756/54/41
f 1746/56/5 1749/57/5 1754/56/5
f 1750/63/1 1752/31/1 1751/23/1
f 1748/54/5 1755/55/5 1756/54/5
f 1680/3/5 1696/3/5 1632/3/5
f 1616/3/244 1567/3/244 1615/3/244
f 1614/3/5 1568/3/5 1616/3/5
f 1767/3/1 1609/3/1 1765/3/1
f 1766/3/262 1609/3/262 1610/3/262
f 1768/3/244 1611/3/244 1767/3/244
f 1766/3/5 1612/3/5 1768/3/5
f 1760/3/5 1757/3/5 1758/3/5
f 1742/3/1 1743/3/1 1741/3/1
f 1831/2/1 1838/1/1 1832/1/1
f 1774/3/5 1790/3/5 1778/3/5
f 1782/19/448 1775/2/448 1781/4/448
f 1831/3/405 1841/3/405 1837/3/405
f 1780/1/1 1775/2/1 1776/1/1
f 1783/3/404 1775/3/404 1779/3/404
f 1785/3/5 1774/3/5 1773/3/5
f 1789/3/438 1793/3/438 1794/3/438
f 1777/3/5 1785/3/5 1773/3/5
f 1793/3/430 1786/3/430 1791/3/430
f 1785/3/423 1791/4/423 1786/3/423
f 1784/3/639 1779/3/639 1780/3/639
f 1796/21/414 1797/20/414 1795/22/414
f 1798/24/640 1799/23/640 1797/20/640
f 1792/3/236 1789/3/236 1794/3/236
f 1771/3/1 1613/3/1 1769/3/1
f 1778/3/5 1789/3/5 1777/3/5
f 1782/3/428 1780/3/428 1776/3/428
f 1800/26/185 1801/25/185 1799/23/185
f 1802/28/184 1803/27/184 1801/25/184
f 1804/30/417 1805/29/417 1803/27/417
f 1806/32/573 1807/31/573 1805/29/573
f 1808/34/418 1809/33/418 1807/31/418
f 1810/36/419 1811/35/419 1809/33/419
f 1812/38/410 1813/37/410 1811/35/410
f 1814/40/574 1815/39/574 1813/37/574
f 1816/42/641 1817/41/641 1815/39/641
f 1818/44/642 1819/43/642 1817/41/642
f 1820/46/412 1821/45/412 1819/43/412
f 1822/48/190 1823/47/190 1821/45/190
f 1824/50/189 1825/49/189 1823/47/189
f 1826/52/188 1795/51/188 1825/49/188
f 1848/5/643 1843/6/643 1847/7/643
f 1833/8/644 1847/7/644 1834/9/644
f 1846/12/445 1843/6/445 1844/10/445
f 1861/3/408 1853/3/408 1862/3/408
f 1862/3/233 1851/3/233 1856/3/233
f 1857/6/446 1860/12/446 1858/10/446
f 1880/5/441 1857/6/441 1858/10/441
f 1849/8/645 1879/7/645 1880/11/645
f 1829/3/646 1845/3/646 1846/3/646
f 1788/3/5 1851/3/5 1787/3/5
f 1838/3/411 1840/3/411 1832/3/411
f 1843/6/647 1879/7/647 1847/7/647
f 1850/13/407 1882/14/407 1834/13/407
f 1850/13/438 1883/15/438 1884/16/438
f 1848/5/457 1858/10/457 1844/10/457
f 1835/3/5 1851/3/5 1853/3/5
f 1836/3/5 1853/3/5 1854/3/5
f 1845/17/452 1857/6/452 1843/6/452
f 1861/3/407 1852/3/407 1854/3/407
f 1858/10/456 1846/12/456 1844/10/456
f 1860/3/451 1829/3/451 1846/3/451
f 1830/3/450 1859/3/450 1845/3/450
f 1879/7/648 1834/9/648 1847/7/648
f 1881/18/455 1849/8/455 1833/8/455
f 1855/4/406 1851/3/406 1852/3/406
f 1859/3/449 1828/3/449 1860/3/449
f 1837/3/408 1842/3/408 1838/3/408
f 1849/8/454 1848/11/454 1833/8/454
f 1834/13/448 1881/18/448 1833/8/448
f 1870/5/425 1865/6/425 1866/10/425
f 1863/8/649 1869/7/649 1870/11/649
f 1878/5/650 1873/6/650 1877/7/650
f 1871/8/651 1877/7/651 1872/9/651
f 1876/12/422 1873/6/422 1874/10/422
f 1865/6/424 1868/12/424 1866/10/424
f 1865/6/652 1877/7/652 1873/6/652
f 1918/14/430 1872/13/430 1864/13/430
f 1872/13/403 1919/15/403 1871/8/403
f 1867/3/439 1829/3/439 1868/3/439
f 1830/3/435 1875/3/435 1827/3/435
f 1842/3/5 1839/3/5 1840/3/5
f 1861/3/1 1856/3/1 1855/3/1
f 1829/3/434 1876/3/434 1868/3/434
f 1867/17/432 1873/6/432 1875/17/432
f 1864/13/406 1917/18/406 1918/14/406
f 1828/3/653 1875/3/653 1876/3/653
f 1870/11/440 1871/8/440 1863/8/440
f 1917/18/437 1871/8/437 1919/15/437
f 1868/12/433 1874/10/433 1866/10/433
f 1866/10/431 1878/5/431 1870/5/431
f 1864/9/654 1877/7/654 1869/7/654
f 1831/2/406 1840/19/406 1839/4/406
f 1782/3/5 1783/3/5 1784/3/5
f 1792/3/1 1793/3/1 1791/3/1
f 1770/3/196 1613/3/196 1614/3/196
f 1888/54/1 1889/53/1 1885/53/1
f 1886/56/1 1895/55/1 1887/55/1
f 1897/58/461 1885/57/461 1886/56/461
f 1899/42/462 1888/54/462 1885/53/462
f 1900/59/459 1887/55/459 1888/54/459
f 1898/39/460 1886/56/460 1887/55/460
f 1890/60/461 1894/56/461 1889/57/461
f 1891/61/460 1895/55/460 1894/56/460
f 1892/31/459 1896/54/459 1895/55/459
f 1893/62/462 1889/53/462 1896/54/462
f 1885/57/1 1894/56/1 1886/56/1
f 1891/23/5 1893/62/5 1892/31/5
f 1888/54/1 1895/55/1 1896/54/1
f 1901/53/5 1912/54/5 1905/53/5
f 1903/55/5 1910/56/5 1911/55/5
f 1913/58/459 1901/57/459 1902/56/459
f 1915/42/462 1904/54/462 1901/53/462
f 1916/59/461 1903/55/461 1904/54/461
f 1914/39/460 1902/56/460 1903/55/460
f 1906/60/459 1910/56/459 1905/57/459
f 1907/61/460 1911/55/460 1910/56/460
f 1908/31/461 1912/54/461 1911/55/461
f 1909/62/462 1905/53/462 1912/54/462
f 1901/57/5 1910/56/5 1902/56/5
f 1906/63/1 1908/31/1 1907/23/1
f 1904/54/5 1911/55/5 1912/54/5
f 1788/3/5 1854/3/5 1852/3/5
f 1772/3/176 1615/3/176 1771/3/176
f 1772/3/5 1614/3/5 1616/3/5
f 1923/3/1 1765/3/1 1921/3/1
f 1922/3/196 1765/3/196 1766/3/196
f 1924/3/176 1767/3/176 1923/3/176
f 1924/3/5 1766/3/5 1768/3/5
f 1916/3/5 1913/3/5 1914/3/5
f 1898/3/1 1899/3/1 1897/3/1
f 1987/2/1 1994/1/1 1988/1/1
f 1930/3/5 1946/3/5 1934/3/5
f 1938/19/481 1931/2/481 1937/4/481
f 1987/3/465 1997/3/465 1993/3/465
f 1932/1/1 1935/2/1 1931/2/1
f 1939/3/464 1931/3/464 1935/3/464
f 1941/3/5 1930/3/5 1929/3/5
f 1945/3/655 1949/3/655 1950/3/655
f 1933/3/5 1941/3/5 1929/3/5
f 1949/3/488 1942/3/488 1947/3/488
f 1941/3/481 1947/4/481 1942/3/481
f 1940/3/655 1935/3/655 1936/3/655
f 1952/21/473 1953/20/473 1951/22/473
f 1954/24/474 1955/23/474 1953/20/474
f 1941/3/168 1950/3/168 1948/3/168
f 1927/3/1 1769/3/1 1925/3/1
f 1934/3/5 1945/3/5 1933/3/5
f 1938/3/486 1936/3/486 1932/3/486
f 1956/26/656 1957/25/656 1955/23/656
f 1958/28/475 1959/27/475 1957/25/475
f 1960/30/657 1961/29/657 1959/27/657
f 1962/32/658 1963/31/658 1961/29/658
f 1964/34/476 1965/33/476 1963/31/476
f 1966/36/477 1967/35/477 1965/33/477
f 1968/38/109 1969/37/109 1967/35/109
f 1970/40/108 1971/39/108 1969/37/108
f 1972/42/300 1973/41/300 1971/39/300
f 1974/44/469 1975/43/469 1973/41/469
f 1976/46/121 1977/45/121 1975/43/121
f 1978/48/120 1979/47/120 1977/45/120
f 1980/50/119 1981/49/119 1979/47/119
f 1982/52/472 1951/51/472 1981/49/472
f 2004/5/503 1999/6/503 2003/7/503
f 1989/8/659 2003/7/659 1990/9/659
f 2002/12/505 1999/6/505 2000/10/505
f 2017/3/463 2009/3/463 2018/3/463
f 2012/3/163 2009/3/163 2007/3/163
f 2013/6/506 2016/12/506 2014/10/506
f 2036/5/501 2013/6/501 2014/10/501
f 2005/8/502 2035/7/502 2036/11/502
f 1985/3/513 2001/3/513 2002/3/513
f 1944/3/5 2007/3/5 1943/3/5
f 1994/3/468 1996/3/468 1988/3/468
f 1999/6/507 2035/7/507 2003/7/507
f 1990/13/467 2040/16/467 2038/14/467
f 2006/13/497 2039/15/497 2040/16/497
f 2004/5/517 2014/10/517 2000/10/517
f 1991/3/5 2007/3/5 2009/3/5
f 1992/3/5 2009/3/5 2010/3/5
f 2001/17/512 2013/6/512 1999/6/512
f 2017/3/467 2008/3/467 2010/3/467
f 2014/10/516 2002/12/516 2000/10/516
f 2016/3/511 1985/3/511 2002/3/511
f 1986/3/510 2015/3/510 2001/3/510
f 2035/7/660 1990/9/660 2003/7/660
f 2037/18/661 2005/8/661 1989/8/661
f 2011/4/489 2007/3/489 2008/3/489
f 2015/3/662 1984/3/662 2016/3/662
f 1993/3/663 1998/3/663 1994/3/663
f 2005/8/514 2004/11/514 1989/8/514
f 1990/13/481 2037/18/481 1989/8/481
f 2026/5/483 2021/6/483 2022/10/483
f 2019/8/484 2025/7/484 2026/11/484
f 2034/5/478 2029/6/478 2033/7/478
f 2027/8/664 2033/7/664 2028/9/664
f 2032/12/480 2029/6/480 2030/10/480
f 2021/6/482 2024/12/482 2022/10/482
f 2021/6/487 2033/7/487 2029/6/487
f 2020/13/488 2076/16/488 2028/13/488
f 2028/13/665 2075/15/665 2027/8/665
f 2023/3/666 1985/3/666 2024/3/666
f 1986/3/494 2031/3/494 1983/3/494
f 1996/3/5 1997/3/5 1995/3/5
f 2011/3/1 2018/3/1 2012/3/1
f 1985/3/493 2032/3/493 2024/3/493
f 2023/17/491 2029/6/491 2031/17/491
f 2020/13/489 2073/18/489 2074/14/489
f 1984/3/485 2031/3/485 2032/3/485
f 2026/11/500 2027/8/500 2019/8/500
f 2073/18/667 2027/8/667 2075/15/667
f 2024/12/492 2030/10/492 2022/10/492
f 2026/5/490 2030/10/490 2034/5/490
f 2020/9/668 2033/7/668 2025/7/668
f 1987/2/489 1996/19/489 1995/4/489
f 1937/3/5 1940/3/5 1938/3/5
f 1947/3/1 1950/3/1 1949/3/1
f 1926/3/126 1769/3/126 1770/3/126
f 2044/54/1 2045/53/1 2041/53/1
f 2042/56/1 2051/55/1 2043/55/1
f 2053/58/256 2041/57/256 2042/56/256
f 2055/42/357 2044/54/357 2041/53/357
f 2056/59/250 2043/55/250 2044/54/250
f 2054/39/253 2042/56/253 2043/55/253
f 2046/60/256 2050/56/256 2045/57/256
f 2047/61/253 2051/55/253 2050/56/253
f 2048/31/250 2052/54/250 2051/55/250
f 2049/62/357 2045/53/357 2052/54/357
f 2041/57/1 2050/56/1 2042/56/1
f 2047/23/5 2049/62/5 2048/31/5
f 2043/55/1 2052/54/1 2044/54/1
f 2057/53/5 2068/54/5 2061/53/5
f 2058/56/5 2067/55/5 2059/55/5
f 2069/58/250 2057/57/250 2058/56/250
f 2071/42/357 2060/54/357 2057/53/357
f 2072/59/256 2059/55/256 2060/54/256
f 2070/39/253 2058/56/253 2059/55/253
f 2062/60/250 2066/56/250 2061/57/250
f 2063/61/253 2067/55/253 2066/56/253
f 2064/31/256 2068/54/256 2067/55/256
f 2065/62/357 2061/53/357 2068/54/357
f 2057/57/5 2066/56/5 2058/56/5
f 2063/23/1 2065/62/1 2064/31/1
f 2060/54/5 2067/55/5 2068/54/5
f 1992/3/5 2008/3/5 1944/3/5
f 1928/3/106 1771/3/106 1927/3/106
f 1928/3/5 1770/3/5 1772/3/5
f 2079/3/1 1921/3/1 2077/3/1
f 2078/3/126 1921/3/126 1922/3/126
f 2080/3/106 1923/3/106 2079/3/106
f 2080/3/5 1922/3/5 1924/3/5
f 2072/3/5 2069/3/5 2070/3/5
f 2054/3/1 2055/3/1 2053/3/1
f 2143/2/1 2150/1/1 2144/1/1
f 2086/3/5 2102/3/5 2090/3/5
f 2094/19/537 2087/2/537 2093/4/537
f 2143/3/521 2153/3/521 2149/3/521
f 2092/1/1 2087/2/1 2088/1/1
f 2095/3/520 2087/3/520 2091/3/520
f 2097/3/5 2086/3/5 2085/3/5
f 2101/3/552 2105/3/552 2106/3/552
f 2089/3/5 2097/3/5 2085/3/5
f 2105/3/544 2098/3/544 2103/3/544
f 2097/3/537 2103/4/537 2098/3/537
f 2096/3/669 2091/3/669 2092/3/669
f 2108/21/531 2109/20/531 2107/22/531
f 2110/24/344 2111/23/344 2109/20/344
f 2097/3/96 2106/3/96 2104/3/96
f 2083/3/1 1925/3/1 2081/3/1
f 2090/3/5 2101/3/5 2089/3/5
f 2094/3/542 2092/3/542 2088/3/542
f 2112/26/670 2113/25/670 2111/23/670
f 2114/28/532 2115/27/532 2113/25/532
f 2116/30/671 2117/29/671 2115/27/671
f 2118/32/672 2119/31/672 2117/29/672
f 2120/34/235 2121/33/235 2119/31/235
f 2122/36/533 2123/35/533 2121/33/533
f 2124/38/38 2125/37/38 2123/35/38
f 2126/40/345 2127/39/345 2125/37/345
f 2128/42/34 2129/41/34 2127/39/34
f 2130/44/527 2131/43/527 2129/41/527
f 2132/46/50 2133/45/50 2131/43/50
f 2134/48/49 2135/47/49 2133/45/49
f 2136/50/234 2137/49/234 2135/47/234
f 2138/52/530 2107/51/530 2137/49/530
f 2160/5/558 2155/6/558 2159/7/558
f 2145/8/673 2159/7/673 2146/9/673
f 2158/12/674 2155/6/674 2156/10/674
f 2173/3/519 2165/3/519 2174/3/519
f 2174/3/91 2163/3/91 2168/3/91
f 2169/6/561 2172/12/561 2170/10/561
f 2192/5/556 2169/6/556 2170/10/556
f 2161/8/557 2191/7/557 2192/11/557
f 2141/3/567 2157/3/567 2158/3/567
f 2100/3/5 2163/3/5 2099/3/5
f 2150/3/525 2152/3/525 2144/3/525
f 2155/6/562 2191/7/562 2159/7/562
f 2146/13/523 2196/16/523 2194/14/523
f 2162/13/552 2195/15/552 2196/16/552
f 2160/5/571 2170/10/571 2156/10/571
f 2147/3/5 2163/3/5 2165/3/5
f 2148/3/5 2165/3/5 2166/3/5
f 2157/17/566 2169/6/566 2155/6/566
f 2173/3/523 2164/3/523 2166/3/523
f 2170/10/570 2158/12/570 2156/10/570
f 2172/3/565 2141/3/565 2158/3/565
f 2142/3/564 2171/3/564 2157/3/564
f 2191/7/572 2146/9/572 2159/7/572
f 2193/18/569 2161/8/569 2145/8/569
f 2167/4/522 2163/3/522 2164/3/522
f 2171/3/563 2140/3/563 2172/3/563
f 2149/3/675 2154/3/675 2150/3/675
f 2161/8/568 2160/11/568 2145/8/568
f 2146/13/537 2193/18/537 2145/8/537
f 2182/5/539 2177/6/539 2178/10/539
f 2175/8/540 2181/7/540 2182/11/540
f 2190/5/534 2185/6/534 2189/7/534
f 2183/8/676 2189/7/676 2184/9/676
f 2188/12/536 2185/6/536 2186/10/536
f 2177/6/538 2180/12/538 2178/10/538
f 2177/6/543 2189/7/543 2185/6/543
f 2230/14/544 2184/13/544 2176/13/544
f 2184/13/519 2231/15/519 2183/8/519
f 2179/3/553 2141/3/553 2180/3/553
f 2142/3/549 2187/3/549 2139/3/549
f 2152/3/5 2153/3/5 2151/3/5
f 2173/3/1 2168/3/1 2167/3/1
f 2141/3/548 2188/3/548 2180/3/548
f 2179/17/546 2185/6/546 2187/17/546
f 2176/13/522 2229/18/522 2230/14/522
f 2140/3/541 2187/3/541 2188/3/541
f 2182/11/555 2183/8/555 2175/8/555
f 2229/18/551 2183/8/551 2231/15/551
f 2178/10/547 2188/12/547 2186/10/547
f 2182/5/545 2186/10/545 2190/5/545
f 2176/9/550 2189/7/550 2181/7/550
f 2143/2/522 2152/19/522 2151/4/522
f 2093/3/5 2096/3/5 2094/3/5
f 2104/3/1 2105/3/1 2103/3/1
f 2082/3/55 1925/3/55 1926/3/55
f 2200/54/1 2201/53/1 2197/53/1
f 2198/56/1 2207/55/1 2199/55/1
f 2209/58/413 2197/57/413 2198/56/413
f 2211/42/574 2200/54/574 2197/53/574
f 2212/59/573 2199/55/573 2200/54/573
f 2210/39/186 2198/56/186 2199/55/186
f 2202/60/413 2206/56/413 2201/57/413
f 2203/61/186 2207/55/186 2206/56/186
f 2204/31/573 2208/54/573 2207/55/573
f 2205/62/574 2201/53/574 2208/54/574
f 2197/57/1 2206/56/1 2198/56/1
f 2203/23/5 2205/62/5 2204/31/5
f 2199/55/1 2208/54/1 2200/54/1
f 2213/53/5 2224/54/5 2217/53/5
f 2214/56/5 2223/55/5 2215/55/5
f 2225/58/573 2213/57/573 2214/56/573
f 2227/42/574 2216/54/574 2213/53/574
f 2228/59/413 2215/55/413 2216/54/413
f 2226/39/186 2214/56/186 2215/55/186
f 2218/60/573 2222/56/573 2217/57/573
f 2219/61/186 2223/55/186 2222/56/186
f 2220/31/413 2224/54/413 2223/55/413
f 2221/62/574 2217/53/574 2224/54/574
f 2214/56/5 2217/57/5 2222/56/5
f 2219/23/1 2221/62/1 2220/31/1
f 2215/55/5 2224/54/5 2216/54/5
f 2100/3/5 2166/3/5 2164/3/5
f 2084/3/35 1927/3/35 2083/3/35
f 2084/3/5 1926/3/5 1928/3/5
f 2235/3/1 2077/3/1 2233/3/1
f 2234/3/55 2077/3/55 2078/3/55
f 2236/3/35 2079/3/35 2235/3/35
f 2236/3/5 2078/3/5 2080/3/5
f 2228/3/5 2225/3/5 2226/3/5
f 2212/3/1 2209/3/1 2210/3/1
f 2238/3/5 2252/3/5 2242/3/5
f 2246/19/304 2239/2/304 2245/4/304
f 2240/1/1 2243/2/1 2239/2/1
f 2247/3/303 2239/3/303 2243/3/303
f 2249/3/5 2238/3/5 2237/3/5
f 2251/3/302 2255/3/302 2256/3/302
f 2241/3/5 2249/3/5 2237/3/5
f 2255/3/305 2250/3/305 2253/3/305
f 2249/3/304 2253/4/304 2250/3/304
f 2248/3/677 2243/3/677 2244/3/677
f 2258/21/316 2259/20/316 2257/22/316
f 2260/24/315 2261/23/315 2259/20/315
f 2249/3/309 2256/3/309 2254/3/309
f 2242/3/5 2251/3/5 2241/3/5
f 2246/3/310 2244/3/310 2240/3/310
f 2262/26/678 2263/25/678 2261/23/678
f 2264/28/313 2265/27/313 2263/25/313
f 2266/30/312 2267/29/312 2265/27/312
f 2268/32/679 2269/31/679 2267/29/679
f 2270/34/308 2271/33/308 2269/31/308
f 2272/36/307 2273/35/307 2271/33/307
f 2274/38/579 2275/37/579 2273/35/579
f 2276/40/323 2277/39/323 2275/37/323
f 2278/42/680 2279/41/680 2277/39/680
f 2280/44/321 2281/43/321 2279/41/321
f 2282/46/320 2283/45/320 2281/43/320
f 2284/48/681 2285/47/681 2283/45/681
f 2286/50/318 2287/49/318 2285/47/318
f 2288/52/682 2257/51/682 2287/49/682
f 2300/5/329 2295/6/329 2299/7/329
f 2293/8/683 2299/7/683 2294/9/683
f 2298/12/328 2295/6/328 2296/10/328
f 2303/6/327 2306/12/327 2304/10/327
f 2308/5/325 2303/6/325 2304/10/325
f 2301/8/684 2307/7/684 2308/11/684
f 2291/3/342 2297/3/342 2298/3/342
f 2295/6/685 2307/7/685 2299/7/685
f 2302/13/333 2310/14/333 2294/13/333
f 2302/13/302 2311/15/302 2312/16/302
f 2300/5/335 2304/10/335 2296/10/335
f 2297/17/336 2303/6/336 2295/6/336
f 2296/10/337 2306/12/337 2298/12/337
f 2306/3/338 2291/3/338 2298/3/338
f 2292/3/339 2305/3/339 2297/3/339
f 2307/7/340 2294/9/340 2299/7/340
f 2309/18/341 2301/8/341 2293/8/341
f 2305/3/331 2290/3/331 2306/3/331
f 2301/8/343 2300/11/343 2293/8/343
f 2294/13/334 2309/18/334 2293/8/334
f 2245/3/5 2248/3/5 2246/3/5
f 2254/3/1 2255/3/1 2253/3/1
f 2317/53/1 2316/54/1 2313/53/1
f 2315/55/1 2322/56/1 2314/56/1
f 2313/57/93 2325/58/93 2314/56/93
f 2316/54/94 2327/42/94 2313/53/94
f 2315/55/95 2328/59/95 2316/54/95
f 2314/56/92 2326/39/92 2315/55/92
f 2322/56/93 2318/60/93 2317/57/93
f 2323/55/92 2319/61/92 2322/56/92
f 2324/54/95 2320/31/95 2323/55/95
f 2317/53/94 2321/62/94 2324/54/94
f 2314/56/1 2317/57/1 2313/57/1
f 2319/23/5 2321/62/5 2318/63/5
f 2324/54/1 2315/55/1 2316/54/1
f 2329/53/5 2340/54/5 2332/54/5
f 2339/55/5 2330/56/5 2331/55/5
f 2329/57/95 2341/58/95 2330/56/95
f 2332/54/94 2343/42/94 2329/53/94
f 2331/55/93 2344/59/93 2332/54/93
f 2330/56/92 2342/39/92 2331/55/92
f 2338/56/95 2334/60/95 2333/57/95
f 2339/55/92 2335/61/92 2338/56/92
f 2340/54/93 2336/31/93 2339/55/93
f 2333/53/94 2337/62/94 2340/54/94
f 2330/56/5 2333/57/5 2329/57/5
f 2336/31/1 2334/63/1 2335/23/1
f 2340/54/5 2331/55/5 2332/54/5
f 2341/3/5 2344/3/5 2342/3/5
f 2326/3/1 2327/3/1 2328/3/1
f 2356/1/1 2351/2/1 2352/1/1
f 2359/3/602 2351/3/602 2355/3/602
f 2363/3/605 2367/3/605 2368/3/605
f 2361/3/601 2368/3/601 2366/3/601
f 2361/3/5 2350/3/5 2349/3/5
f 2358/3/604 2356/3/604 2352/3/604
f 2353/3/5 2361/3/5 2349/3/5
f 2354/3/5 2363/3/5 2353/3/5
f 2367/3/16 2362/3/16 2365/3/16
f 2361/3/603 2365/4/603 2362/3/603
f 2360/3/605 2355/3/605 2356/3/605
f 2378/5/686 2373/6/686 2377/7/686
f 2371/8/687 2377/7/687 2372/9/687
f 2386/5/606 2381/6/606 2382/10/606
f 2379/8/688 2385/7/688 2386/11/688
f 2381/6/611 2384/12/611 2382/10/611
f 2376/12/610 2373/6/610 2374/10/610
f 2373/6/689 2385/7/689 2377/7/689
f 2380/13/7 2388/14/7 2372/13/7
f 2380/13/605 2389/15/605 2390/16/605
f 7/3/618 2375/3/618 2376/3/618
f 8/3/615 2383/3/615 2375/3/615
f 2358/3/5 2359/3/5 2360/3/5
f 2366/3/1 2367/3/1 2365/3/1
f 2384/3/616 7/3/616 2376/3/616
f 2375/17/617 2381/6/617 2373/6/617
f 2372/13/603 2387/18/603 2371/8/603
f 2383/3/614 6/3/614 2384/3/614
f 2379/8/619 2378/11/619 2371/8/619
f 2387/18/690 2379/8/690 2371/8/690
f 2382/10/621 2376/12/621 2374/10/621
f 2378/5/622 2382/10/622 2374/10/622
f 2385/7/623 2372/9/623 2377/7/623
f 2358/19/603 2351/2/603 2357/4/603
f 2350/3/5 2364/3/5 2354/3/5
f 2400/3/5 2416/3/5 2412/3/5
f 2401/2/54 2408/19/54 2407/4/54
f 2400/3/5 2411/3/5 2399/3/5
f 2419/3/70 2415/3/70 2420/3/70
f 2403/3/5 2411/3/5 2415/3/5
f 2419/3/62 2412/3/62 2416/3/62
f 2417/4/54 2411/3/54 2412/3/54
f 2405/3/691 2410/3/691 2406/3/691
f 2423/20/43 2422/21/43 2421/22/43
f 2425/23/44 2424/24/44 2423/20/44
f 2418/3/55 2415/3/55 2411/3/55
f 2345/3/1 2397/3/1 2395/3/1
f 2404/3/5 2415/3/5 2416/3/5
f 2427/25/692 2426/26/692 2425/23/692
f 2429/27/531 2428/28/531 2427/25/531
f 2431/29/47 2430/30/47 2429/27/47
f 2433/31/693 2432/32/693 2431/29/693
f 2435/33/49 2434/34/49 2433/31/49
f 2437/35/50 2436/36/50 2435/33/50
f 2439/37/33 2438/38/33 2437/35/33
f 2441/39/34 2440/40/34 2439/37/34
f 2443/41/694 2442/42/694 2441/39/694
f 2445/43/695 2444/44/695 2443/41/695
f 2447/45/39 2446/46/39 2445/43/39
f 2449/47/696 2448/48/696 2447/45/696
f 2451/49/41 2450/50/41 2449/47/41
f 2421/51/42 2452/52/42 2451/49/42
f 2474/5/697 2469/6/697 2470/10/697
f 2459/8/77 2473/7/77 2474/11/77
f 2469/6/78 2472/12/78 2470/10/78
f 2479/3/27 2487/3/27 2488/3/27
f 2477/3/35 2488/3/35 2482/3/35
f 2486/12/79 2483/6/79 2484/10/79
f 2506/5/74 2483/6/74 2505/7/74
f 2475/8/698 2505/7/698 2476/9/698
f 2471/3/85 2455/3/85 2472/3/85
f 2477/3/5 2414/3/5 2413/3/5
f 2469/6/699 2505/7/699 2483/6/699
f 2508/14/31 2476/13/31 2460/13/31
f 2476/13/70 2509/15/70 2475/8/70
f 2474/5/89 2484/10/89 2506/5/89
f 2461/3/5 2477/3/5 2413/3/5
f 2462/3/5 2479/3/5 2461/3/5
f 2471/17/84 2483/6/84 2485/17/84
f 2487/3/31 2478/3/31 2481/3/31
f 2472/12/88 2484/10/88 2470/10/88
f 2455/3/83 2486/3/83 2472/3/83
f 2456/3/82 2485/3/82 2453/3/82
f 2460/9/90 2505/7/90 2473/7/90
f 2507/18/87 2475/8/87 2509/15/87
f 2477/3/30 2481/4/30 2478/3/30
f 2454/3/81 2485/3/81 2486/3/81
f 2468/3/700 2463/3/700 2464/3/700
f 2474/11/86 2475/8/86 2459/8/86
f 2460/13/54 2507/18/54 2508/14/54
f 2496/5/57 2491/6/57 2495/7/57
f 2489/8/701 2495/7/701 2490/9/701
f 2504/5/702 2499/6/702 2500/10/702
f 2497/8/52 2503/7/52 2504/11/52
f 2499/6/53 2502/12/53 2500/10/53
f 2494/12/56 2491/6/56 2492/10/56
f 2491/6/703 2503/7/703 2495/7/703
f 2490/13/62 2546/16/62 2544/14/62
f 2498/13/27 2545/15/27 2546/16/27
f 2455/3/71 2493/3/71 2494/3/71
f 2456/3/67 2501/3/67 2493/3/67
f 2466/3/5 2467/3/5 2468/3/5
f 2482/3/1 2487/3/1 2481/3/1
f 2502/3/66 2455/3/66 2494/3/66
f 2493/17/64 2499/6/64 2491/6/64
f 2490/13/30 2543/18/30 2489/8/30
f 2501/3/59 2454/3/59 2502/3/59
f 2497/8/73 2496/11/73 2489/8/73
f 2543/18/69 2497/8/69 2489/8/69
f 2500/10/65 2494/12/65 2492/10/65
f 2496/5/63 2500/10/63 2492/10/63
f 2503/7/68 2490/9/68 2495/7/68
f 2466/19/30 2457/2/30 2465/4/30
f 2410/3/5 2407/3/5 2408/3/5
f 2419/3/1 2418/3/1 2417/3/1
f 2345/3/96 2396/3/96 2346/3/96
f 2515/53/1 2514/54/1 2511/53/1
f 2521/55/1 2512/56/1 2513/55/1
f 2511/57/94 2523/58/94 2512/56/94
f 2514/54/95 2525/42/95 2511/53/95
f 2513/55/92 2526/59/92 2514/54/92
f 2512/56/93 2524/39/93 2513/55/93
f 2520/56/94 2516/60/94 2515/57/94
f 2521/55/93 2517/61/93 2520/56/93
f 2522/54/92 2518/31/92 2521/55/92
f 2515/53/95 2519/62/95 2522/54/95
f 2520/56/1 2511/57/1 2512/56/1
f 2517/23/5 2519/62/5 2516/63/5
f 2522/54/1 2513/55/1 2514/54/1
f 2527/53/5 2538/54/5 2530/54/5
f 2529/55/5 2536/56/5 2528/56/5
f 2527/57/92 2539/58/92 2528/56/92
f 2530/54/95 2541/42/95 2527/53/95
f 2529/55/94 2542/59/94 2530/54/94
f 2528/56/93 2540/39/93 2529/55/93
f 2536/56/92 2532/60/92 2531/57/92
f 2537/55/93 2533/61/93 2536/56/93
f 2538/54/94 2534/31/94 2537/55/94
f 2531/53/95 2535/62/95 2538/54/95
f 2528/56/5 2531/57/5 2527/57/5
f 2534/31/1 2532/63/1 2533/23/1
f 2538/54/5 2529/55/5 2530/54/5
f 2478/3/5 2462/3/5 2414/3/5
f 2347/3/91 2398/3/91 2397/3/91
f 2348/3/5 2396/3/5 2398/3/5
f 2391/3/1 2549/3/1 2547/3/1
f 2391/3/96 2548/3/96 2392/3/96
f 2393/3/91 2550/3/91 2549/3/91
f 2394/3/5 2548/3/5 2550/3/5
f 2539/3/5 2542/3/5 2540/3/5
f 2524/3/1 2525/3/1 2526/3/1
f 2620/1/1 2613/2/1 2614/1/1
f 2556/3/5 2572/3/5 2568/3/5
f 2557/2/152 2564/19/152 2563/4/152
f 2623/3/99 2613/3/99 2619/3/99
f 2557/2/1 2562/1/1 2558/1/1
f 2557/3/98 2565/3/98 2561/3/98
f 2556/3/5 2567/3/5 2555/3/5
f 2575/3/142 2571/3/142 2576/3/142
f 2559/3/5 2567/3/5 2571/3/5
f 2575/3/133 2568/3/133 2572/3/133
f 2573/4/125 2567/3/125 2568/3/125
f 2561/3/704 2566/3/704 2562/3/704
f 2579/20/114 2578/21/114 2577/22/114
f 2581/23/656 2580/24/656 2579/20/656
f 2574/3/126 2571/3/126 2567/3/126
f 2395/3/1 2553/3/1 2551/3/1
f 2560/3/5 2571/3/5 2572/3/5
f 2562/3/131 2564/3/131 2558/3/131
f 2583/25/474 2582/26/474 2581/23/474
f 2587/29/118 2586/30/118 2585/27/118
f 2589/31/299 2588/32/299 2587/29/299
f 2591/33/120 2590/34/120 2589/31/120
f 2593/35/121 2592/36/121 2591/33/121
f 2595/37/104 2594/38/104 2593/35/104
f 2597/39/300 2596/40/300 2595/37/300
f 2599/41/705 2598/42/705 2597/39/705
f 2601/43/706 2600/44/706 2599/41/706
f 2603/45/110 2602/46/110 2601/43/110
f 2605/47/476 2604/48/476 2603/45/476
f 2607/49/112 2606/50/112 2605/47/112
f 2577/51/113 2608/52/113 2607/49/113
f 2630/5/147 2625/6/147 2626/10/147
f 2615/8/148 2629/7/148 2630/11/148
f 2625/6/149 2628/12/149 2626/10/149
f 2635/3/102 2643/3/102 2644/3/102
f 2633/3/106 2644/3/106 2638/3/106
f 2642/12/150 2639/6/150 2640/10/150
f 2662/5/145 2639/6/145 2661/7/145
f 2631/8/707 2661/7/707 2632/9/707
f 2627/3/708 2611/3/708 2628/3/708
f 2633/3/5 2570/3/5 2569/3/5
f 2622/3/107 2620/3/107 2614/3/107
f 2625/6/709 2661/7/709 2639/6/709
f 2664/14/101 2632/13/101 2616/13/101
f 2632/13/710 2665/15/710 2631/8/710
f 2630/5/161 2640/10/161 2662/5/161
f 2617/3/5 2633/3/5 2569/3/5
f 2618/3/5 2635/3/5 2617/3/5
f 2627/17/156 2639/6/156 2641/17/156
f 2643/3/101 2634/3/101 2637/3/101
f 2628/12/160 2640/10/160 2626/10/160
f 2611/3/155 2642/3/155 2628/3/155
f 2612/3/154 2641/3/154 2609/3/154
f 2616/9/711 2661/7/711 2629/7/711
f 2663/18/712 2631/8/712 2665/15/712
f 2633/3/100 2637/4/100 2634/3/100
f 2610/3/153 2641/3/153 2642/3/153
f 2624/3/102 2619/3/102 2620/3/102
f 2630/11/158 2631/8/158 2615/8/158
f 2616/13/152 2663/18/152 2664/14/152
f 2652/5/128 2647/6/128 2651/7/128
f 2645/8/713 2651/7/713 2646/9/713
f 2660/5/122 2655/6/122 2656/10/122
f 2653/8/123 2659/7/123 2660/11/123
f 2655/6/124 2658/12/124 2656/10/124
f 2650/12/127 2647/6/127 2648/10/127
f 2647/6/714 2659/7/714 2651/7/714
f 2654/13/133 2700/14/133 2646/13/133
f 2654/13/97 2701/15/97 2702/16/97
f 2611/3/143 2649/3/143 2650/3/143
f 2612/3/139 2657/3/139 2649/3/139
f 2621/3/5 2624/3/5 2622/3/5
f 2638/3/1 2643/3/1 2637/3/1
f 2658/3/138 2611/3/138 2650/3/138
f 2649/17/136 2655/6/136 2647/6/136
f 2646/13/100 2699/18/100 2645/8/100
f 2657/3/715 2610/3/715 2658/3/715
f 2653/8/144 2652/11/144 2645/8/144
f 2699/18/716 2653/8/716 2645/8/716
f 2656/10/137 2650/12/137 2648/10/137
f 2652/5/135 2656/10/135 2648/10/135
f 2659/7/717 2646/9/717 2651/7/717
f 2622/19/100 2613/2/100 2621/4/100
f 2564/3/5 2565/3/5 2563/3/5
f 2575/3/1 2574/3/1 2573/3/1
f 2395/3/168 2552/3/168 2396/3/168
f 2671/53/1 2670/54/1 2667/53/1
f 2677/55/1 2668/56/1 2669/55/1
f 2667/57/166 2679/58/166 2668/56/166
f 2670/54/167 2681/42/167 2667/53/167
f 2669/55/164 2682/59/164 2670/54/164
f 2668/56/165 2680/39/165 2669/55/165
f 2676/56/166 2672/60/166 2671/57/166
f 2677/55/165 2673/61/165 2676/56/165
f 2678/54/164 2674/31/164 2677/55/164
f 2671/53/167 2675/62/167 2678/54/167
f 2676/56/1 2667/57/1 2668/56/1
f 2673/23/5 2675/62/5 2672/63/5
f 2670/54/1 2677/55/1 2669/55/1
f 2687/53/5 2686/54/5 2683/53/5
f 2685/55/5 2692/56/5 2684/56/5
f 2683/57/164 2695/58/164 2684/56/164
f 2686/54/167 2697/42/167 2683/53/167
f 2685/55/166 2698/59/166 2686/54/166
f 2684/56/165 2696/39/165 2685/55/165
f 2692/56/164 2688/60/164 2687/57/164
f 2693/55/165 2689/61/165 2692/56/165
f 2694/54/166 2690/31/166 2693/55/166
f 2687/53/167 2691/62/167 2694/54/167
f 2692/56/5 2683/57/5 2684/56/5
f 2690/31/1 2688/63/1 2689/23/1
f 2686/54/5 2693/55/5 2685/55/5
f 2570/3/5 2636/3/5 2618/3/5
f 2397/3/163 2554/3/163 2553/3/163
f 2554/3/5 2396/3/5 2552/3/5
f 2547/3/1 2705/3/1 2703/3/1
f 2547/3/168 2704/3/168 2548/3/168
f 2549/3/163 2706/3/163 2705/3/163
f 2706/3/5 2548/3/5 2704/3/5
f 2695/3/5 2698/3/5 2696/3/5
f 2680/3/1 2681/3/1 2682/3/1
f 2776/1/1 2769/2/1 2770/1/1
f 2712/3/5 2728/3/5 2724/3/5
f 2713/2/195 2720/19/195 2719/4/195
f 2779/3/171 2769/3/171 2775/3/171
f 2714/1/1 2717/2/1 2718/1/1
f 2713/3/170 2721/3/170 2717/3/170
f 2712/3/5 2723/3/5 2711/3/5
f 2731/3/718 2727/3/718 2732/3/718
f 2715/3/5 2723/3/5 2727/3/5
f 2731/3/203 2724/3/203 2728/3/203
f 2729/4/195 2723/3/195 2724/3/195
f 2717/3/718 2722/3/718 2718/3/718
f 2735/20/184 2734/21/184 2733/22/184
f 2737/23/185 2736/24/185 2735/20/185
f 2732/3/196 2723/3/196 2730/3/196
f 2551/3/1 2709/3/1 2707/3/1
f 2716/3/5 2727/3/5 2728/3/5
f 2718/3/201 2720/3/201 2714/3/201
f 2739/25/640 2738/26/640 2737/23/640
f 2741/27/187 2740/28/187 2739/25/187
f 2743/29/719 2742/30/719 2741/27/719
f 2745/31/720 2744/32/720 2743/29/720
f 2747/33/190 2746/34/190 2745/31/190
f 2749/35/191 2748/36/191 2747/33/191
f 2751/37/174 2750/38/174 2749/35/174
f 2753/39/175 2752/40/175 2751/37/175
f 2755/41/574 2754/42/574 2753/39/574
f 2757/43/179 2756/44/179 2755/41/179
f 2759/45/419 2758/46/419 2757/43/419
f 2761/47/418 2760/48/418 2759/45/418
f 2763/49/182 2762/50/182 2761/47/182
f 2733/51/183 2764/52/183 2763/49/183
f 2786/5/218 2781/6/218 2782/10/218
f 2771/8/721 2785/7/721 2786/11/721
f 2781/6/220 2784/12/220 2782/10/220
f 2791/3/169 2799/3/169 2800/3/169
f 2794/3/176 2791/3/176 2800/3/176
f 2798/12/221 2795/6/221 2796/10/221
f 2818/5/722 2795/6/722 2817/7/722
f 2787/8/723 2817/7/723 2788/9/723
f 2783/3/227 2767/3/227 2784/3/227
f 2789/3/5 2726/3/5 2725/3/5
f 2778/3/177 2776/3/177 2770/3/177
f 2781/6/222 2817/7/222 2795/6/222
f 2772/13/173 2822/16/173 2788/13/173
f 2788/13/212 2821/15/212 2787/8/212
f 2786/5/231 2796/10/231 2818/5/231
f 2773/3/5 2789/3/5 2725/3/5
f 2774/3/5 2791/3/5 2773/3/5
f 2783/17/226 2795/6/226 2797/17/226
f 2799/3/173 2790/3/173 2793/3/173
f 2784/12/230 2796/10/230 2782/10/230
f 2767/3/225 2798/3/225 2784/3/225
f 2768/3/224 2797/3/224 2765/3/224
f 2772/9/724 2817/7/724 2785/7/724
f 2819/18/725 2787/8/725 2821/15/725
f 2789/3/204 2793/4/204 2790/3/204
f 2766/3/726 2797/3/726 2798/3/726
f 2780/3/727 2775/3/727 2776/3/727
f 2786/11/228 2787/8/228 2771/8/228
f 2772/13/195 2819/18/195 2820/14/195
f 2808/5/728 2803/6/728 2807/7/728
f 2801/8/729 2807/7/729 2802/9/729
f 2816/5/192 2811/6/192 2812/10/192
f 2809/8/730 2815/7/730 2816/11/730
f 2811/6/194 2814/12/194 2812/10/194
f 2806/12/197 2803/6/197 2804/10/197
f 2803/6/202 2815/7/202 2807/7/202
f 2810/13/203 2856/14/203 2802/13/203
f 2810/13/169 2857/15/169 2858/16/169
f 2767/3/731 2805/3/731 2806/3/731
f 2768/3/209 2813/3/209 2805/3/209
f 2778/3/5 2779/3/5 2780/3/5
f 2793/3/1 2800/3/1 2799/3/1
f 2814/3/208 2767/3/208 2806/3/208
f 2805/17/206 2811/6/206 2803/6/206
f 2802/13/204 2855/18/204 2801/8/204
f 2813/3/200 2766/3/200 2814/3/200
f 2809/8/215 2808/11/215 2801/8/215
f 2855/18/732 2809/8/732 2801/8/732
f 2812/10/207 2806/12/207 2804/10/207
f 2808/5/205 2812/10/205 2804/10/205
f 2815/7/733 2802/9/733 2807/7/733
f 2778/19/204 2769/2/204 2777/4/204
f 2722/3/5 2719/3/5 2720/3/5
f 2729/3/1 2732/3/1 2730/3/1
f 2551/3/236 2708/3/236 2552/3/236
f 2827/53/1 2826/54/1 2823/53/1
f 2833/55/1 2824/56/1 2825/55/1
f 2823/57/235 2835/58/235 2824/56/235
f 2826/54/34 2837/42/34 2823/53/34
f 2825/55/234 2838/59/234 2826/54/234
f 2824/56/44 2836/39/44 2825/55/44
f 2832/56/235 2828/60/235 2827/57/235
f 2833/55/44 2829/61/44 2832/56/44
f 2834/54/234 2830/31/234 2833/55/234
f 2827/53/34 2831/62/34 2834/54/34
f 2832/56/1 2823/57/1 2824/56/1
f 2829/23/5 2831/62/5 2828/63/5
f 2834/54/1 2825/55/1 2826/54/1
f 2839/53/5 2850/54/5 2842/54/5
f 2849/55/5 2840/56/5 2841/55/5
f 2839/57/234 2851/58/234 2840/56/234
f 2842/54/34 2853/42/34 2839/53/34
f 2841/55/235 2854/59/235 2842/54/235
f 2840/56/44 2852/39/44 2841/55/44
f 2848/56/234 2844/60/234 2843/57/234
f 2849/55/44 2845/61/44 2848/56/44
f 2850/54/235 2846/31/235 2849/55/235
f 2843/53/34 2847/62/34 2850/54/34
f 2840/56/5 2843/57/5 2839/57/5
f 2845/23/1 2847/62/1 2844/63/1
f 2842/54/5 2849/55/5 2841/55/5
f 2790/3/5 2774/3/5 2726/3/5
f 2553/3/233 2710/3/233 2709/3/233
f 2554/3/5 2708/3/5 2710/3/5
f 2703/3/1 2861/3/1 2859/3/1
f 2703/3/236 2860/3/236 2704/3/236
f 2705/3/233 2862/3/233 2861/3/233
f 2706/3/5 2860/3/5 2862/3/5
f 2851/3/5 2854/3/5 2852/3/5
f 2836/3/1 2837/3/1 2838/3/1
f 2932/1/1 2925/2/1 2926/1/1
f 2868/3/5 2884/3/5 2880/3/5
f 2869/2/261 2876/19/261 2875/4/261
f 2935/3/239 2925/3/239 2931/3/239
f 2869/2/1 2874/1/1 2870/1/1
f 2869/3/238 2877/3/238 2873/3/238
f 2868/3/5 2879/3/5 2867/3/5
f 2887/3/277 2883/3/277 2888/3/277
f 2871/3/5 2879/3/5 2883/3/5
f 2887/3/269 2880/3/269 2884/3/269
f 2885/4/261 2879/3/261 2880/3/261
f 2873/3/734 2878/3/734 2874/3/734
f 2891/20/252 2890/21/252 2889/22/252
f 2893/23/92 2892/24/92 2891/20/92
f 2888/3/262 2879/3/262 2886/3/262
f 2707/3/1 2865/3/1 2863/3/1
f 2872/3/5 2883/3/5 2884/3/5
f 2874/3/267 2876/3/267 2870/3/267
f 2895/25/735 2894/26/735 2893/23/735
f 2897/27/254 2896/28/254 2895/25/254
f 2899/29/736 2898/30/736 2897/27/736
f 2901/31/737 2900/32/737 2899/29/737
f 2903/33/256 2902/34/256 2901/31/256
f 2905/35/257 2904/36/257 2903/33/257
f 2907/37/243 2906/38/243 2905/35/243
f 2909/39/94 2908/40/94 2907/37/94
f 2911/41/357 2910/42/357 2909/39/357
f 2913/43/247 2912/44/247 2911/41/247
f 2915/45/366 2914/46/366 2913/43/366
f 2917/47/93 2916/48/93 2915/45/93
f 2919/49/250 2918/50/250 2917/47/250
f 2889/51/251 2920/52/251 2919/49/251
f 2942/5/283 2937/6/283 2938/10/283
f 2927/8/284 2941/7/284 2942/11/284
f 2937/6/738 2940/12/738 2938/10/738
f 2947/3/237 2955/3/237 2956/3/237
f 2945/3/244 2956/3/244 2950/3/244
f 2954/12/286 2951/6/286 2952/10/286
f 2974/5/281 2951/6/281 2973/7/281
f 2943/8/739 2973/7/739 2944/9/739
f 2939/3/292 2923/3/292 2940/3/292
f 2945/3/5 2882/3/5 2881/3/5
f 2934/3/245 2932/3/245 2926/3/245
f 2937/6/287 2973/7/287 2951/6/287
f 2928/13/241 2978/16/241 2944/13/241
f 2944/13/277 2977/15/277 2943/8/277
f 2942/5/296 2952/10/296 2974/5/296
f 2929/3/5 2945/3/5 2881/3/5
f 2930/3/5 2947/3/5 2929/3/5
f 2939/17/291 2951/6/291 2953/17/291
f 2955/3/241 2946/3/241 2949/3/241
f 2940/12/295 2952/10/295 2938/10/295
f 2923/3/290 2954/3/290 2940/3/290
f 2924/3/289 2953/3/289 2921/3/289
f 2928/9/297 2973/7/297 2941/7/297
f 2975/18/294 2943/8/294 2977/15/294
f 2945/3/240 2949/4/240 2946/3/240
f 2922/3/288 2953/3/288 2954/3/288
f 2936/3/740 2931/3/740 2932/3/740
f 2942/11/293 2943/8/293 2927/8/293
f 2928/13/261 2975/18/261 2976/14/261
f 2964/5/264 2959/6/264 2963/7/264
f 2957/8/741 2963/7/741 2958/9/741
f 2972/5/258 2967/6/258 2968/10/258
f 2965/8/259 2971/7/259 2972/11/259
f 2967/6/742 2970/12/742 2968/10/742
f 2962/12/263 2959/6/263 2960/10/263
f 2959/6/268 2971/7/268 2963/7/268
f 2966/13/269 3012/14/269 2958/13/269
f 2966/13/237 3013/15/237 3014/16/237
f 2923/3/278 2961/3/278 2962/3/278
f 2924/3/274 2969/3/274 2961/3/274
f 2934/3/5 2935/3/5 2936/3/5
f 2950/3/1 2955/3/1 2949/3/1
f 2970/3/273 2923/3/273 2962/3/273
f 2961/17/271 2967/6/271 2959/6/271
f 2958/13/240 3011/18/240 2957/8/240
f 2969/3/266 2922/3/266 2970/3/266
f 2965/8/280 2964/11/280 2957/8/280
f 3011/18/276 2965/8/276 2957/8/276
f 2960/10/272 2970/12/272 2962/12/272
f 2964/5/270 2968/10/270 2960/10/270
f 2971/7/275 2958/9/275 2963/7/275
f 2934/19/240 2925/2/240 2933/4/240
f 2878/3/5 2875/3/5 2876/3/5
f 2885/3/1 2888/3/1 2886/3/1
f 2707/3/301 2864/3/301 2708/3/301
f 2983/53/1 2982/54/1 2979/53/1
f 2989/55/1 2980/56/1 2981/55/1
f 2979/57/111 2991/58/111 2980/56/111
f 2982/54/300 2993/42/300 2979/53/300
f 2981/55/299 2994/59/299 2982/54/299
f 2980/56/115 2992/39/115 2981/55/115
f 2988/56/111 2984/60/111 2983/57/111
f 2989/55/115 2985/61/115 2988/56/115
f 2990/54/299 2986/31/299 2989/55/299
f 2983/53/300 2987/62/300 2990/54/300
f 2988/56/1 2979/57/1 2980/56/1
f 2985/23/5 2987/62/5 2984/63/5
f 2990/54/1 2981/55/1 2982/54/1
f 2995/53/5 3006/54/5 2998/54/5
f 3005/55/5 2996/56/5 2997/55/5
f 2995/57/299 3007/58/299 2996/56/299
f 2998/54/300 3009/42/300 2995/53/300
f 2997/55/111 3010/59/111 2998/54/111
f 2996/56/115 3008/39/115 2997/55/115
f 3004/56/299 3000/60/299 2999/57/299
f 3005/55/115 3001/61/115 3004/56/115
f 3006/54/111 3002/31/111 3005/55/111
f 2999/53/300 3003/62/300 3006/54/300
f 2996/56/5 2999/57/5 2995/57/5
f 3001/23/1 3003/62/1 3000/63/1
f 3006/54/5 2997/55/5 2998/54/5
f 2882/3/5 2948/3/5 2930/3/5
f 2709/3/298 2866/3/298 2865/3/298
f 2866/3/5 2708/3/5 2864/3/5
f 2859/3/1 3017/3/1 3015/3/1
f 2859/3/301 3016/3/301 2860/3/301
f 2861/3/298 3018/3/298 3017/3/298
f 3018/3/5 2860/3/5 3016/3/5
f 3007/3/5 3010/3/5 3008/3/5
f 2991/3/1 2994/3/1 2992/3/1
f 3020/3/5 3034/3/5 3032/3/5
f 3021/2/577 3028/19/577 3027/4/577
f 3022/1/1 3025/2/1 3026/1/1
f 3021/3/576 3029/3/576 3025/3/576
f 3020/3/5 3031/3/5 3019/3/5
f 3037/3/575 3033/3/575 3038/3/575
f 3023/3/5 3031/3/5 3033/3/5
f 3037/3/333 3032/3/333 3034/3/333
f 3035/4/577 3031/3/577 3032/3/577
f 3025/3/743 3030/3/743 3026/3/743
f 3041/20/317 3040/21/317 3039/22/317
f 3043/23/318 3042/24/318 3041/20/318
f 3038/3/580 3031/3/580 3036/3/580
f 3024/3/5 3033/3/5 3034/3/5
f 3026/3/581 3028/3/581 3022/3/581
f 3045/25/681 3044/26/681 3043/23/681
f 3047/27/320 3046/28/320 3045/25/320
f 3049/29/321 3048/30/321 3047/27/321
f 3051/31/680 3050/32/680 3049/29/680
f 3053/33/323 3052/34/323 3051/31/323
f 3055/35/579 3054/36/579 3053/33/579
f 3057/37/307 3056/38/307 3055/35/307
f 3059/39/308 3058/40/308 3057/37/308
f 3061/41/679 3060/42/679 3059/39/679
f 3063/43/312 3062/44/312 3061/41/312
f 3065/45/313 3064/46/313 3063/43/313
f 3067/47/678 3066/48/678 3065/45/678
f 3069/49/315 3068/50/315 3067/47/315
f 3039/51/744 3070/52/744 3069/49/744
f 3078/5/587 3073/6/587 3074/10/587
f 3071/8/745 3077/7/745 3078/11/745
f 3073/6/586 3076/12/586 3074/10/586
f 3084/12/585 3081/6/585 3082/10/585
f 3086/5/583 3081/6/583 3085/7/583
f 3079/8/746 3085/7/746 3080/9/746
f 3075/3/598 2291/3/598 3076/3/598
f 3073/6/747 3085/7/747 3081/6/747
f 3088/14/305 3080/13/305 3072/13/305
f 3080/13/600 3089/15/600 3079/8/600
f 3078/5/591 3082/10/591 3086/5/591
f 3075/17/592 3081/6/592 3083/17/592
f 3074/10/593 3084/12/593 3082/10/593
f 2291/3/594 3084/3/594 3076/3/594
f 2292/3/595 3083/3/595 2289/3/595
f 3072/9/596 3085/7/596 3077/7/596
f 3087/18/597 3079/8/597 3089/15/597
f 2290/3/589 3083/3/589 3084/3/589
f 3078/11/599 3079/8/599 3071/8/599
f 3072/13/577 3087/18/577 3088/14/577
f 3030/3/5 3027/3/5 3028/3/5
f 3037/3/1 3036/3/1 3035/3/1
f 3094/54/1 3095/53/1 3091/53/1
f 3093/55/1 3100/56/1 3101/55/1
f 3103/58/49 3091/57/49 3092/56/49
f 3105/42/345 3094/54/345 3091/53/345
f 3106/59/41 3093/55/41 3094/54/41
f 3104/39/344 3092/56/344 3093/55/344
f 3096/60/49 3100/56/49 3095/57/49
f 3097/61/344 3101/55/344 3100/56/344
f 3098/31/41 3102/54/41 3101/55/41
f 3099/62/345 3095/53/345 3102/54/345
f 3092/56/1 3095/57/1 3100/56/1
f 3097/23/5 3099/62/5 3098/31/5
f 3093/55/1 3102/54/1 3094/54/1
f 3107/53/5 3118/54/5 3111/53/5
f 3108/56/5 3117/55/5 3109/55/5
f 3119/58/41 3107/57/41 3108/56/41
f 3121/42/345 3110/54/345 3107/53/345
f 3122/59/49 3109/55/49 3110/54/49
f 3120/39/344 3108/56/344 3109/55/344
f 3112/60/41 3116/56/41 3111/57/41
f 3113/61/344 3117/55/344 3116/56/344
f 3114/31/49 3118/54/49 3117/55/49
f 3115/62/345 3111/53/345 3118/54/345
f 3108/56/5 3111/57/5 3116/56/5
f 3112/63/1 3114/31/1 3113/23/1
f 3109/55/5 3118/54/5 3110/54/5
f 3122/3/5 3119/3/5 3120/3/5
f 3104/3/1 3105/3/1 3103/3/1
f 2082/3/4 2863/3/4 2081/3/4
f 2083/3/601 2866/3/601 2084/3/601
f 2082/3/5 2866/3/5 2864/3/5
f 2863/3/1 2083/3/1 2081/3/1
f 2236/3/1 3016/3/1 3018/3/1
f 2235/3/4 3018/3/4 3017/3/4
f 2233/3/5 3017/3/5 3015/3/5
f 2234/3/601 3015/3/601 3016/3/601
f 11/3/309 1568/3/309 12/3/309
f 12/3/5 1566/3/5 10/3/5
f 10/3/580 1565/3/580 9/3/580
f 9/3/1 1567/3/1 11/3/1
f 1612/3/5 54/3/5 56/3/5
f 54/3/580 1609/3/580 53/3/580
f 53/3/1 1611/3/1 55/3/1
f 55/3/309 1612/3/309 56/3/309
f 2348/3/580 791/3/580 792/3/580
f 2348/3/5 790/3/5 2346/3/5
f 2346/3/309 789/3/309 2345/3/309
f 2345/3/1 791/3/1 2347/3/1
f 834/3/5 2394/3/5 836/3/5
f 2392/3/309 833/3/309 2391/3/309
f 2391/3/1 835/3/1 2393/3/1
f 2393/3/580 836/3/580 2394/3/580
f 3134/3/748 3126/3/748 3133/3/748
f 3128/3/309 3127/3/309 3125/3/309
f 3134/3/749 3124/3/749 3128/3/749
f 3133/3/748 3123/3/748 2370/3/748
f 3151/3/750 3129/3/750 3131/3/750
f 3152/3/751 3131/3/751 3132/3/751
f 3130/3/752 3152/3/752 3132/3/752
f 3132/3/309 3127/3/309 3130/3/309
f 3152/3/753 3142/3/753 3151/3/753
f 3144/3/244 3143/3/244 3141/3/244
f 3152/3/754 3140/3/754 3144/3/754
f 3151/3/753 3139/3/753 3138/3/753
f 3150/3/755 3147/3/755 3148/3/755
f 3146/3/756 3150/3/756 3148/3/756
f 3148/3/244 3143/3/244 3146/3/244
f 897/3/638 928/3/638 896/3/638
f 897/3/635 944/3/635 936/3/635
f 1033/64/1 1041/65/1 1049/66/1
f 3145/3/757 3149/3/757 3136/3/757
f 3150/3/758 3156/3/758 3149/3/758
f 3158/3/176 3157/3/176 3155/3/176
f 3150/3/759 3154/3/759 3158/3/759
f 3149/3/758 3153/3/758 3136/3/758
f 3179/3/760 3159/3/760 3161/3/760
f 3180/3/761 3161/3/761 3162/3/761
f 3160/3/762 3180/3/762 3162/3/762
f 3162/3/176 3157/3/176 3160/3/176
f 3180/3/763 3170/3/763 3179/3/763
f 3172/3/106 3171/3/106 3169/3/106
f 3180/3/764 3168/3/764 3172/3/764
f 3179/3/763 3167/3/763 3166/3/763
f 3178/3/765 3175/3/765 3176/3/765
f 3174/3/766 3178/3/766 3176/3/766
f 3176/3/106 3171/3/106 3174/3/106
f 3173/3/767 3177/3/767 3164/3/767
f 3178/3/768 3184/3/768 3177/3/768
f 3186/3/35 3185/3/35 3183/3/35
f 3178/3/769 3182/3/769 3186/3/769
f 3177/3/768 3181/3/768 3164/3/768
f 3207/3/770 3187/3/770 3189/3/770
f 3208/3/771 3189/3/771 3190/3/771
f 3188/3/772 3208/3/772 3190/3/772
f 3190/3/35 3185/3/35 3188/3/35
f 3208/3/773 3198/3/773 3207/3/773
f 3200/3/601 3199/3/601 3197/3/601
f 3208/3/774 3196/3/774 3200/3/774
f 3207/3/773 3195/3/773 3194/3/773
f 3206/3/775 3203/3/775 3204/3/775
f 3202/3/776 3206/3/776 3204/3/776
f 3204/3/601 3199/3/601 3202/3/601
f 3201/3/777 3205/3/777 3192/3/777
f 3206/3/778 3212/3/778 3205/3/778
f 3214/3/298 3213/3/298 3211/3/298
f 3206/3/779 3210/3/779 3214/3/779
f 3205/3/778 3209/3/778 3192/3/778
f 3235/3/780 3215/3/780 3217/3/780
f 3236/3/781 3217/3/781 3218/3/781
f 3216/3/782 3236/3/782 3218/3/782
f 3218/3/298 3213/3/298 3216/3/298
f 3236/3/783 3226/3/783 3235/3/783
f 3228/3/233 3227/3/233 3225/3/233
f 3236/3/784 3224/3/784 3228/3/784
f 3235/3/783 3223/3/783 3222/3/783
f 3234/3/785 3231/3/785 3232/3/785
f 3230/3/786 3234/3/786 3232/3/786
f 3232/3/233 3227/3/233 3230/3/233
f 3229/3/787 3233/3/787 3220/3/787
f 3234/3/788 3240/3/788 3233/3/788
f 3242/3/163 3241/3/163 3239/3/163
f 3234/3/789 3238/3/789 3242/3/789
f 3233/3/788 3237/3/788 3220/3/788
f 3263/3/790 3243/3/790 3245/3/790
f 3264/3/791 3245/3/791 3246/3/791
f 3244/3/792 3264/3/792 3246/3/792
f 3246/3/163 3241/3/163 3244/3/163
f 3264/3/793 3254/3/793 3263/3/793
f 3256/3/91 3255/3/91 3253/3/91
f 3264/3/794 3252/3/794 3256/3/794
f 3263/3/793 3251/3/793 3250/3/793
f 3262/3/795 3259/3/795 3260/3/795
f 3258/3/796 3262/3/796 3260/3/796
f 3260/3/91 3255/3/91 3258/3/91
f 3257/3/797 3261/3/797 3248/3/797
f 3262/3/798 3268/3/798 3261/3/798
f 3270/3/580 3269/3/580 3267/3/580
f 3262/3/799 3266/3/799 3270/3/799
f 3261/3/798 3265/3/798 3248/3/798
f 3291/3/800 3271/3/800 3273/3/800
f 3292/3/801 3273/3/801 3274/3/801
f 3272/3/802 3292/3/802 3274/3/802
f 3274/3/580 3269/3/580 3272/3/580
f 3292/3/803 3282/3/803 3291/3/803
f 3284/3/262 3283/3/262 3281/3/262
f 3292/3/804 3280/3/804 3284/3/804
f 3291/3/803 3279/3/803 3278/3/803
f 3290/3/805 3287/3/805 3288/3/805
f 3286/3/806 3290/3/806 3288/3/806
f 3288/3/262 3283/3/262 3286/3/262
f 3285/3/807 3289/3/807 3276/3/807
f 3290/3/808 3296/3/808 3289/3/808
f 3298/3/196 3297/3/196 3295/3/196
f 3290/3/809 3294/3/809 3298/3/809
f 3289/3/808 3293/3/808 3276/3/808
f 3319/3/810 3299/3/810 3301/3/810
f 3320/3/811 3301/3/811 3302/3/811
f 3300/3/812 3320/3/812 3302/3/812
f 3302/3/196 3297/3/196 3300/3/196
f 3320/3/813 3310/3/813 3319/3/813
f 3312/3/126 3311/3/126 3309/3/126
f 3320/3/814 3308/3/814 3312/3/814
f 3319/3/813 3307/3/813 3306/3/813
f 3318/3/815 3315/3/815 3316/3/815
f 3314/3/816 3318/3/816 3316/3/816
f 3316/3/126 3311/3/126 3314/3/126
f 3313/3/817 3317/3/817 3304/3/817
f 3318/3/818 3324/3/818 3317/3/818
f 3326/3/55 3325/3/55 3323/3/55
f 3318/3/819 3322/3/819 3326/3/819
f 3317/3/818 3321/3/818 3304/3/818
f 3347/3/820 3327/3/820 3329/3/820
f 3348/3/821 3329/3/821 3330/3/821
f 3328/3/822 3348/3/822 3330/3/822
f 3330/3/55 3325/3/55 3328/3/55
f 3348/3/823 3338/3/823 3347/3/823
f 3340/3/4 3339/3/4 3337/3/4
f 3348/3/824 3336/3/824 3340/3/824
f 3347/3/823 3335/3/823 3334/3/823
f 3346/3/825 3343/3/825 3344/3/825
f 3342/3/826 3346/3/826 3344/3/826
f 3344/3/4 3339/3/4 3342/3/4
f 3341/3/827 3345/3/827 3332/3/827
f 3346/3/828 3352/3/828 3345/3/828
f 3354/3/301 3353/3/301 3351/3/301
f 3346/3/829 3350/3/829 3354/3/829
f 3345/3/828 3349/3/828 3332/3/828
f 3375/3/830 3355/3/830 3357/3/830
f 3376/3/831 3357/3/831 3358/3/831
f 3356/3/832 3376/3/832 3358/3/832
f 3358/3/301 3353/3/301 3356/3/301
f 3376/3/833 3366/3/833 3375/3/833
f 3368/3/236 3367/3/236 3365/3/236
f 3376/3/834 3364/3/834 3368/3/834
f 3375/3/833 3363/3/833 3362/3/833
f 3374/3/835 3371/3/835 3372/3/835
f 3370/3/836 3374/3/836 3372/3/836
f 3372/3/236 3367/3/236 3370/3/236
f 3369/3/837 3373/3/837 3360/3/837
f 3374/3/838 3380/3/838 3373/3/838
f 3382/3/168 3381/3/168 3379/3/168
f 3374/3/839 3378/3/839 3382/3/839
f 3373/3/838 3377/3/838 3360/3/838
f 3399/3/840 3383/3/840 3385/3/840
f 3400/3/841 3385/3/841 3386/3/841
f 3384/3/842 3400/3/842 3386/3/842
f 3386/3/168 3381/3/168 3384/3/168
f 3400/3/843 3392/3/843 3399/3/843
f 3394/3/96 3393/3/96 3391/3/96
f 3400/3/844 3390/3/844 3394/3/844
f 3399/3/843 3389/3/843 3388/3/843
f 3134/3/845 3397/3/845 3398/3/845
f 3396/3/846 3134/3/846 3398/3/846
f 3398/3/96 3393/3/96 3396/3/96
f 3395/3/847 3133/3/847 2370/3/847
f 850/3/634 848/3/634 844/1/634
f 906/3/627 908/3/627 900/1/627
f 3420/1/1 3415/2/1 3416/1/1
f 3423/3/2 3415/3/2 3419/3/2
f 3427/3/3 3431/3/3 3432/3/3
f 3425/3/4 3432/3/4 3430/3/4
f 3425/3/5 3414/3/5 3413/3/5
f 3422/3/6 3420/3/6 3416/3/6
f 3417/3/5 3425/3/5 3413/3/5
f 3418/3/5 3427/3/5 3417/3/5
f 3431/3/7 3426/3/7 3429/3/7
f 3425/3/8 3429/4/8 3426/3/8
f 3424/3/3 3419/3/3 3420/3/3
f 3440/5/9 3435/6/9 3439/7/9
f 3433/8/10 3439/7/10 3434/9/10
f 3448/5/11 3443/6/11 3444/10/11
f 3441/8/12 3447/7/12 3448/11/12
f 3443/6/13 3446/12/13 3444/10/13
f 3438/12/14 3435/6/14 3436/10/14
f 3435/6/15 3447/7/15 3439/7/15
f 3442/13/16 3450/14/16 3434/13/16
f 3442/13/3 3451/15/3 3452/16/3
f 3403/3/17 3437/3/17 3438/3/17
f 3404/3/18 3445/3/18 3437/3/18
f 3422/3/5 3423/3/5 3424/3/5
f 3430/3/1 3431/3/1 3429/3/1
f 3446/3/19 3403/3/19 3438/3/19
f 3437/17/20 3443/6/20 3435/6/20
f 3434/13/8 3449/18/8 3433/8/8
f 3445/3/21 3402/3/21 3446/3/21
f 3441/8/22 3440/11/22 3433/8/22
f 3449/18/23 3441/8/23 3433/8/23
f 3444/10/24 3438/12/24 3436/10/24
f 3440/5/25 3444/10/25 3436/10/25
f 3447/7/26 3434/9/26 3439/7/26
f 3422/19/8 3415/2/8 3421/4/8
f 3414/3/5 3428/3/5 3418/3/5
f 3522/1/1 3515/2/1 3516/1/1
f 3458/3/5 3474/3/5 3470/3/5
f 3459/2/27 3466/19/27 3465/4/27
f 3525/3/28 3515/3/28 3521/3/28
f 3460/1/1 3463/2/1 3464/1/1
f 3459/3/29 3467/3/29 3463/3/29
f 3458/3/5 3469/3/5 3457/3/5
f 3477/3/30 3473/3/30 3478/3/30
f 3461/3/5 3469/3/5 3473/3/5
f 3477/3/31 3470/3/31 3474/3/31
f 3475/4/27 3469/3/27 3470/3/27
f 3463/3/32 3468/3/32 3464/3/32
f 3481/20/33 3480/21/33 3479/22/33
f 3483/23/34 3482/24/34 3481/20/34
f 3478/3/35 3469/3/35 3476/3/35
f 3409/3/1 3455/3/1 3453/3/1
f 3462/3/5 3473/3/5 3474/3/5
f 3464/3/36 3466/3/36 3460/3/36
f 3485/25/37 3484/26/37 3483/23/37
f 3487/27/38 3486/28/38 3485/25/38
f 3489/29/39 3488/30/39 3487/27/39
f 3491/31/40 3490/32/40 3489/29/40
f 3493/33/41 3492/34/41 3491/31/41
f 3495/35/42 3494/36/42 3493/33/42
f 3497/37/43 3496/38/43 3495/35/43
f 3499/39/44 3498/40/44 3497/37/44
f 3501/41/45 3500/42/45 3499/39/45
f 3503/43/46 3502/44/46 3501/41/46
f 3505/45/47 3504/46/47 3503/43/47
f 3507/47/48 3506/48/48 3505/45/48
f 3509/49/49 3508/50/49 3507/47/49
f 3479/51/50 3510/52/50 3509/49/50
f 3532/5/51 3527/6/51 3528/10/51
f 3517/8/52 3531/7/52 3532/11/52
f 3527/6/53 3530/12/53 3528/10/53
f 3537/3/54 3545/3/54 3546/3/54
f 3535/3/55 3546/3/55 3540/3/55
f 3544/12/56 3541/6/56 3542/10/56
f 3564/5/57 3541/6/57 3563/7/57
f 3533/8/58 3563/7/58 3534/9/58
f 3529/3/59 3513/3/59 3530/3/59
f 3535/3/5 3472/3/5 3471/3/5
f 3524/3/60 3522/3/60 3516/3/60
f 3527/6/61 3563/7/61 3541/6/61
f 3566/14/62 3534/13/62 3518/13/62
f 3534/13/30 3567/15/30 3533/8/30
f 3532/5/63 3542/10/63 3564/5/63
f 3519/3/5 3535/3/5 3471/3/5
f 3520/3/5 3537/3/5 3519/3/5
f 3529/17/64 3541/6/64 3543/17/64
f 3545/3/62 3536/3/62 3539/3/62
f 3530/12/65 3542/10/65 3528/10/65
f 3513/3/66 3544/3/66 3530/3/66
f 3514/3/67 3543/3/67 3511/3/67
f 3518/9/68 3563/7/68 3531/7/68
f 3565/18/69 3533/8/69 3567/15/69
f 3535/3/70 3539/4/70 3536/3/70
f 3512/3/71 3543/3/71 3544/3/71
f 3526/3/72 3521/3/72 3522/3/72
f 3532/11/73 3533/8/73 3517/8/73
f 3518/13/27 3565/18/27 3566/14/27
f 3554/5/74 3549/6/74 3553/7/74
f 3547/8/75 3553/7/75 3548/9/75
f 3562/5/76 3557/6/76 3558/10/76
f 3555/8/77 3561/7/77 3562/11/77
f 3557/6/78 3560/12/78 3558/10/78
f 3552/12/79 3549/6/79 3550/10/79
f 3549/6/80 3561/7/80 3553/7/80
f 3556/13/31 3586/14/31 3548/13/31
f 3556/13/54 3587/15/54 3588/16/54
f 3513/3/81 3551/3/81 3552/3/81
f 3514/3/82 3559/3/82 3551/3/82
f 3524/3/5 3525/3/5 3526/3/5
f 3540/3/1 3545/3/1 3539/3/1
f 3560/3/83 3513/3/83 3552/3/83
f 3551/17/84 3557/6/84 3549/6/84
f 3548/13/70 3585/18/70 3547/8/70
f 3559/3/85 3512/3/85 3560/3/85
f 3555/8/86 3554/11/86 3547/8/86
f 3585/18/87 3555/8/87 3547/8/87
f 3558/10/88 3552/12/88 3550/10/88
f 3554/5/89 3558/10/89 3550/10/89
f 3561/7/90 3548/9/90 3553/7/90
f 3524/19/70 3515/2/70 3523/4/70
f 3468/3/5 3465/3/5 3466/3/5
f 3477/3/1 3476/3/1 3475/3/1
f 3409/3/91 3454/3/91 3410/3/91
f 3569/53/5 3580/54/5 3572/54/5
f 3571/55/5 3578/56/5 3570/56/5
f 3569/57/94 3581/58/94 3570/56/94
f 3572/54/93 3583/42/93 3569/53/93
f 3571/55/92 3584/59/92 3572/54/92
f 3570/56/95 3582/39/95 3571/55/95
f 3578/56/94 3574/60/94 3573/57/94
f 3579/55/95 3575/61/95 3578/56/95
f 3580/54/92 3576/31/92 3579/55/92
f 3573/53/93 3577/62/93 3580/54/93
f 3570/56/5 3573/57/5 3569/57/5
f 3576/31/1 3574/63/1 3575/23/1
f 3580/54/5 3571/55/5 3572/54/5
f 3536/3/5 3520/3/5 3472/3/5
f 3411/3/96 3456/3/96 3455/3/96
f 3412/3/5 3454/3/5 3456/3/5
f 3581/3/5 3584/3/5 3582/3/5
f 3658/1/1 3651/2/1 3652/1/1
f 3594/3/5 3610/3/5 3606/3/5
f 3595/2/97 3602/19/97 3601/4/97
f 3661/3/98 3651/3/98 3657/3/98
f 3595/2/1 3600/1/1 3596/1/1
f 3595/3/99 3603/3/99 3599/3/99
f 3594/3/5 3605/3/5 3593/3/5
f 3613/3/100 3609/3/100 3614/3/100
f 3597/3/5 3605/3/5 3609/3/5
f 3613/3/101 3606/3/101 3610/3/101
f 3611/4/102 3605/3/102 3606/3/102
f 3599/3/103 3604/3/103 3600/3/103
f 3617/20/104 3616/21/104 3615/22/104
f 3619/23/105 3618/24/105 3617/20/105
f 3612/3/106 3609/3/106 3605/3/106
f 3453/3/1 3591/3/1 3589/3/1
f 3598/3/5 3609/3/5 3610/3/5
f 3600/3/107 3602/3/107 3596/3/107
f 3621/25/108 3620/26/108 3619/23/108
f 3623/27/109 3622/28/109 3621/25/109
f 3625/29/110 3624/30/110 3623/27/110
f 3627/31/111 3626/32/111 3625/29/111
f 3629/33/112 3628/34/112 3627/31/112
f 3631/35/113 3630/36/113 3629/33/113
f 3633/37/114 3632/38/114 3631/35/114
f 3635/39/115 3634/40/115 3633/37/115
f 3637/41/116 3636/42/116 3635/39/116
f 3639/43/117 3638/44/117 3637/41/117
f 3641/45/118 3640/46/118 3639/43/118
f 3643/47/119 3642/48/119 3641/45/119
f 3645/49/120 3644/50/120 3643/47/120
f 3615/51/121 3646/52/121 3645/49/121
f 3668/5/122 3663/6/122 3664/10/122
f 3653/8/123 3667/7/123 3668/11/123
f 3663/6/124 3666/12/124 3664/10/124
f 3673/3/125 3681/3/125 3682/3/125
f 3671/3/126 3682/3/126 3676/3/126
f 3680/12/127 3677/6/127 3678/10/127
f 3700/5/128 3677/6/128 3699/7/128
f 3669/8/129 3699/7/129 3670/9/129
f 3665/3/130 3649/3/130 3666/3/130
f 3671/3/5 3608/3/5 3607/3/5
f 3660/3/131 3658/3/131 3652/3/131
f 3663/6/132 3699/7/132 3677/6/132
f 3702/14/133 3670/13/133 3654/13/133
f 3670/13/134 3703/15/134 3669/8/134
f 3668/5/135 3678/10/135 3700/5/135
f 3655/3/5 3671/3/5 3607/3/5
f 3656/3/5 3673/3/5 3655/3/5
f 3665/17/136 3677/6/136 3679/17/136
f 3681/3/133 3672/3/133 3675/3/133
f 3666/12/137 3678/10/137 3664/10/137
f 3649/3/138 3680/3/138 3666/3/138
f 3650/3/139 3679/3/139 3647/3/139
f 3654/9/717 3699/7/717 3667/7/717
f 3701/18/141 3669/8/141 3703/15/141
f 3671/3/142 3675/4/142 3672/3/142
f 3648/3/143 3679/3/143 3680/3/143
f 3662/3/125 3657/3/125 3658/3/125
f 3668/11/144 3669/8/144 3653/8/144
f 3654/13/97 3701/18/97 3702/14/97
f 3690/5/145 3685/6/145 3689/7/145
f 3683/8/146 3689/7/146 3684/9/146
f 3698/5/147 3693/6/147 3694/10/147
f 3691/8/148 3697/7/148 3698/11/148
f 3693/6/149 3696/12/149 3694/10/149
f 3688/12/150 3685/6/150 3686/10/150
f 3685/6/151 3697/7/151 3689/7/151
f 3692/13/101 3722/14/101 3684/13/101
f 3692/13/152 3723/15/152 3724/16/152
f 3649/3/153 3687/3/153 3688/3/153
f 3650/3/154 3695/3/154 3687/3/154
f 3659/3/5 3662/3/5 3660/3/5
f 3676/3/1 3681/3/1 3675/3/1
f 3696/3/155 3649/3/155 3688/3/155
f 3687/17/156 3693/6/156 3685/6/156
f 3684/13/142 3721/18/142 3683/8/142
f 3695/3/157 3648/3/157 3696/3/157
f 3691/8/158 3690/11/158 3683/8/158
f 3721/18/159 3691/8/159 3683/8/159
f 3694/10/160 3688/12/160 3686/10/160
f 3698/5/161 3686/10/161 3690/5/161
f 3697/7/162 3684/9/162 3689/7/162
f 3660/19/142 3651/2/142 3659/4/142
f 3602/3/5 3603/3/5 3601/3/5
f 3613/3/1 3612/3/1 3611/3/1
f 3453/3/163 3590/3/163 3454/3/163
f 3709/53/848 3708/54/848 3705/53/848
f 3707/55/5 3714/56/5 3706/56/5
f 3705/57/166 3717/58/166 3706/56/166
f 3708/54/165 3719/42/165 3705/53/165
f 3707/55/164 3720/59/164 3708/54/164
f 3706/56/167 3718/39/167 3707/55/167
f 3714/56/166 3710/60/166 3709/57/166
f 3715/55/167 3711/61/167 3714/56/167
f 3716/54/164 3712/31/164 3715/55/164
f 3709/53/165 3713/62/165 3716/54/165
f 3714/56/5 3705/57/5 3706/56/5
f 3712/31/1 3710/63/1 3711/23/1
f 3708/54/5 3715/55/5 3707/55/5
f 3608/3/5 3674/3/5 3656/3/5
f 3455/3/168 3592/3/168 3591/3/168
f 3592/3/5 3454/3/5 3590/3/5
f 3717/3/5 3720/3/5 3718/3/5
f 3794/1/1 3787/2/1 3788/1/1
f 3730/3/5 3746/3/5 3742/3/5
f 3731/2/169 3738/19/169 3737/4/169
f 3797/3/170 3787/3/170 3793/3/170
f 3732/1/1 3735/2/1 3736/1/1
f 3731/3/171 3739/3/171 3735/3/171
f 3730/3/5 3741/3/5 3729/3/5
f 3749/3/172 3745/3/172 3750/3/172
f 3733/3/5 3741/3/5 3745/3/5
f 3749/3/173 3742/3/173 3746/3/173
f 3747/4/169 3741/3/169 3742/3/169
f 3735/3/172 3740/3/172 3736/3/172
f 3753/20/174 3752/21/174 3751/22/174
f 3755/23/175 3754/24/175 3753/20/175
f 3750/3/176 3741/3/176 3748/3/176
f 3589/3/1 3727/3/1 3725/3/1
f 3734/3/5 3745/3/5 3746/3/5
f 3736/3/177 3738/3/177 3732/3/177
f 3757/25/178 3756/26/178 3755/23/178
f 3759/27/179 3758/28/179 3757/25/179
f 3761/29/180 3760/30/180 3759/27/180
f 3763/31/181 3762/32/181 3761/29/181
f 3765/33/182 3764/34/182 3763/31/182
f 3767/35/183 3766/36/183 3765/33/183
f 3769/37/184 3768/38/184 3767/35/184
f 3771/39/185 3770/40/185 3769/37/185
f 3773/41/186 3772/42/186 3771/39/186
f 3775/43/187 3774/44/187 3773/41/187
f 3777/45/188 3776/46/188 3775/43/188
f 3779/47/189 3778/48/189 3777/45/189
f 3781/49/190 3780/50/190 3779/47/190
f 3751/51/191 3782/52/191 3781/49/191
f 3804/5/192 3799/6/192 3800/10/192
f 3789/8/193 3803/7/193 3804/11/193
f 3799/6/194 3802/12/194 3800/10/194
f 3809/3/195 3817/3/195 3818/3/195
f 3812/3/196 3809/3/196 3818/3/196
f 3816/12/197 3813/6/197 3814/10/197
f 3836/5/198 3813/6/198 3835/7/198
f 3805/8/199 3835/7/199 3806/9/199
f 3801/3/200 3785/3/200 3802/3/200
f 3807/3/5 3744/3/5 3743/3/5
f 3796/3/201 3794/3/201 3788/3/201
f 3799/6/202 3835/7/202 3813/6/202
f 3838/14/203 3806/13/203 3790/13/203
f 3806/13/204 3839/15/204 3805/8/204
f 3804/5/205 3814/10/205 3836/5/205
f 3791/3/5 3807/3/5 3743/3/5
f 3792/3/5 3809/3/5 3791/3/5
f 3801/17/206 3813/6/206 3815/17/206
f 3817/3/203 3808/3/203 3811/3/203
f 3802/12/207 3814/10/207 3800/10/207
f 3785/3/208 3816/3/208 3802/3/208
f 3786/3/209 3815/3/209 3783/3/209
f 3790/9/210 3835/7/210 3803/7/210
f 3837/18/211 3805/8/211 3839/15/211
f 3807/3/212 3811/4/212 3808/3/212
f 3784/3/213 3815/3/213 3816/3/213
f 3798/3/214 3793/3/214 3794/3/214
f 3804/11/215 3805/8/215 3789/8/215
f 3790/13/169 3837/18/169 3838/14/169
f 3826/5/216 3821/6/216 3825/7/216
f 3819/8/217 3825/7/217 3820/9/217
f 3834/5/218 3829/6/218 3830/10/218
f 3827/8/219 3833/7/219 3834/11/219
f 3829/6/220 3832/12/220 3830/10/220
f 3824/12/221 3821/6/221 3822/10/221
f 3821/6/222 3833/7/222 3825/7/222
f 3828/13/173 3858/14/173 3820/13/173
f 3828/13/195 3859/15/195 3860/16/195
f 3785/3/223 3823/3/223 3824/3/223
f 3786/3/224 3831/3/224 3823/3/224
f 3796/3/5 3797/3/5 3798/3/5
f 3811/3/1 3818/3/1 3817/3/1
f 3832/3/225 3785/3/225 3824/3/225
f 3823/17/226 3829/6/226 3821/6/226
f 3820/13/212 3857/18/212 3819/8/212
f 3831/3/227 3784/3/227 3832/3/227
f 3827/8/228 3826/11/228 3819/8/228
f 3857/18/229 3827/8/229 3819/8/229
f 3830/10/230 3824/12/230 3822/10/230
f 3826/5/231 3830/10/231 3822/10/231
f 3833/7/232 3820/9/232 3825/7/232
f 3796/19/212 3787/2/212 3795/4/212
f 3740/3/5 3737/3/5 3738/3/5
f 3747/3/1 3750/3/1 3748/3/1
f 3589/3/233 3726/3/233 3590/3/233
f 3841/53/5 3852/54/5 3844/54/5
f 3851/55/5 3842/56/5 3843/55/5
f 3841/57/235 3853/58/235 3842/56/235
f 3844/54/44 3855/42/44 3841/53/44
f 3843/55/234 3856/59/234 3844/54/234
f 3842/56/34 3854/39/34 3843/55/34
f 3850/56/235 3846/60/235 3845/57/235
f 3851/55/34 3847/61/34 3850/56/34
f 3852/54/234 3848/31/234 3851/55/234
f 3845/53/44 3849/62/44 3852/54/44
f 3842/56/5 3845/57/5 3841/57/5
f 3847/23/1 3849/62/1 3846/63/1
f 3844/54/5 3851/55/5 3843/55/5
f 3808/3/5 3792/3/5 3744/3/5
f 3591/3/236 3728/3/236 3727/3/236
f 3592/3/5 3726/3/5 3728/3/5
f 3853/3/5 3856/3/5 3854/3/5
f 3930/1/1 3923/2/1 3924/1/1
f 3866/3/5 3882/3/5 3878/3/5
f 3867/2/237 3874/19/237 3873/4/237
f 3929/3/238 3931/3/238 3923/3/238
f 3867/2/1 3872/1/1 3868/1/1
f 3867/3/239 3875/3/239 3871/3/239
f 3866/3/5 3877/3/5 3865/3/5
f 3885/3/240 3881/3/240 3886/3/240
f 3869/3/5 3877/3/5 3881/3/5
f 3885/3/241 3878/3/241 3882/3/241
f 3883/4/237 3877/3/237 3878/3/237
f 3871/3/242 3876/3/242 3872/3/242
f 3889/20/243 3888/21/243 3887/22/243
f 3891/23/94 3890/24/94 3889/20/94
f 3886/3/244 3877/3/244 3884/3/244
f 3725/3/1 3863/3/1 3861/3/1
f 3870/3/5 3881/3/5 3882/3/5
f 3872/3/245 3874/3/245 3868/3/245
f 3893/25/246 3892/26/246 3891/23/246
f 3895/27/247 3894/28/247 3893/25/247
f 3897/29/248 3896/30/248 3895/27/248
f 3899/31/249 3898/32/249 3897/29/249
f 3901/33/250 3900/34/250 3899/31/250
f 3903/35/251 3902/36/251 3901/33/251
f 3905/37/252 3904/38/252 3903/35/252
f 3907/39/92 3906/40/92 3905/37/92
f 3909/41/253 3908/42/253 3907/39/253
f 3911/43/254 3910/44/254 3909/41/254
f 3913/45/255 3912/46/255 3911/43/255
f 3915/47/95 3914/48/95 3913/45/95
f 3917/49/256 3916/50/256 3915/47/256
f 3887/51/257 3918/52/257 3917/49/257
f 3940/5/258 3935/6/258 3936/10/258
f 3925/8/259 3939/7/259 3940/11/259
f 3935/6/260 3938/12/260 3936/10/260
f 3945/3/261 3953/3/261 3954/3/261
f 3943/3/262 3954/3/262 3948/3/262
f 3952/12/263 3949/6/263 3950/10/263
f 3972/5/264 3949/6/264 3971/7/264
f 3941/8/265 3971/7/265 3942/9/265
f 3937/3/266 3921/3/266 3938/3/266
f 3943/3/5 3880/3/5 3879/3/5
f 3932/3/267 3930/3/267 3924/3/267
f 3935/6/268 3971/7/268 3949/6/268
f 3926/13/269 3976/16/269 3942/13/269
f 3942/13/240 3975/15/240 3941/8/240
f 3940/5/270 3950/10/270 3972/5/270
f 3927/3/5 3943/3/5 3879/3/5
f 3928/3/5 3945/3/5 3927/3/5
f 3937/17/271 3949/6/271 3951/17/271
f 3953/3/269 3944/3/269 3947/3/269
f 3938/12/272 3950/10/272 3936/10/272
f 3921/3/273 3952/3/273 3938/3/273
f 3922/3/274 3951/3/274 3919/3/274
f 3926/9/275 3971/7/275 3939/7/275
f 3973/18/276 3941/8/276 3975/15/276
f 3943/3/277 3947/4/277 3944/3/277
f 3920/3/278 3951/3/278 3952/3/278
f 3934/3/279 3929/3/279 3930/3/279
f 3940/11/280 3941/8/280 3925/8/280
f 3926/13/237 3973/18/237 3974/14/237
f 3962/5/281 3957/6/281 3961/7/281
f 3955/8/282 3961/7/282 3956/9/282
f 3970/5/283 3965/6/283 3966/10/283
f 3963/8/284 3969/7/284 3970/11/284
f 3965/6/285 3968/12/285 3966/10/285
f 3960/12/286 3957/6/286 3958/10/286
f 3957/6/287 3969/7/287 3961/7/287
f 3956/13/241 3996/16/241 3994/14/241
f 3964/13/261 3995/15/261 3996/16/261
f 3921/3/288 3959/3/288 3960/3/288
f 3922/3/289 3967/3/289 3959/3/289
f 3932/3/5 3933/3/5 3934/3/5
f 3948/3/1 3953/3/1 3947/3/1
f 3968/3/290 3921/3/290 3960/3/290
f 3959/17/291 3965/6/291 3957/6/291
f 3956/13/277 3993/18/277 3955/8/277
f 3967/3/292 3920/3/292 3968/3/292
f 3963/8/293 3962/11/293 3955/8/293
f 3993/18/294 3963/8/294 3955/8/294
f 3958/10/295 3968/12/295 3960/12/295
f 3962/5/296 3966/10/296 3958/10/296
f 3969/7/297 3956/9/297 3961/7/297
f 3932/19/277 3923/2/277 3931/4/277
f 3876/3/5 3873/3/5 3874/3/5
f 3883/3/1 3886/3/1 3884/3/1
f 3725/3/298 3862/3/298 3726/3/298
f 3977/53/5 3988/54/5 3980/54/5
f 3987/55/848 3978/56/848 3979/55/848
f 3977/57/111 3989/58/111 3978/56/111
f 3980/54/115 3991/42/115 3977/53/115
f 3979/55/299 3992/59/299 3980/54/299
f 3978/56/300 3990/39/300 3979/55/300
f 3986/56/111 3982/60/111 3981/57/111
f 3987/55/300 3983/61/300 3986/56/300
f 3988/54/299 3984/31/299 3987/55/299
f 3981/53/115 3985/62/115 3988/54/115
f 3978/56/5 3981/57/5 3977/57/5
f 3983/23/1 3985/62/1 3982/63/1
f 3988/54/5 3979/55/5 3980/54/5
f 3880/3/5 3946/3/5 3928/3/5
f 3727/3/301 3864/3/301 3863/3/301
f 3864/3/5 3726/3/5 3862/3/5
f 3989/3/5 3992/3/5 3990/3/5
f 3998/3/5 4012/3/5 4010/3/5
f 3999/2/302 4006/19/302 4005/4/302
f 4000/1/1 4003/2/1 4004/1/1
f 3999/3/303 4007/3/303 4003/3/303
f 3998/3/5 4009/3/5 3997/3/5
f 4015/3/304 4011/3/304 4016/3/304
f 4001/3/5 4009/3/5 4011/3/5
f 4015/3/305 4010/3/305 4012/3/305
f 4013/4/302 4009/3/302 4010/3/302
f 4003/3/306 4008/3/306 4004/3/306
f 4019/20/307 4018/21/307 4017/22/307
f 4021/23/308 4020/24/308 4019/20/308
f 4016/3/309 4009/3/309 4014/3/309
f 4002/3/5 4011/3/5 4012/3/5
f 4004/3/310 4006/3/310 4000/3/310
f 4023/25/311 4022/26/311 4021/23/311
f 4025/27/312 4024/28/312 4023/25/312
f 4027/29/313 4026/30/313 4025/27/313
f 4029/31/314 4028/32/314 4027/29/314
f 4031/33/315 4030/34/315 4029/31/315
f 4033/35/316 4032/36/316 4031/33/316
f 4035/37/317 4034/38/317 4033/35/317
f 4037/39/318 4036/40/318 4035/37/318
f 4039/41/319 4038/42/319 4037/39/319
f 4041/43/320 4040/44/320 4039/41/320
f 4043/45/321 4042/46/321 4041/43/321
f 4045/47/322 4044/48/322 4043/45/322
f 4047/49/323 4046/50/323 4045/47/323
f 4017/51/324 4048/52/324 4047/49/324
f 4060/5/325 4055/6/325 4056/10/325
f 4053/8/326 4059/7/326 4060/11/326
f 4055/6/327 4058/12/327 4056/10/327
f 4066/12/328 4063/6/328 4064/10/328
f 4068/5/329 4063/6/329 4067/7/329
f 4061/8/330 4067/7/330 4062/9/330
f 4057/3/331 4051/3/331 4058/3/331
f 4055/6/332 4067/7/332 4063/6/332
f 4070/14/333 4062/13/333 4054/13/333
f 4062/13/334 4071/15/334 4061/8/334
f 4060/5/335 4064/10/335 4068/5/335
f 4057/17/336 4063/6/336 4065/17/336
f 4056/10/337 4066/12/337 4064/10/337
f 4051/3/338 4066/3/338 4058/3/338
f 4052/3/339 4065/3/339 4049/3/339
f 4054/9/340 4067/7/340 4059/7/340
f 4069/18/341 4061/8/341 4071/15/341
f 4050/3/342 4065/3/342 4066/3/342
f 4060/11/343 4061/8/343 4053/8/343
f 4054/13/302 4069/18/302 4070/14/302
f 4008/3/5 4005/3/5 4006/3/5
f 4015/3/1 4014/3/1 4013/3/1
f 4073/53/848 4084/54/848 4077/53/848
f 4074/56/5 4083/55/5 4075/55/5
f 4085/58/49 4073/57/49 4074/56/49
f 4087/42/344 4076/54/344 4073/53/344
f 4088/59/41 4075/55/41 4076/54/41
f 4086/39/345 4074/56/345 4075/55/345
f 4078/60/49 4082/56/49 4077/57/49
f 4079/61/345 4083/55/345 4082/56/345
f 4080/31/41 4084/54/41 4083/55/41
f 4081/62/344 4077/53/344 4084/54/344
f 4074/56/5 4077/57/5 4082/56/5
f 4078/63/1 4080/31/1 4079/23/1
f 4075/55/5 4084/54/5 4076/54/5
f 4088/3/5 4085/3/5 4086/3/5
f 4095/2/1 4100/1/1 4096/1/1
f 4095/3/2 4103/3/2 4099/3/2
f 4111/3/8 4107/3/8 4112/3/8
f 4112/3/4 4105/3/4 4110/3/4
f 4094/3/5 4105/3/5 4093/3/5
f 4100/3/6 4102/3/6 4096/3/6
f 4097/3/5 4105/3/5 4107/3/5
f 4098/3/5 4107/3/5 4108/3/5
f 4111/3/7 4106/3/7 4108/3/7
f 4109/4/3 4105/3/3 4106/3/3
f 4099/3/8 4104/3/8 4100/3/8
f 4120/5/11 4115/6/11 4116/10/11
f 4113/8/346 4119/7/346 4120/11/346
f 4128/5/347 4123/6/347 4127/7/347
f 4121/8/348 4127/7/348 4122/9/348
f 4126/12/14 4123/6/14 4124/10/14
f 4115/6/13 4118/12/13 4116/10/13
f 4115/6/349 4127/7/349 4123/6/349
f 4130/14/16 4122/13/16 4114/13/16
f 4122/13/350 4131/15/350 4121/8/350
f 4117/3/21 3407/3/21 4118/3/21
f 3408/3/18 4125/3/18 3405/3/18
f 4102/3/5 4103/3/5 4101/3/5
f 4111/3/1 4110/3/1 4109/3/1
f 3407/3/19 4126/3/19 4118/3/19
f 4117/17/20 4123/6/20 4125/17/20
f 4114/13/3 4129/18/3 4130/14/3
f 3406/3/17 4125/3/17 4126/3/17
f 4120/11/22 4121/8/22 4113/8/22
f 4129/18/351 4121/8/351 4131/15/351
f 4118/12/24 4124/10/24 4116/10/24
f 4120/5/25 4124/10/25 4128/5/25
f 4114/9/26 4127/7/26 4119/7/26
f 4095/2/3 4102/19/3 4101/4/3
f 4094/3/5 4108/3/5 4106/3/5
f 4138/3/5 4154/3/5 4142/3/5
f 4146/19/352 4139/2/352 4145/4/352
f 4149/3/5 4138/3/5 4137/3/5
f 4153/3/353 4157/3/353 4158/3/353
f 4141/3/5 4149/3/5 4137/3/5
f 4157/3/354 4150/3/354 4155/3/354
f 4149/3/352 4155/4/352 4150/3/352
f 4148/3/355 4143/3/355 4144/3/355
f 4160/21/356 4161/20/356 4159/22/356
f 4162/24/357 4163/23/357 4161/20/357
f 4149/3/298 4158/3/298 4156/3/298
f 4135/3/1 4089/3/1 4133/3/1
f 4142/3/5 4153/3/5 4141/3/5
f 4164/26/358 4165/25/358 4163/23/358
f 4166/28/243 4167/27/243 4165/25/243
f 4168/30/359 4169/29/359 4167/27/359
f 4170/32/360 4171/31/360 4169/29/360
f 4172/34/95 4173/33/95 4171/31/95
f 4174/36/255 4175/35/255 4173/33/255
f 4176/38/361 4177/37/361 4175/35/361
f 4178/40/253 4179/39/253 4177/37/253
f 4180/42/362 4181/41/362 4179/39/362
f 4182/44/363 4183/43/363 4181/41/363
f 4184/46/364 4185/45/364 4183/43/364
f 4186/48/365 4187/47/365 4185/45/365
f 4188/50/93 4189/49/93 4187/47/93
f 4190/52/366 4159/51/366 4189/49/366
f 4212/5/367 4207/6/367 4211/7/367
f 4197/8/368 4211/7/368 4198/9/368
f 4210/12/369 4207/6/369 4208/10/369
f 4225/3/370 4217/3/370 4226/3/370
f 4220/3/301 4217/3/301 4215/3/301
f 4221/6/371 4224/12/371 4222/10/371
f 4244/5/372 4221/6/372 4222/10/372
f 4213/8/373 4243/7/373 4244/11/373
f 4193/3/374 4209/3/374 4210/3/374
f 4152/3/5 4215/3/5 4151/3/5
f 4207/6/849 4243/7/849 4211/7/849
f 4214/13/376 4246/14/376 4198/13/376
f 4214/13/353 4247/15/353 4248/16/353
f 4212/5/377 4222/10/377 4208/10/377
f 4199/3/5 4215/3/5 4217/3/5
f 4200/3/5 4217/3/5 4218/3/5
f 4209/17/378 4221/6/378 4207/6/378
f 4225/3/376 4216/3/376 4218/3/376
f 4222/10/379 4210/12/379 4208/10/379
f 4194/3/380 4223/3/380 4209/3/380
f 4243/7/381 4198/9/381 4211/7/381
f 4245/18/382 4213/8/382 4197/8/382
f 4219/4/383 4215/3/383 4216/3/383
f 4223/3/384 4192/3/384 4224/3/384
f 4201/3/385 4206/3/385 4202/3/385
f 4213/8/386 4212/11/386 4197/8/386
f 4198/13/352 4245/18/352 4197/8/352
f 4234/5/387 4229/6/387 4230/10/387
f 4227/8/388 4233/7/388 4234/11/388
f 4242/5/389 4237/6/389 4241/7/389
f 4235/8/390 4241/7/390 4236/9/390
f 4240/12/391 4237/6/391 4238/10/391
f 4229/6/392 4232/12/392 4230/10/392
f 4229/6/393 4241/7/393 4237/6/393
f 4266/14/354 4236/13/354 4228/13/354
f 4236/13/370 4267/15/370 4235/8/370
f 4231/3/394 4193/3/394 4232/3/394
f 4194/3/395 4239/3/395 4191/3/395
f 4204/3/5 4205/3/5 4203/3/5
f 4225/3/1 4220/3/1 4219/3/1
f 4231/17/396 4237/6/396 4239/17/396
f 4228/13/383 4265/18/383 4266/14/383
f 4192/3/397 4239/3/397 4240/3/397
f 4234/11/398 4235/8/398 4227/8/398
f 4265/18/399 4235/8/399 4267/15/399
f 4232/12/400 4238/10/400 4230/10/400
f 4234/5/401 4238/10/401 4242/5/401
f 4228/9/402 4241/7/402 4233/7/402
f 4195/2/383 4204/19/383 4203/4/383
f 4145/3/5 4148/3/5 4146/3/5
f 4156/3/1 4157/3/1 4155/3/1
f 4134/3/244 4089/3/244 4090/3/244
f 4249/53/5 4260/54/5 4253/53/5
f 4251/55/5 4258/56/5 4259/55/5
f 4261/58/345 4249/57/345 4250/56/345
f 4263/42/49 4252/54/49 4249/53/49
f 4264/59/344 4251/55/344 4252/54/344
f 4262/39/41 4250/56/41 4251/55/41
f 4254/60/345 4258/56/345 4253/57/345
f 4255/61/41 4259/55/41 4258/56/41
f 4256/31/344 4260/54/344 4259/55/344
f 4257/62/49 4253/53/49 4260/54/49
f 4250/56/5 4253/57/5 4258/56/5
f 4254/63/1 4256/31/1 4255/23/1
f 4252/54/5 4259/55/5 4260/54/5
f 4200/3/5 4216/3/5 4152/3/5
f 4136/3/262 4091/3/262 4135/3/262
f 4134/3/5 4092/3/5 4136/3/5
f 4264/3/5 4261/3/5 4262/3/5
f 4331/2/1 4338/1/1 4332/1/1
f 4274/3/5 4290/3/5 4278/3/5
f 4282/19/403 4275/2/403 4281/4/403
f 4331/3/404 4341/3/404 4337/3/404
f 4280/1/1 4275/2/1 4276/1/1
f 4279/3/405 4281/3/405 4275/3/405
f 4285/3/5 4274/3/5 4273/3/5
f 4289/3/406 4293/3/406 4294/3/406
f 4277/3/5 4285/3/5 4273/3/5
f 4293/3/407 4286/3/407 4291/3/407
f 4285/3/408 4291/4/408 4286/3/408
f 4284/3/409 4279/3/409 4280/3/409
f 4296/21/410 4297/20/410 4295/22/410
f 4298/24/178 4299/23/178 4297/20/178
f 4292/3/233 4289/3/233 4294/3/233
f 4271/3/1 4133/3/1 4269/3/1
f 4278/3/5 4289/3/5 4277/3/5
f 4282/3/411 4280/3/411 4276/3/411
f 4300/26/175 4301/25/175 4299/23/175
f 4304/30/412 4305/29/412 4303/27/412
f 4306/32/413 4307/31/413 4305/29/413
f 4308/34/189 4309/33/189 4307/31/189
f 4310/36/188 4311/35/188 4309/33/188
f 4312/38/414 4313/37/414 4311/35/414
f 4314/40/186 4315/39/186 4313/37/186
f 4316/42/415 4317/41/415 4315/39/415
f 4318/44/416 4319/43/416 4317/41/416
f 4320/46/417 4321/45/417 4319/43/417
f 4322/48/182 4323/47/182 4321/45/182
f 4324/50/418 4325/49/418 4323/47/418
f 4326/52/419 4295/51/419 4325/49/419
f 4348/5/420 4343/6/420 4347/7/420
f 4333/8/421 4347/7/421 4334/9/421
f 4346/12/422 4343/6/422 4344/10/422
f 4361/3/423 4353/3/423 4362/3/423
f 4362/3/236 4351/3/236 4356/3/236
f 4357/6/424 4360/12/424 4358/10/424
f 4380/5/425 4357/6/425 4358/10/425
f 4349/8/426 4379/7/426 4380/11/426
f 4329/3/427 4345/3/427 4346/3/427
f 4288/3/5 4351/3/5 4287/3/5
f 4338/3/428 4340/3/428 4332/3/428
f 4343/6/429 4379/7/429 4347/7/429
f 4350/13/430 4382/14/430 4334/13/430
f 4350/13/406 4383/15/406 4384/16/406
f 4348/5/431 4358/10/431 4344/10/431
f 4335/3/5 4351/3/5 4353/3/5
f 4336/3/5 4353/3/5 4354/3/5
f 4345/17/432 4357/6/432 4343/6/432
f 4361/3/430 4352/3/430 4354/3/430
f 4358/10/433 4346/12/433 4344/10/433
f 4360/3/434 4329/3/434 4346/3/434
f 4330/3/435 4359/3/435 4345/3/435
f 4379/7/436 4334/9/436 4347/7/436
f 4381/18/437 4349/8/437 4333/8/437
f 4355/4/438 4351/3/438 4352/3/438
f 4359/3/439 4328/3/439 4360/3/439
f 4337/3/423 4342/3/423 4338/3/423
f 4349/8/440 4348/11/440 4333/8/440
f 4334/13/403 4381/18/403 4333/8/403
f 4370/5/441 4365/6/441 4366/10/441
f 4363/8/645 4369/7/645 4370/11/645
f 4378/5/443 4373/6/443 4377/7/443
f 4371/8/444 4377/7/444 4372/9/444
f 4376/12/445 4373/6/445 4374/10/445
f 4365/6/446 4368/12/446 4366/10/446
f 4365/6/447 4377/7/447 4373/6/447
f 4402/14/407 4372/13/407 4364/13/407
f 4372/13/448 4403/15/448 4371/8/448
f 4367/3/449 4329/3/449 4368/3/449
f 4330/3/450 4375/3/450 4327/3/450
f 4342/3/5 4339/3/5 4340/3/5
f 4361/3/1 4356/3/1 4355/3/1
f 4329/3/451 4376/3/451 4368/3/451
f 4367/17/452 4373/6/452 4375/17/452
f 4364/13/438 4401/18/438 4402/14/438
f 4328/3/453 4375/3/453 4376/3/453
f 4370/11/454 4371/8/454 4363/8/454
f 4401/18/455 4371/8/455 4403/15/455
f 4368/12/456 4374/10/456 4366/10/456
f 4366/10/457 4378/5/457 4370/5/457
f 4364/9/458 4377/7/458 4369/7/458
f 4331/2/438 4340/19/438 4339/4/438
f 4282/3/5 4283/3/5 4284/3/5
f 4292/3/1 4293/3/1 4291/3/1
f 4270/3/176 4133/3/176 4134/3/176
f 4385/53/5 4396/54/5 4389/53/5
f 4387/55/5 4394/56/5 4395/55/5
f 4397/58/461 4385/57/461 4386/56/461
f 4399/42/460 4388/54/460 4385/53/460
f 4400/59/459 4387/55/459 4388/54/459
f 4398/39/462 4386/56/462 4387/55/462
f 4390/60/461 4394/56/461 4389/57/461
f 4391/61/462 4395/55/462 4394/56/462
f 4392/31/459 4396/54/459 4395/55/459
f 4393/62/460 4389/53/460 4396/54/460
f 4385/57/850 4394/56/850 4386/56/850
f 4390/63/1 4392/31/1 4391/23/1
f 4388/54/5 4395/55/5 4396/54/5
f 4288/3/5 4354/3/5 4352/3/5
f 4272/3/196 4135/3/196 4271/3/196
f 4272/3/5 4134/3/5 4136/3/5
f 4400/3/5 4397/3/5 4398/3/5
f 4467/2/1 4474/1/1 4468/1/1
f 4410/3/5 4426/3/5 4414/3/5
f 4418/19/463 4411/2/463 4417/4/463
f 4467/3/464 4477/3/464 4473/3/464
f 4412/1/1 4415/2/1 4411/2/1
f 4419/3/465 4411/3/465 4415/3/465
f 4421/3/5 4410/3/5 4409/3/5
f 4425/3/466 4429/3/466 4430/3/466
f 4413/3/5 4421/3/5 4409/3/5
f 4429/3/467 4422/3/467 4427/3/467
f 4421/3/463 4427/4/463 4422/3/463
f 4420/3/466 4415/3/466 4416/3/466
f 4432/21/109 4433/20/109 4431/22/109
f 4434/24/108 4435/23/108 4433/20/108
f 4421/3/163 4430/3/163 4428/3/163
f 4407/3/1 4269/3/1 4405/3/1
f 4414/3/5 4425/3/5 4413/3/5
f 4418/3/468 4416/3/468 4412/3/468
f 4436/26/105 4437/25/105 4435/23/105
f 4438/28/469 4439/27/469 4437/25/469
f 4440/30/470 4441/29/470 4439/27/470
f 4442/32/471 4443/31/471 4441/29/471
f 4444/34/119 4445/33/119 4443/31/119
f 4446/36/472 4447/35/472 4445/33/472
f 4448/38/473 4449/37/473 4447/35/473
f 4450/40/474 4451/39/474 4449/37/474
f 4452/42/115 4453/41/115 4451/39/115
f 4454/44/475 4455/43/475 4453/41/475
f 4456/46/113 4457/45/113 4455/43/113
f 4458/48/112 4459/47/112 4457/45/112
f 4460/50/476 4461/49/476 4459/47/476
f 4462/52/477 4431/51/477 4461/49/477
f 4484/5/478 4479/6/478 4483/7/478
f 4469/8/479 4483/7/479 4470/9/479
f 4482/12/480 4479/6/480 4480/10/480
f 4497/3/481 4489/3/481 4498/3/481
f 4492/3/168 4489/3/168 4487/3/168
f 4493/6/482 4496/12/482 4494/10/482
f 4516/5/483 4493/6/483 4494/10/483
f 4485/8/484 4515/7/484 4516/11/484
f 4465/3/485 4481/3/485 4482/3/485
f 4424/3/5 4487/3/5 4423/3/5
f 4474/3/486 4476/3/486 4468/3/486
f 4479/6/487 4515/7/487 4483/7/487
f 4486/13/488 4518/14/488 4470/13/488
f 4486/13/489 4519/15/489 4520/16/489
f 4484/5/490 4494/10/490 4480/10/490
f 4471/3/5 4487/3/5 4489/3/5
f 4472/3/5 4489/3/5 4490/3/5
f 4481/17/491 4493/6/491 4479/6/491
f 4497/3/488 4488/3/488 4490/3/488
f 4494/10/492 4482/12/492 4480/10/492
f 4496/3/493 4465/3/493 4482/3/493
f 4466/3/494 4495/3/494 4481/3/494
f 4515/7/495 4470/9/495 4483/7/495
f 4517/18/496 4485/8/496 4469/8/496
f 4491/4/497 4487/3/497 4488/3/497
f 4495/3/498 4464/3/498 4496/3/498
f 4473/3/499 4478/3/499 4474/3/499
f 4485/8/500 4484/11/500 4469/8/500
f 4470/13/463 4517/18/463 4469/8/463
f 4506/5/501 4501/6/501 4502/10/501
f 4499/8/502 4505/7/502 4506/11/502
f 4514/5/503 4509/6/503 4513/7/503
f 4507/8/504 4513/7/504 4508/9/504
f 4512/12/505 4509/6/505 4510/10/505
f 4501/6/506 4504/12/506 4502/10/506
f 4501/6/507 4513/7/507 4509/6/507
f 4538/14/467 4508/13/467 4500/13/467
f 4508/13/508 4539/15/508 4507/8/508
f 4503/3/509 4465/3/509 4504/3/509
f 4466/3/510 4511/3/510 4463/3/510
f 4476/3/5 4477/3/5 4475/3/5
f 4491/3/1 4498/3/1 4492/3/1
f 4465/3/511 4512/3/511 4504/3/511
f 4503/17/512 4509/6/512 4511/17/512
f 4500/13/497 4537/18/497 4538/14/497
f 4464/3/513 4511/3/513 4512/3/513
f 4506/11/514 4507/8/514 4499/8/514
f 4537/18/515 4507/8/515 4539/15/515
f 4504/12/516 4510/10/516 4502/10/516
f 4506/5/517 4510/10/517 4514/5/517
f 4500/9/660 4513/7/660 4505/7/660
f 4467/2/497 4476/19/497 4475/4/497
f 4417/3/5 4420/3/5 4418/3/5
f 4427/3/1 4430/3/1 4429/3/1
f 4406/3/106 4269/3/106 4270/3/106
f 4521/53/5 4532/54/5 4525/53/5
f 4522/56/5 4531/55/5 4523/55/5
f 4533/58/256 4521/57/256 4522/56/256
f 4535/42/253 4524/54/253 4521/53/253
f 4536/59/250 4523/55/250 4524/54/250
f 4534/39/357 4522/56/357 4523/55/357
f 4526/60/256 4530/56/256 4525/57/256
f 4527/61/357 4531/55/357 4530/56/357
f 4528/31/250 4532/54/250 4531/55/250
f 4529/62/253 4525/53/253 4532/54/253
f 4521/57/5 4530/56/5 4522/56/5
f 4527/23/1 4529/62/1 4528/31/1
f 4524/54/5 4531/55/5 4532/54/5
f 4472/3/5 4488/3/5 4424/3/5
f 4408/3/126 4271/3/126 4407/3/126
f 4408/3/5 4270/3/5 4272/3/5
f 4536/3/5 4533/3/5 4534/3/5
f 4603/2/1 4610/1/1 4604/1/1
f 4546/3/5 4562/3/5 4550/3/5
f 4554/19/519 4547/2/519 4553/4/519
f 4609/3/520 4611/3/520 4613/3/520
f 4552/1/1 4547/2/1 4548/1/1
f 4555/3/521 4547/3/521 4551/3/521
f 4557/3/5 4546/3/5 4545/3/5
f 4561/3/522 4565/3/522 4566/3/522
f 4549/3/5 4557/3/5 4545/3/5
f 4565/3/523 4558/3/523 4563/3/523
f 4557/3/519 4563/4/519 4558/3/519
f 4556/3/524 4551/3/524 4552/3/524
f 4568/21/38 4569/20/38 4567/22/38
f 4570/24/345 4571/23/345 4569/20/345
f 4557/3/91 4566/3/91 4564/3/91
f 4543/3/1 4405/3/1 4541/3/1
f 4550/3/5 4561/3/5 4549/3/5
f 4554/3/525 4552/3/525 4548/3/525
f 4572/26/526 4573/25/526 4571/23/526
f 4574/28/527 4575/27/527 4573/25/527
f 4576/30/528 4577/29/528 4575/27/528
f 4578/32/529 4579/31/529 4577/29/529
f 4580/34/234 4581/33/234 4579/31/234
f 4582/36/530 4583/35/530 4581/33/530
f 4584/38/531 4585/37/531 4583/35/531
f 4586/40/344 4587/39/344 4585/37/344
f 4588/42/44 4589/41/44 4587/39/44
f 4590/44/532 4591/43/532 4589/41/532
f 4592/46/42 4593/45/42 4591/43/42
f 4594/48/41 4595/47/41 4593/45/41
f 4596/50/235 4597/49/235 4595/47/235
f 4598/52/533 4567/51/533 4597/49/533
f 4620/5/534 4615/6/534 4619/7/534
f 4605/8/535 4619/7/535 4606/9/535
f 4618/12/851 4615/6/851 4616/10/851
f 4633/3/537 4625/3/537 4634/3/537
f 4634/3/96 4623/3/96 4628/3/96
f 4629/6/538 4632/12/538 4630/10/538
f 4652/5/539 4629/6/539 4630/10/539
f 4621/8/540 4651/7/540 4652/11/540
f 4601/3/541 4617/3/541 4618/3/541
f 4560/3/5 4623/3/5 4559/3/5
f 4610/3/542 4612/3/542 4604/3/542
f 4615/6/543 4651/7/543 4619/7/543
f 4606/13/544 4656/16/544 4654/14/544
f 4622/13/522 4655/15/522 4656/16/522
f 4620/5/545 4630/10/545 4616/10/545
f 4607/3/5 4623/3/5 4625/3/5
f 4608/3/5 4625/3/5 4626/3/5
f 4617/17/546 4629/6/546 4615/6/546
f 4633/3/544 4624/3/544 4626/3/544
f 4630/10/547 4618/12/547 4616/10/547
f 4632/3/548 4601/3/548 4618/3/548
f 4602/3/549 4631/3/549 4617/3/549
f 4651/7/550 4606/9/550 4619/7/550
f 4653/18/551 4621/8/551 4605/8/551
f 4627/4/552 4623/3/552 4624/3/552
f 4631/3/553 4600/3/553 4632/3/553
f 4609/3/554 4614/3/554 4610/3/554
f 4621/8/555 4620/11/555 4605/8/555
f 4606/13/519 4653/18/519 4605/8/519
f 4642/5/852 4637/6/852 4638/10/852
f 4635/8/557 4641/7/557 4642/11/557
f 4650/5/558 4645/6/558 4649/7/558
f 4643/8/559 4649/7/559 4644/9/559
f 4648/12/560 4645/6/560 4646/10/560
f 4637/6/561 4640/12/561 4638/10/561
f 4637/6/562 4649/7/562 4645/6/562
f 4636/13/523 4676/16/523 4644/13/523
f 4644/13/537 4675/15/537 4643/8/537
f 4639/3/563 4601/3/563 4640/3/563
f 4602/3/564 4647/3/564 4599/3/564
f 4612/3/5 4613/3/5 4611/3/5
f 4633/3/1 4628/3/1 4627/3/1
f 4601/3/565 4648/3/565 4640/3/565
f 4639/17/566 4645/6/566 4647/17/566
f 4636/13/552 4673/18/552 4674/14/552
f 4600/3/567 4647/3/567 4648/3/567
f 4642/11/568 4643/8/568 4635/8/568
f 4673/18/569 4643/8/569 4675/15/569
f 4638/10/570 4648/12/570 4646/10/570
f 4642/5/571 4646/10/571 4650/5/571
f 4636/9/572 4649/7/572 4641/7/572
f 4603/2/552 4612/19/552 4611/4/552
f 4553/3/5 4556/3/5 4554/3/5
f 4564/3/1 4565/3/1 4563/3/1
f 4542/3/35 4405/3/35 4406/3/35
f 4657/53/5 4668/54/5 4661/53/5
f 4658/56/848 4667/55/848 4659/55/848
f 4669/58/413 4657/57/413 4658/56/413
f 4671/42/186 4660/54/186 4657/53/186
f 4672/59/573 4659/55/573 4660/54/573
f 4670/39/574 4658/56/574 4659/55/574
f 4662/60/413 4666/56/413 4661/57/413
f 4663/61/574 4667/55/574 4666/56/574
f 4664/31/573 4668/54/573 4667/55/573
f 4665/62/186 4661/53/186 4668/54/186
f 4658/56/5 4661/57/5 4666/56/5
f 4663/23/1 4665/62/1 4664/31/1
f 4659/55/5 4668/54/5 4660/54/5
f 4560/3/5 4626/3/5 4624/3/5
f 4544/3/55 4407/3/55 4543/3/55
f 4544/3/5 4406/3/5 4408/3/5
f 4672/3/5 4669/3/5 4670/3/5
f 4678/3/5 4692/3/5 4682/3/5
f 4686/19/575 4679/2/575 4685/4/575
f 4680/1/1 4683/2/1 4679/2/1
f 4687/3/576 4679/3/576 4683/3/576
f 4689/3/5 4678/3/5 4677/3/5
f 4691/3/577 4695/3/577 4696/3/577
f 4681/3/5 4689/3/5 4677/3/5
f 4695/3/333 4690/3/333 4693/3/333
f 4689/3/575 4693/4/575 4690/3/575
f 4688/3/578 4683/3/578 4684/3/578
f 4698/21/579 4699/20/579 4697/22/579
f 4700/24/323 4701/23/323 4699/20/323
f 4689/3/580 4696/3/580 4694/3/580
f 4682/3/5 4691/3/5 4681/3/5
f 4686/3/581 4684/3/581 4680/3/581
f 4702/26/322 4703/25/322 4701/23/322
f 4704/28/321 4705/27/321 4703/25/321
f 4706/30/320 4707/29/320 4705/27/320
f 4708/32/319 4709/31/319 4707/29/319
f 4710/34/318 4711/33/318 4709/31/318
f 4712/36/317 4713/35/317 4711/33/317
f 4714/38/316 4715/37/316 4713/35/316
f 4716/40/315 4717/39/315 4715/37/315
f 4718/42/314 4719/41/314 4717/39/314
f 4720/44/313 4721/43/313 4719/41/313
f 4722/46/312 4723/45/312 4721/43/312
f 4724/48/311 4725/47/311 4723/45/311
f 4726/50/308 4727/49/308 4725/47/308
f 4728/52/582 4697/51/582 4727/49/582
f 4736/5/583 4731/6/583 4735/7/583
f 4729/8/584 4735/7/584 4730/9/584
f 4734/12/585 4731/6/585 4732/10/585
f 4739/6/586 4742/12/586 4740/10/586
f 4744/5/587 4739/6/587 4740/10/587
f 4737/8/588 4743/7/588 4744/11/588
f 4051/3/589 4733/3/589 4734/3/589
f 4731/6/590 4743/7/590 4735/7/590
f 4738/13/305 4746/14/305 4730/13/305
f 4738/13/577 4747/15/577 4748/16/577
f 4736/5/591 4740/10/591 4732/10/591
f 4733/17/592 4739/6/592 4731/6/592
f 4732/10/593 4742/12/593 4734/12/593
f 4742/3/594 4051/3/594 4734/3/594
f 4052/3/595 4741/3/595 4733/3/595
f 4743/7/596 4730/9/596 4735/7/596
f 4745/18/597 4737/8/597 4729/8/597
f 4741/3/598 4050/3/598 4742/3/598
f 4737/8/599 4736/11/599 4729/8/599
f 4730/13/600 4745/18/600 4729/8/600
f 4685/3/5 4688/3/5 4686/3/5
f 4694/3/1 4695/3/1 4693/3/1
f 4749/53/5 4760/54/5 4752/54/5
f 4759/55/5 4750/56/5 4751/55/5
f 4749/57/93 4761/58/93 4750/56/93
f 4752/54/92 4763/42/92 4749/53/92
f 4751/55/95 4764/59/95 4752/54/95
f 4750/56/94 4762/39/94 4751/55/94
f 4758/56/93 4754/60/93 4753/57/93
f 4759/55/94 4755/61/94 4758/56/94
f 4760/54/95 4756/31/95 4759/55/95
f 4753/53/92 4757/62/92 4760/54/92
f 4750/56/5 4753/57/5 4749/57/5
f 4756/31/1 4754/63/1 4755/23/1
f 4760/54/5 4751/55/5 4752/54/5
f 4761/3/5 4764/3/5 4762/3/5
f 4541/3/601 3862/3/601 3861/3/601
f 4544/3/4 3863/3/4 3864/3/4
f 4542/3/5 3864/3/5 3862/3/5
f 3861/3/1 4543/3/1 4541/3/1
f 4771/2/1 4776/1/1 4772/1/1
f 4771/3/602 4779/3/602 4775/3/602
f 4787/3/603 4783/3/603 4788/3/603
f 4788/3/601 4781/3/601 4786/3/601
f 4770/3/5 4781/3/5 4769/3/5
f 4776/3/604 4778/3/604 4772/3/604
f 4773/3/5 4781/3/5 4783/3/5
f 4774/3/5 4783/3/5 4784/3/5
f 4787/3/16 4782/3/16 4784/3/16
f 4785/4/605 4781/3/605 4782/3/605
f 4775/3/603 4780/3/603 4776/3/603
f 4796/5/606 4791/6/606 4792/10/606
f 4789/8/607 4795/7/607 4796/11/607
f 4804/5/608 4799/6/608 4803/7/608
f 4797/8/609 4803/7/609 4798/9/609
f 4802/12/610 4799/6/610 4800/10/610
f 4791/6/611 4794/12/611 4792/10/611
f 4791/6/612 4803/7/612 4799/6/612
f 4806/14/7 4798/13/7 4790/13/7
f 4798/13/613 4807/15/613 4797/8/613
f 4793/3/614 3403/3/614 4794/3/614
f 3404/3/615 4801/3/615 3401/3/615
f 4778/3/5 4779/3/5 4777/3/5
f 4787/3/1 4786/3/1 4785/3/1
f 3403/3/616 4802/3/616 4794/3/616
f 4793/17/617 4799/6/617 4801/17/617
f 4790/13/605 4805/18/605 4806/14/605
f 3402/3/618 4801/3/618 4802/3/618
f 4796/11/619 4797/8/619 4789/8/619
f 4805/18/620 4797/8/620 4807/15/620
f 4794/12/621 4800/10/621 4792/10/621
f 4796/5/622 4800/10/622 4804/5/622
f 4790/9/623 4803/7/623 4795/7/623
f 4771/2/605 4778/19/605 4777/4/605
f 4770/3/5 4784/3/5 4782/3/5
f 4871/2/1 4878/1/1 4872/1/1
f 4814/3/5 4830/3/5 4818/3/5
f 4822/19/370 4815/2/370 4821/4/370
f 4871/3/624 4881/3/624 4877/3/624
f 4816/1/1 4819/2/1 4815/2/1
f 4823/3/625 4815/3/625 4819/3/625
f 4825/3/5 4814/3/5 4813/3/5
f 4829/3/383 4833/3/383 4834/3/383
f 4817/3/5 4825/3/5 4813/3/5
f 4833/3/376 4826/3/376 4831/3/376
f 4825/3/370 4831/4/370 4826/3/370
f 4824/3/626 4819/3/626 4820/3/626
f 4836/21/361 4837/20/361 4835/22/361
f 4838/24/253 4839/23/253 4837/20/253
f 4825/3/301 4834/3/301 4832/3/301
f 4811/3/1 4765/3/1 4809/3/1
f 4818/3/5 4829/3/5 4817/3/5
f 4822/3/627 4820/3/627 4816/3/627
f 4840/26/628 4841/25/628 4839/23/628
f 4842/28/252 4843/27/252 4841/25/252
f 4844/30/364 4845/29/364 4843/27/364
f 4846/32/629 4847/31/629 4845/29/629
f 4848/34/93 4849/33/93 4847/31/93
f 4850/36/366 4851/35/366 4849/33/366
f 4852/38/356 4853/37/356 4851/35/356
f 4854/40/357 4855/39/357 4853/37/357
f 4856/42/630 4857/41/630 4855/39/630
f 4858/44/631 4859/43/631 4857/41/631
f 4860/46/359 4861/45/359 4859/43/359
f 4862/48/632 4863/47/632 4861/45/632
f 4864/50/95 4865/49/95 4863/47/95
f 4866/52/255 4835/51/255 4865/49/255
f 4888/5/389 4883/6/389 4887/7/389
f 4873/8/633 4887/7/633 4874/9/633
f 4886/12/391 4883/6/391 4884/10/391
f 4901/3/352 4893/3/352 4902/3/352
f 4896/3/298 4893/3/298 4891/3/298
f 4897/6/392 4900/12/392 4898/10/392
f 4920/5/387 4897/6/387 4898/10/387
f 4889/8/388 4919/7/388 4920/11/388
f 4869/3/397 4885/3/397 4886/3/397
f 4828/3/5 4891/3/5 4827/3/5
f 4878/3/634 4880/3/634 4872/3/634
f 4883/6/853 4919/7/853 4887/7/853
f 4890/13/354 4922/14/354 4874/13/354
f 4890/13/383 4923/15/383 4924/16/383
f 4888/5/401 4898/10/401 4884/10/401
f 4875/3/5 4891/3/5 4893/3/5
f 4876/3/5 4893/3/5 4894/3/5
f 4885/17/396 4897/6/396 4883/6/396
f 4901/3/354 4892/3/354 4894/3/354
f 4898/10/400 4886/12/400 4884/10/400
f 4900/3/635 4869/3/635 4886/3/635
f 4870/3/395 4899/3/395 4885/3/395
f 4919/7/402 4874/9/402 4887/7/402
f 4921/18/399 4889/8/399 4873/8/399
f 4895/4/353 4891/3/353 4892/3/353
f 4899/3/394 4868/3/394 4900/3/394
f 4877/3/636 4882/3/636 4878/3/636
f 4889/8/398 4888/11/398 4873/8/398
f 4874/13/370 4921/18/370 4873/8/370
f 4910/5/372 4905/6/372 4906/10/372
f 4903/8/373 4909/7/373 4910/11/373
f 4918/5/367 4913/6/367 4917/7/367
f 4911/8/637 4917/7/637 4912/9/637
f 4916/12/369 4913/6/369 4914/10/369
f 4905/6/371 4908/12/371 4906/10/371
f 4905/6/375 4917/7/375 4913/6/375
f 4942/14/376 4912/13/376 4904/13/376
f 4912/13/352 4943/15/352 4911/8/352
f 4907/3/384 4869/3/384 4908/3/384
f 4870/3/380 4915/3/380 4867/3/380
f 4880/3/5 4881/3/5 4879/3/5
f 4901/3/1 4896/3/1 4895/3/1
f 4869/3/638 4916/3/638 4908/3/638
f 4907/17/378 4913/6/378 4915/17/378
f 4904/13/353 4941/18/353 4942/14/353
f 4868/3/374 4915/3/374 4916/3/374
f 4910/11/386 4911/8/386 4903/8/386
f 4941/18/382 4911/8/382 4943/15/382
f 4908/12/379 4914/10/379 4906/10/379
f 4910/5/377 4914/10/377 4918/5/377
f 4904/9/381 4917/7/381 4909/7/381
f 4871/2/353 4880/19/353 4879/4/353
f 4821/3/5 4824/3/5 4822/3/5
f 4832/3/1 4833/3/1 4831/3/1
f 4810/3/262 4765/3/262 4766/3/262
f 4925/53/5 4936/54/5 4929/53/5
f 4927/55/5 4934/56/5 4935/55/5
f 4937/58/344 4925/57/344 4926/56/344
f 4939/42/41 4928/54/41 4925/53/41
f 4940/59/345 4927/55/345 4928/54/345
f 4938/39/49 4926/56/49 4927/55/49
f 4930/60/344 4934/56/344 4929/57/344
f 4931/61/49 4935/55/49 4934/56/49
f 4932/31/345 4936/54/345 4935/55/345
f 4933/62/41 4929/53/41 4936/54/41
f 4926/56/5 4929/57/5 4934/56/5
f 4930/63/1 4932/31/1 4931/23/1
f 4928/54/5 4935/55/5 4936/54/5
f 4876/3/5 4892/3/5 4828/3/5
f 4812/3/244 4767/3/244 4811/3/244
f 4810/3/5 4768/3/5 4812/3/5
f 4940/3/5 4937/3/5 4938/3/5
f 5007/2/1 5014/1/1 5008/1/1
f 4950/3/5 4966/3/5 4954/3/5
f 4958/19/448 4951/2/448 4957/4/448
f 5007/3/405 5017/3/405 5013/3/405
f 4956/1/1 4951/2/1 4952/1/1
f 4955/3/404 4957/3/404 4951/3/404
f 4961/3/5 4950/3/5 4949/3/5
f 4965/3/438 4969/3/438 4970/3/438
f 4953/3/5 4961/3/5 4949/3/5
f 4969/3/430 4962/3/430 4967/3/430
f 4961/3/423 4967/4/423 4962/3/423
f 4960/3/639 4955/3/639 4956/3/639
f 4972/21/414 4973/20/414 4971/22/414
f 4974/24/640 4975/23/640 4973/20/640
f 4968/3/236 4965/3/236 4970/3/236
f 4947/3/1 4809/3/1 4945/3/1
f 4954/3/5 4965/3/5 4953/3/5
f 4958/3/428 4956/3/428 4952/3/428
f 4976/26/185 4977/25/185 4975/23/185
f 4978/28/184 4979/27/184 4977/25/184
f 4980/30/417 4981/29/417 4979/27/417
f 4982/32/573 4983/31/573 4981/29/573
f 4984/34/418 4985/33/418 4983/31/418
f 4986/36/419 4987/35/419 4985/33/419
f 4988/38/410 4989/37/410 4987/35/410
f 4990/40/574 4991/39/574 4989/37/574
f 4992/42/641 4993/41/641 4991/39/641
f 4994/44/642 4995/43/642 4993/41/642
f 4996/46/412 4997/45/412 4995/43/412
f 4998/48/190 4999/47/190 4997/45/190
f 5000/50/189 5001/49/189 4999/47/189
f 5002/52/188 4971/51/188 5001/49/188
f 5024/5/643 5019/6/643 5023/7/643
f 5009/8/644 5023/7/644 5010/9/644
f 5022/12/445 5019/6/445 5020/10/445
f 5037/3/408 5029/3/408 5038/3/408
f 5038/3/233 5027/3/233 5032/3/233
f 5033/6/446 5036/12/446 5034/10/446
f 5056/5/441 5033/6/441 5034/10/441
f 5025/8/645 5055/7/645 5056/11/645
f 5005/3/646 5021/3/646 5022/3/646
f 4964/3/5 5027/3/5 4963/3/5
f 5014/3/411 5016/3/411 5008/3/411
f 5019/6/647 5055/7/647 5023/7/647
f 5026/13/407 5058/14/407 5010/13/407
f 5026/13/438 5059/15/438 5060/16/438
f 5024/5/457 5034/10/457 5020/10/457
f 5011/3/5 5027/3/5 5029/3/5
f 5012/3/5 5029/3/5 5030/3/5
f 5021/17/452 5033/6/452 5019/6/452
f 5037/3/407 5028/3/407 5030/3/407
f 5034/10/456 5022/12/456 5020/10/456
f 5036/3/451 5005/3/451 5022/3/451
f 5006/3/450 5035/3/450 5021/3/450
f 5055/7/648 5010/9/648 5023/7/648
f 5057/18/455 5025/8/455 5009/8/455
f 5031/4/406 5027/3/406 5028/3/406
f 5035/3/449 5004/3/449 5036/3/449
f 5013/3/408 5018/3/408 5014/3/408
f 5025/8/454 5024/11/454 5009/8/454
f 5010/13/448 5057/18/448 5009/8/448
f 5046/5/425 5041/6/425 5042/10/425
f 5039/8/426 5045/7/426 5046/11/426
f 5054/5/650 5049/6/650 5053/7/650
f 5047/8/651 5053/7/651 5048/9/651
f 5052/12/422 5049/6/422 5050/10/422
f 5041/6/424 5044/12/424 5042/10/424
f 5041/6/652 5053/7/652 5049/6/652
f 5078/14/430 5048/13/430 5040/13/430
f 5048/13/403 5079/15/403 5047/8/403
f 5043/3/439 5005/3/439 5044/3/439
f 5006/3/435 5051/3/435 5003/3/435
f 5018/3/5 5015/3/5 5016/3/5
f 5037/3/1 5032/3/1 5031/3/1
f 5005/3/434 5052/3/434 5044/3/434
f 5043/17/432 5049/6/432 5051/17/432
f 5040/13/406 5077/18/406 5078/14/406
f 5004/3/653 5051/3/653 5052/3/653
f 5046/11/440 5047/8/440 5039/8/440
f 5077/18/437 5047/8/437 5079/15/437
f 5044/12/433 5050/10/433 5042/10/433
f 5042/10/431 5054/5/431 5046/5/431
f 5040/9/654 5053/7/654 5045/7/654
f 5007/2/406 5016/19/406 5015/4/406
f 4958/3/5 4959/3/5 4960/3/5
f 4968/3/1 4969/3/1 4967/3/1
f 4946/3/196 4809/3/196 4810/3/196
f 5061/53/5 5072/54/5 5065/53/5
f 5063/55/5 5070/56/5 5071/55/5
f 5073/58/459 5061/57/459 5062/56/459
f 5075/42/462 5064/54/462 5061/53/462
f 5076/59/461 5063/55/461 5064/54/461
f 5074/39/460 5062/56/460 5063/55/460
f 5066/60/459 5070/56/459 5065/57/459
f 5067/61/460 5071/55/460 5070/56/460
f 5068/31/461 5072/54/461 5071/55/461
f 5069/62/462 5065/53/462 5072/54/462
f 5061/57/848 5070/56/848 5062/56/848
f 5066/63/1 5068/31/1 5067/23/1
f 5064/54/5 5071/55/5 5072/54/5
f 4964/3/5 5030/3/5 5028/3/5
f 4948/3/176 4811/3/176 4947/3/176
f 4948/3/5 4810/3/5 4812/3/5
f 5076/3/5 5073/3/5 5074/3/5
f 5143/2/1 5150/1/1 5144/1/1
f 5086/3/5 5102/3/5 5090/3/5
f 5094/19/481 5087/2/481 5093/4/481
f 5143/3/465 5153/3/465 5149/3/465
f 5088/1/1 5091/2/1 5087/2/1
f 5095/3/464 5087/3/464 5091/3/464
f 5097/3/5 5086/3/5 5085/3/5
f 5101/3/655 5105/3/655 5106/3/655
f 5089/3/5 5097/3/5 5085/3/5
f 5105/3/488 5098/3/488 5103/3/488
f 5097/3/481 5103/4/481 5098/3/481
f 5096/3/655 5091/3/655 5092/3/655
f 5108/21/473 5109/20/473 5107/22/473
f 5110/24/474 5111/23/474 5109/20/474
f 5097/3/168 5106/3/168 5104/3/168
f 5083/3/1 4945/3/1 5081/3/1
f 5090/3/5 5101/3/5 5089/3/5
f 5094/3/486 5092/3/486 5088/3/486
f 5112/26/656 5113/25/656 5111/23/656
f 5114/28/475 5115/27/475 5113/25/475
f 5116/30/657 5117/29/657 5115/27/657
f 5118/32/658 5119/31/658 5117/29/658
f 5120/34/476 5121/33/476 5119/31/476
f 5122/36/477 5123/35/477 5121/33/477
f 5124/38/109 5125/37/109 5123/35/109
f 5126/40/108 5127/39/108 5125/37/108
f 5128/42/300 5129/41/300 5127/39/300
f 5130/44/469 5131/43/469 5129/41/469
f 5132/46/121 5133/45/121 5131/43/121
f 5134/48/120 5135/47/120 5133/45/120
f 5136/50/119 5137/49/119 5135/47/119
f 5138/52/472 5107/51/472 5137/49/472
f 5160/5/503 5155/6/503 5159/7/503
f 5145/8/659 5159/7/659 5146/9/659
f 5158/12/505 5155/6/505 5156/10/505
f 5173/3/463 5165/3/463 5174/3/463
f 5168/3/163 5165/3/163 5163/3/163
f 5169/6/506 5172/12/506 5170/10/506
f 5192/5/501 5169/6/501 5170/10/501
f 5161/8/502 5191/7/502 5192/11/502
f 5141/3/513 5157/3/513 5158/3/513
f 5100/3/5 5163/3/5 5099/3/5
f 5150/3/468 5152/3/468 5144/3/468
f 5155/6/507 5191/7/507 5159/7/507
f 5162/13/467 5194/14/467 5146/13/467
f 5162/13/497 5195/15/497 5196/16/497
f 5160/5/517 5170/10/517 5156/10/517
f 5147/3/5 5163/3/5 5165/3/5
f 5148/3/5 5165/3/5 5166/3/5
f 5157/17/512 5169/6/512 5155/6/512
f 5173/3/467 5164/3/467 5166/3/467
f 5170/10/516 5158/12/516 5156/10/516
f 5172/3/511 5141/3/511 5158/3/511
f 5142/3/510 5171/3/510 5157/3/510
f 5191/7/660 5146/9/660 5159/7/660
f 5193/18/661 5161/8/661 5145/8/661
f 5167/4/489 5163/3/489 5164/3/489
f 5171/3/662 5140/3/662 5172/3/662
f 5149/3/663 5154/3/663 5150/3/663
f 5161/8/514 5160/11/514 5145/8/514
f 5146/13/481 5193/18/481 5145/8/481
f 5182/5/483 5177/6/483 5178/10/483
f 5175/8/484 5181/7/484 5182/11/484
f 5190/5/478 5185/6/478 5189/7/478
f 5183/8/664 5189/7/664 5184/9/664
f 5188/12/480 5185/6/480 5186/10/480
f 5177/6/482 5180/12/482 5178/10/482
f 5177/6/487 5189/7/487 5185/6/487
f 5214/14/488 5184/13/488 5176/13/488
f 5184/13/665 5215/15/665 5183/8/665
f 5179/3/666 5141/3/666 5180/3/666
f 5142/3/494 5187/3/494 5139/3/494
f 5152/3/5 5153/3/5 5151/3/5
f 5167/3/1 5174/3/1 5168/3/1
f 5141/3/493 5188/3/493 5180/3/493
f 5179/17/491 5185/6/491 5187/17/491
f 5176/13/489 5213/18/489 5214/14/489
f 5140/3/485 5187/3/485 5188/3/485
f 5182/11/500 5183/8/500 5175/8/500
f 5213/18/667 5183/8/667 5215/15/667
f 5180/12/492 5186/10/492 5178/10/492
f 5182/5/490 5186/10/490 5190/5/490
f 5176/9/495 5189/7/495 5181/7/495
f 5143/2/489 5152/19/489 5151/4/489
f 5093/3/5 5096/3/5 5094/3/5
f 5103/3/1 5106/3/1 5105/3/1
f 5082/3/126 4945/3/126 4946/3/126
f 5197/53/5 5208/54/5 5201/53/5
f 5198/56/5 5207/55/5 5199/55/5
f 5209/58/250 5197/57/250 5198/56/250
f 5211/42/357 5200/54/357 5197/53/357
f 5212/59/256 5199/55/256 5200/54/256
f 5210/39/253 5198/56/253 5199/55/253
f 5202/60/250 5206/56/250 5201/57/250
f 5203/61/253 5207/55/253 5206/56/253
f 5204/31/256 5208/54/256 5207/55/256
f 5205/62/357 5201/53/357 5208/54/357
f 5197/57/5 5206/56/5 5198/56/5
f 5203/23/1 5205/62/1 5204/31/1
f 5200/54/5 5207/55/5 5208/54/5
f 5148/3/5 5164/3/5 5100/3/5
f 5084/3/106 4947/3/106 5083/3/106
f 5084/3/5 4946/3/5 4948/3/5
f 5212/3/5 5209/3/5 5210/3/5
f 5279/2/1 5286/1/1 5280/1/1
f 5222/3/5 5238/3/5 5226/3/5
f 5230/19/537 5223/2/537 5229/4/537
f 5285/3/521 5287/3/521 5289/3/521
f 5228/1/1 5223/2/1 5224/1/1
f 5231/3/520 5223/3/520 5227/3/520
f 5233/3/5 5222/3/5 5221/3/5
f 5237/3/552 5241/3/552 5242/3/552
f 5225/3/5 5233/3/5 5221/3/5
f 5241/3/544 5234/3/544 5239/3/544
f 5233/3/537 5239/4/537 5234/3/537
f 5232/3/669 5227/3/669 5228/3/669
f 5244/21/531 5245/20/531 5243/22/531
f 5246/24/344 5247/23/344 5245/20/344
f 5233/3/96 5242/3/96 5240/3/96
f 5219/3/1 5081/3/1 5217/3/1
f 5226/3/5 5237/3/5 5225/3/5
f 5230/3/542 5228/3/542 5224/3/542
f 5248/26/670 5249/25/670 5247/23/670
f 5250/28/532 5251/27/532 5249/25/532
f 5252/30/671 5253/29/671 5251/27/671
f 5254/32/672 5255/31/672 5253/29/672
f 5256/34/235 5257/33/235 5255/31/235
f 5258/36/533 5259/35/533 5257/33/533
f 5260/38/38 5261/37/38 5259/35/38
f 5262/40/345 5263/39/345 5261/37/345
f 5264/42/34 5265/41/34 5263/39/34
f 5266/44/527 5267/43/527 5265/41/527
f 5268/46/50 5269/45/50 5267/43/50
f 5270/48/49 5271/47/49 5269/45/49
f 5272/50/234 5273/49/234 5271/47/234
f 5274/52/530 5243/51/530 5273/49/530
f 5296/5/558 5291/6/558 5295/7/558
f 5281/8/673 5295/7/673 5282/9/673
f 5294/12/674 5291/6/674 5292/10/674
f 5309/3/519 5301/3/519 5310/3/519
f 5310/3/91 5299/3/91 5304/3/91
f 5305/6/561 5308/12/561 5306/10/561
f 5328/5/852 5305/6/852 5306/10/852
f 5297/8/557 5327/7/557 5328/11/557
f 5277/3/567 5293/3/567 5294/3/567
f 5236/3/5 5299/3/5 5235/3/5
f 5286/3/525 5288/3/525 5280/3/525
f 5291/6/562 5327/7/562 5295/7/562
f 5282/13/523 5332/16/523 5330/14/523
f 5298/13/552 5331/15/552 5332/16/552
f 5296/5/571 5306/10/571 5292/10/571
f 5283/3/5 5299/3/5 5301/3/5
f 5284/3/5 5301/3/5 5302/3/5
f 5293/17/566 5305/6/566 5291/6/566
f 5309/3/523 5300/3/523 5302/3/523
f 5306/10/570 5294/12/570 5292/10/570
f 5308/3/565 5277/3/565 5294/3/565
f 5278/3/564 5307/3/564 5293/3/564
f 5327/7/572 5282/9/572 5295/7/572
f 5329/18/569 5297/8/569 5281/8/569
f 5303/4/522 5299/3/522 5300/3/522
f 5307/3/563 5276/3/563 5308/3/563
f 5285/3/675 5290/3/675 5286/3/675
f 5297/8/568 5296/11/568 5281/8/568
f 5282/13/537 5329/18/537 5281/8/537
f 5318/5/539 5313/6/539 5314/10/539
f 5311/8/540 5317/7/540 5318/11/540
f 5326/5/534 5321/6/534 5325/7/534
f 5319/8/676 5325/7/676 5320/9/676
f 5324/12/536 5321/6/536 5322/10/536
f 5313/6/538 5316/12/538 5314/10/538
f 5313/6/543 5325/7/543 5321/6/543
f 5312/13/544 5352/16/544 5320/13/544
f 5320/13/519 5351/15/519 5319/8/519
f 5315/3/553 5277/3/553 5316/3/553
f 5278/3/549 5323/3/549 5275/3/549
f 5288/3/5 5289/3/5 5287/3/5
f 5309/3/1 5304/3/1 5303/3/1
f 5277/3/548 5324/3/548 5316/3/548
f 5315/17/546 5321/6/546 5323/17/546
f 5312/13/522 5349/18/522 5350/14/522
f 5276/3/541 5323/3/541 5324/3/541
f 5318/11/555 5319/8/555 5311/8/555
f 5349/18/551 5319/8/551 5351/15/551
f 5314/10/547 5324/12/547 5322/10/547
f 5318/5/545 5322/10/545 5326/5/545
f 5312/9/550 5325/7/550 5317/7/550
f 5279/2/522 5288/19/522 5287/4/522
f 5229/3/5 5232/3/5 5230/3/5
f 5240/3/1 5241/3/1 5239/3/1
f 5218/3/55 5081/3/55 5082/3/55
f 5333/53/5 5344/54/5 5337/53/5
f 5334/56/850 5343/55/850 5335/55/850
f 5345/58/573 5333/57/573 5334/56/573
f 5347/42/574 5336/54/574 5333/53/574
f 5348/59/413 5335/55/413 5336/54/413
f 5346/39/186 5334/56/186 5335/55/186
f 5338/60/573 5342/56/573 5337/57/573
f 5339/61/186 5343/55/186 5342/56/186
f 5340/31/413 5344/54/413 5343/55/413
f 5341/62/574 5337/53/574 5344/54/574
f 5334/56/5 5337/57/5 5342/56/5
f 5339/23/1 5341/62/1 5340/31/1
f 5335/55/5 5344/54/5 5336/54/5
f 5236/3/5 5302/3/5 5300/3/5
f 5220/3/35 5083/3/35 5219/3/35
f 5220/3/5 5082/3/5 5084/3/5
f 5348/3/5 5345/3/5 5346/3/5
f 5354/3/5 5368/3/5 5358/3/5
f 5362/19/304 5355/2/304 5361/4/304
f 5356/1/1 5359/2/1 5355/2/1
f 5363/3/303 5355/3/303 5359/3/303
f 5365/3/5 5354/3/5 5353/3/5
f 5367/3/302 5371/3/302 5372/3/302
f 5357/3/5 5365/3/5 5353/3/5
f 5371/3/305 5366/3/305 5369/3/305
f 5365/3/304 5369/4/304 5366/3/304
f 5364/3/677 5359/3/677 5360/3/677
f 5374/21/316 5375/20/316 5373/22/316
f 5376/24/315 5377/23/315 5375/20/315
f 5365/3/309 5372/3/309 5370/3/309
f 5358/3/5 5367/3/5 5357/3/5
f 5362/3/310 5360/3/310 5356/3/310
f 5378/26/678 5379/25/678 5377/23/678
f 5380/28/313 5381/27/313 5379/25/313
f 5382/30/312 5383/29/312 5381/27/312
f 5384/32/679 5385/31/679 5383/29/679
f 5386/34/308 5387/33/308 5385/31/308
f 5388/36/307 5389/35/307 5387/33/307
f 5390/38/579 5391/37/579 5389/35/579
f 5392/40/323 5393/39/323 5391/37/323
f 5394/42/680 5395/41/680 5393/39/680
f 5396/44/321 5397/43/321 5395/41/321
f 5398/46/320 5399/45/320 5397/43/320
f 5400/48/681 5401/47/681 5399/45/681
f 5402/50/318 5403/49/318 5401/47/318
f 5404/52/682 5373/51/682 5403/49/682
f 5416/5/329 5411/6/329 5415/7/329
f 5409/8/683 5415/7/683 5410/9/683
f 5414/12/328 5411/6/328 5412/10/328
f 5419/6/327 5422/12/327 5420/10/327
f 5424/5/325 5419/6/325 5420/10/325
f 5417/8/684 5423/7/684 5424/11/684
f 5407/3/342 5413/3/342 5414/3/342
f 5411/6/685 5423/7/685 5415/7/685
f 5418/13/333 5426/14/333 5410/13/333
f 5418/13/302 5427/15/302 5428/16/302
f 5416/5/335 5420/10/335 5412/10/335
f 5413/17/336 5419/6/336 5411/6/336
f 5412/10/337 5422/12/337 5414/12/337
f 5422/3/338 5407/3/338 5414/3/338
f 5408/3/339 5421/3/339 5413/3/339
f 5423/7/340 5410/9/340 5415/7/340
f 5425/18/341 5417/8/341 5409/8/341
f 5421/3/331 5406/3/331 5422/3/331
f 5417/8/343 5416/11/343 5409/8/343
f 5410/13/334 5425/18/334 5409/8/334
f 5361/3/5 5364/3/5 5362/3/5
f 5370/3/1 5371/3/1 5369/3/1
f 5429/53/5 5440/54/5 5432/54/5
f 5439/55/5 5430/56/5 5431/55/5
f 5429/57/95 5441/58/95 5430/56/95
f 5432/54/94 5443/42/94 5429/53/94
f 5431/55/93 5444/59/93 5432/54/93
f 5430/56/92 5442/39/92 5431/55/92
f 5438/56/95 5434/60/95 5433/57/95
f 5439/55/92 5435/61/92 5438/56/92
f 5440/54/93 5436/31/93 5439/55/93
f 5433/53/94 5437/62/94 5440/54/94
f 5430/56/5 5433/57/5 5429/57/5
f 5436/31/1 5434/63/1 5435/23/1
f 5440/54/5 5431/55/5 5432/54/5
f 5441/3/5 5444/3/5 5442/3/5
f 5456/1/1 5451/2/1 5452/1/1
f 5459/3/602 5451/3/602 5455/3/602
f 5463/3/605 5467/3/605 5468/3/605
f 5461/3/601 5468/3/601 5466/3/601
f 5461/3/5 5450/3/5 5449/3/5
f 5458/3/604 5456/3/604 5452/3/604
f 5453/3/5 5461/3/5 5449/3/5
f 5454/3/5 5463/3/5 5453/3/5
f 5467/3/16 5462/3/16 5465/3/16
f 5461/3/603 5465/4/603 5462/3/603
f 5460/3/605 5455/3/605 5456/3/605
f 5478/5/686 5473/6/686 5477/7/686
f 5471/8/687 5477/7/687 5472/9/687
f 5486/5/606 5481/6/606 5482/10/606
f 5479/8/688 5485/7/688 5486/11/688
f 5481/6/611 5484/12/611 5482/10/611
f 5476/12/610 5473/6/610 5474/10/610
f 5473/6/689 5485/7/689 5477/7/689
f 5480/13/7 5488/14/7 5472/13/7
f 5480/13/605 5489/15/605 5490/16/605
f 3407/3/618 5475/3/618 5476/3/618
f 3408/3/615 5483/3/615 5475/3/615
f 5458/3/5 5459/3/5 5460/3/5
f 5466/3/1 5467/3/1 5465/3/1
f 5484/3/616 3407/3/616 5476/3/616
f 5475/17/617 5481/6/617 5473/6/617
f 5472/13/603 5487/18/603 5471/8/603
f 5483/3/614 3406/3/614 5484/3/614
f 5479/8/619 5478/11/619 5471/8/619
f 5487/18/690 5479/8/690 5471/8/690
f 5482/10/621 5476/12/621 5474/10/621
f 5478/5/622 5482/10/622 5474/10/622
f 5485/7/623 5472/9/623 5477/7/623
f 5458/19/603 5451/2/603 5457/4/603
f 5450/3/5 5464/3/5 5454/3/5
f 5496/3/5 5512/3/5 5508/3/5
f 5497/2/54 5504/19/54 5503/4/54
f 5496/3/5 5507/3/5 5495/3/5
f 5515/3/70 5511/3/70 5516/3/70
f 5499/3/5 5507/3/5 5511/3/5
f 5515/3/62 5508/3/62 5512/3/62
f 5513/4/54 5507/3/54 5508/3/54
f 5501/3/691 5506/3/691 5502/3/691
f 5519/20/43 5518/21/43 5517/22/43
f 5521/23/44 5520/24/44 5519/20/44
f 5516/3/55 5507/3/55 5514/3/55
f 5445/3/1 5493/3/1 5491/3/1
f 5500/3/5 5511/3/5 5512/3/5
f 5523/25/692 5522/26/692 5521/23/692
f 5525/27/531 5524/28/531 5523/25/531
f 5527/29/47 5526/30/47 5525/27/47
f 5529/31/693 5528/32/693 5527/29/693
f 5531/33/49 5530/34/49 5529/31/49
f 5533/35/50 5532/36/50 5531/33/50
f 5535/37/33 5534/38/33 5533/35/33
f 5537/39/34 5536/40/34 5535/37/34
f 5539/41/694 5538/42/694 5537/39/694
f 5541/43/695 5540/44/695 5539/41/695
f 5543/45/39 5542/46/39 5541/43/39
f 5545/47/696 5544/48/696 5543/45/696
f 5547/49/41 5546/50/41 5545/47/41
f 5517/51/42 5548/52/42 5547/49/42
f 5570/5/697 5565/6/697 5566/10/697
f 5555/8/77 5569/7/77 5570/11/77
f 5565/6/78 5568/12/78 5566/10/78
f 5575/3/27 5583/3/27 5584/3/27
f 5573/3/35 5584/3/35 5578/3/35
f 5582/12/79 5579/6/79 5580/10/79
f 5602/5/74 5579/6/74 5601/7/74
f 5571/8/698 5601/7/698 5572/9/698
f 5567/3/85 5551/3/85 5568/3/85
f 5573/3/5 5510/3/5 5509/3/5
f 5565/6/699 5601/7/699 5579/6/699
f 5604/14/31 5572/13/31 5556/13/31
f 5572/13/70 5605/15/70 5571/8/70
f 5570/5/89 5580/10/89 5602/5/89
f 5557/3/5 5573/3/5 5509/3/5
f 5558/3/5 5575/3/5 5557/3/5
f 5567/17/84 5579/6/84 5581/17/84
f 5583/3/31 5574/3/31 5577/3/31
f 5568/12/88 5580/10/88 5566/10/88
f 5551/3/83 5582/3/83 5568/3/83
f 5552/3/82 5581/3/82 5549/3/82
f 5556/9/90 5601/7/90 5569/7/90
f 5603/18/87 5571/8/87 5605/15/87
f 5573/3/30 5577/4/30 5574/3/30
f 5550/3/81 5581/3/81 5582/3/81
f 5564/3/700 5559/3/700 5560/3/700
f 5570/11/86 5571/8/86 5555/8/86
f 5556/13/54 5603/18/54 5604/14/54
f 5592/5/57 5587/6/57 5591/7/57
f 5585/8/701 5591/7/701 5586/9/701
f 5600/5/702 5595/6/702 5596/10/702
f 5593/8/52 5599/7/52 5600/11/52
f 5595/6/53 5598/12/53 5596/10/53
f 5590/12/56 5587/6/56 5588/10/56
f 5587/6/703 5599/7/703 5591/7/703
f 5594/13/62 5624/14/62 5586/13/62
f 5594/13/27 5625/15/27 5626/16/27
f 5551/3/71 5589/3/71 5590/3/71
f 5552/3/67 5597/3/67 5589/3/67
f 5562/3/5 5563/3/5 5564/3/5
f 5578/3/1 5583/3/1 5577/3/1
f 5598/3/66 5551/3/66 5590/3/66
f 5589/17/64 5595/6/64 5587/6/64
f 5586/13/30 5623/18/30 5585/8/30
f 5597/3/59 5550/3/59 5598/3/59
f 5593/8/73 5592/11/73 5585/8/73
f 5623/18/69 5593/8/69 5585/8/69
f 5596/10/65 5590/12/65 5588/10/65
f 5592/5/63 5596/10/63 5588/10/63
f 5599/7/68 5586/9/68 5591/7/68
f 5562/19/30 5553/2/30 5561/4/30
f 5506/3/5 5503/3/5 5504/3/5
f 5515/3/1 5514/3/1 5513/3/1
f 5445/3/96 5492/3/96 5446/3/96
f 5607/53/5 5618/54/5 5610/54/5
f 5609/55/5 5616/56/5 5608/56/5
f 5607/57/92 5619/58/92 5608/56/92
f 5610/54/95 5621/42/95 5607/53/95
f 5609/55/94 5622/59/94 5610/54/94
f 5608/56/93 5620/39/93 5609/55/93
f 5616/56/92 5612/60/92 5611/57/92
f 5617/55/93 5613/61/93 5616/56/93
f 5618/54/94 5614/31/94 5617/55/94
f 5611/53/95 5615/62/95 5618/54/95
f 5608/56/5 5611/57/5 5607/57/5
f 5614/31/1 5612/63/1 5613/23/1
f 5618/54/5 5609/55/5 5610/54/5
f 5574/3/5 5558/3/5 5510/3/5
f 5447/3/91 5494/3/91 5493/3/91
f 5448/3/5 5492/3/5 5494/3/5
f 5619/3/5 5622/3/5 5620/3/5
f 5696/1/1 5689/2/1 5690/1/1
f 5632/3/5 5648/3/5 5644/3/5
f 5633/2/152 5640/19/152 5639/4/152
f 5699/3/99 5689/3/99 5695/3/99
f 5633/2/1 5638/1/1 5634/1/1
f 5633/3/98 5641/3/98 5637/3/98
f 5632/3/5 5643/3/5 5631/3/5
f 5651/3/142 5647/3/142 5652/3/142
f 5635/3/5 5643/3/5 5647/3/5
f 5651/3/133 5644/3/133 5648/3/133
f 5649/4/125 5643/3/125 5644/3/125
f 5637/3/704 5642/3/704 5638/3/704
f 5655/20/114 5654/21/114 5653/22/114
f 5657/23/656 5656/24/656 5655/20/656
f 5650/3/126 5647/3/126 5643/3/126
f 5491/3/1 5629/3/1 5627/3/1
f 5636/3/5 5647/3/5 5648/3/5
f 5638/3/131 5640/3/131 5634/3/131
f 5659/25/474 5658/26/474 5657/23/474
f 5663/29/118 5662/30/118 5661/27/118
f 5665/31/299 5664/32/299 5663/29/299
f 5667/33/120 5666/34/120 5665/31/120
f 5669/35/121 5668/36/121 5667/33/121
f 5671/37/104 5670/38/104 5669/35/104
f 5673/39/300 5672/40/300 5671/37/300
f 5675/41/705 5674/42/705 5673/39/705
f 5677/43/706 5676/44/706 5675/41/706
f 5679/45/110 5678/46/110 5677/43/110
f 5681/47/476 5680/48/476 5679/45/476
f 5683/49/112 5682/50/112 5681/47/112
f 5653/51/113 5684/52/113 5683/49/113
f 5706/5/147 5701/6/147 5702/10/147
f 5691/8/148 5705/7/148 5706/11/148
f 5701/6/149 5704/12/149 5702/10/149
f 5711/3/102 5719/3/102 5720/3/102
f 5709/3/106 5720/3/106 5714/3/106
f 5718/12/150 5715/6/150 5716/10/150
f 5738/5/145 5715/6/145 5737/7/145
f 5707/8/707 5737/7/707 5708/9/707
f 5703/3/708 5687/3/708 5704/3/708
f 5709/3/5 5646/3/5 5645/3/5
f 5698/3/107 5696/3/107 5690/3/107
f 5701/6/709 5737/7/709 5715/6/709
f 5740/14/101 5708/13/101 5692/13/101
f 5708/13/710 5741/15/710 5707/8/710
f 5706/5/161 5716/10/161 5738/5/161
f 5693/3/5 5709/3/5 5645/3/5
f 5694/3/5 5711/3/5 5693/3/5
f 5703/17/156 5715/6/156 5717/17/156
f 5719/3/101 5710/3/101 5713/3/101
f 5704/12/160 5716/10/160 5702/10/160
f 5687/3/155 5718/3/155 5704/3/155
f 5688/3/154 5717/3/154 5685/3/154
f 5692/9/162 5737/7/162 5705/7/162
f 5739/18/712 5707/8/712 5741/15/712
f 5709/3/100 5713/4/100 5710/3/100
f 5686/3/153 5717/3/153 5718/3/153
f 5700/3/102 5695/3/102 5696/3/102
f 5706/11/158 5707/8/158 5691/8/158
f 5692/13/152 5739/18/152 5740/14/152
f 5728/5/128 5723/6/128 5727/7/128
f 5721/8/713 5727/7/713 5722/9/713
f 5736/5/122 5731/6/122 5732/10/122
f 5729/8/123 5735/7/123 5736/11/123
f 5731/6/124 5734/12/124 5732/10/124
f 5726/12/127 5723/6/127 5724/10/127
f 5723/6/714 5735/7/714 5727/7/714
f 5730/13/133 5760/14/133 5722/13/133
f 5730/13/97 5761/15/97 5762/16/97
f 5687/3/143 5725/3/143 5726/3/143
f 5688/3/139 5733/3/139 5725/3/139
f 5697/3/5 5700/3/5 5698/3/5
f 5714/3/1 5719/3/1 5713/3/1
f 5734/3/138 5687/3/138 5726/3/138
f 5725/17/136 5731/6/136 5723/6/136
f 5722/13/100 5759/18/100 5721/8/100
f 5733/3/715 5686/3/715 5734/3/715
f 5729/8/144 5728/11/144 5721/8/144
f 5759/18/716 5729/8/716 5721/8/716
f 5732/10/137 5726/12/137 5724/10/137
f 5736/5/135 5724/10/135 5728/5/135
f 5735/7/717 5722/9/717 5727/7/717
f 5698/19/100 5689/2/100 5697/4/100
f 5640/3/5 5641/3/5 5639/3/5
f 5651/3/1 5650/3/1 5649/3/1
f 5491/3/168 5628/3/168 5492/3/168
f 5747/53/850 5746/54/850 5743/53/850
f 5745/55/5 5752/56/5 5744/56/5
f 5743/57/164 5755/58/164 5744/56/164
f 5746/54/167 5757/42/167 5743/53/167
f 5745/55/166 5758/59/166 5746/54/166
f 5744/56/165 5756/39/165 5745/55/165
f 5752/56/164 5748/60/164 5747/57/164
f 5753/55/165 5749/61/165 5752/56/165
f 5754/54/166 5750/31/166 5753/55/166
f 5747/53/167 5751/62/167 5754/54/167
f 5752/56/5 5743/57/5 5744/56/5
f 5750/31/1 5748/63/1 5749/23/1
f 5746/54/5 5753/55/5 5745/55/5
f 5646/3/5 5712/3/5 5694/3/5
f 5493/3/163 5630/3/163 5629/3/163
f 5630/3/5 5492/3/5 5628/3/5
f 5755/3/5 5758/3/5 5756/3/5
f 5832/1/1 5825/2/1 5826/1/1
f 5768/3/5 5784/3/5 5780/3/5
f 5769/2/195 5776/19/195 5775/4/195
f 5835/3/171 5825/3/171 5831/3/171
f 5770/1/1 5773/2/1 5774/1/1
f 5769/3/170 5777/3/170 5773/3/170
f 5768/3/5 5779/3/5 5767/3/5
f 5787/3/718 5783/3/718 5788/3/718
f 5771/3/5 5779/3/5 5783/3/5
f 5787/3/203 5780/3/203 5784/3/203
f 5785/4/195 5779/3/195 5780/3/195
f 5773/3/718 5778/3/718 5774/3/718
f 5791/20/184 5790/21/184 5789/22/184
f 5793/23/185 5792/24/185 5791/20/185
f 5788/3/196 5779/3/196 5786/3/196
f 5627/3/1 5765/3/1 5763/3/1
f 5772/3/5 5783/3/5 5784/3/5
f 5774/3/201 5776/3/201 5770/3/201
f 5795/25/640 5794/26/640 5793/23/640
f 5797/27/187 5796/28/187 5795/25/187
f 5799/29/719 5798/30/719 5797/27/719
f 5801/31/720 5800/32/720 5799/29/720
f 5803/33/190 5802/34/190 5801/31/190
f 5805/35/191 5804/36/191 5803/33/191
f 5807/37/174 5806/38/174 5805/35/174
f 5809/39/175 5808/40/175 5807/37/175
f 5811/41/574 5810/42/574 5809/39/574
f 5813/43/179 5812/44/179 5811/41/179
f 5815/45/419 5814/46/419 5813/43/419
f 5817/47/418 5816/48/418 5815/45/418
f 5819/49/182 5818/50/182 5817/47/182
f 5789/51/183 5820/52/183 5819/49/183
f 5842/5/218 5837/6/218 5838/10/218
f 5827/8/721 5841/7/721 5842/11/721
f 5837/6/220 5840/12/220 5838/10/220
f 5847/3/169 5855/3/169 5856/3/169
f 5850/3/176 5847/3/176 5856/3/176
f 5854/12/221 5851/6/221 5852/10/221
f 5874/5/722 5851/6/722 5873/7/722
f 5843/8/723 5873/7/723 5844/9/723
f 5839/3/227 5823/3/227 5840/3/227
f 5845/3/5 5782/3/5 5781/3/5
f 5834/3/177 5832/3/177 5826/3/177
f 5837/6/222 5873/7/222 5851/6/222
f 5876/14/173 5844/13/173 5828/13/173
f 5844/13/212 5877/15/212 5843/8/212
f 5842/5/231 5852/10/231 5874/5/231
f 5829/3/5 5845/3/5 5781/3/5
f 5830/3/5 5847/3/5 5829/3/5
f 5839/17/226 5851/6/226 5853/17/226
f 5855/3/173 5846/3/173 5849/3/173
f 5840/12/230 5852/10/230 5838/10/230
f 5823/3/225 5854/3/225 5840/3/225
f 5824/3/224 5853/3/224 5821/3/224
f 5828/9/724 5873/7/724 5841/7/724
f 5875/18/725 5843/8/725 5877/15/725
f 5845/3/204 5849/4/204 5846/3/204
f 5822/3/726 5853/3/726 5854/3/726
f 5836/3/727 5831/3/727 5832/3/727
f 5842/11/228 5843/8/228 5827/8/228
f 5828/13/195 5875/18/195 5876/14/195
f 5864/5/728 5859/6/728 5863/7/728
f 5857/8/729 5863/7/729 5858/9/729
f 5872/5/192 5867/6/192 5868/10/192
f 5865/8/730 5871/7/730 5872/11/730
f 5867/6/194 5870/12/194 5868/10/194
f 5862/12/197 5859/6/197 5860/10/197
f 5859/6/202 5871/7/202 5863/7/202
f 5866/13/203 5896/14/203 5858/13/203
f 5866/13/169 5897/15/169 5898/16/169
f 5823/3/731 5861/3/731 5862/3/731
f 5824/3/209 5869/3/209 5861/3/209
f 5834/3/5 5835/3/5 5836/3/5
f 5849/3/1 5856/3/1 5855/3/1
f 5870/3/208 5823/3/208 5862/3/208
f 5861/17/206 5867/6/206 5859/6/206
f 5858/13/204 5895/18/204 5857/8/204
f 5869/3/200 5822/3/200 5870/3/200
f 5865/8/215 5864/11/215 5857/8/215
f 5895/18/732 5865/8/732 5857/8/732
f 5868/10/207 5862/12/207 5860/10/207
f 5864/5/205 5868/10/205 5860/10/205
f 5871/7/733 5858/9/733 5863/7/733
f 5834/19/204 5825/2/204 5833/4/204
f 5778/3/5 5775/3/5 5776/3/5
f 5785/3/1 5788/3/1 5786/3/1
f 5627/3/236 5764/3/236 5628/3/236
f 5879/53/5 5890/54/5 5882/54/5
f 5889/55/5 5880/56/5 5881/55/5
f 5879/57/234 5891/58/234 5880/56/234
f 5882/54/34 5893/42/34 5879/53/34
f 5881/55/235 5894/59/235 5882/54/235
f 5880/56/44 5892/39/44 5881/55/44
f 5888/56/234 5884/60/234 5883/57/234
f 5889/55/44 5885/61/44 5888/56/44
f 5890/54/235 5886/31/235 5889/55/235
f 5883/53/34 5887/62/34 5890/54/34
f 5880/56/5 5883/57/5 5879/57/5
f 5885/23/1 5887/62/1 5884/63/1
f 5882/54/5 5889/55/5 5881/55/5
f 5846/3/5 5830/3/5 5782/3/5
f 5629/3/233 5766/3/233 5765/3/233
f 5630/3/5 5764/3/5 5766/3/5
f 5891/3/5 5894/3/5 5892/3/5
f 5968/1/1 5961/2/1 5962/1/1
f 5904/3/5 5920/3/5 5916/3/5
f 5905/2/261 5912/19/261 5911/4/261
f 5967/3/239 5969/3/239 5961/3/239
f 5905/2/1 5910/1/1 5906/1/1
f 5905/3/238 5913/3/238 5909/3/238
f 5904/3/5 5915/3/5 5903/3/5
f 5923/3/277 5919/3/277 5924/3/277
f 5907/3/5 5915/3/5 5919/3/5
f 5923/3/269 5916/3/269 5920/3/269
f 5921/4/261 5915/3/261 5916/3/261
f 5909/3/734 5914/3/734 5910/3/734
f 5927/20/252 5926/21/252 5925/22/252
f 5929/23/92 5928/24/92 5927/20/92
f 5924/3/262 5915/3/262 5922/3/262
f 5763/3/1 5901/3/1 5899/3/1
f 5908/3/5 5919/3/5 5920/3/5
f 5910/3/267 5912/3/267 5906/3/267
f 5931/25/735 5930/26/735 5929/23/735
f 5933/27/254 5932/28/254 5931/25/254
f 5935/29/736 5934/30/736 5933/27/736
f 5937/31/737 5936/32/737 5935/29/737
f 5939/33/256 5938/34/256 5937/31/256
f 5941/35/257 5940/36/257 5939/33/257
f 5943/37/243 5942/38/243 5941/35/243
f 5945/39/94 5944/40/94 5943/37/94
f 5947/41/357 5946/42/357 5945/39/357
f 5949/43/247 5948/44/247 5947/41/247
f 5951/45/366 5950/46/366 5949/43/366
f 5953/47/93 5952/48/93 5951/45/93
f 5955/49/250 5954/50/250 5953/47/250
f 5925/51/251 5956/52/251 5955/49/251
f 5978/5/283 5973/6/283 5974/10/283
f 5963/8/284 5977/7/284 5978/11/284
f 5973/6/738 5976/12/738 5974/10/738
f 5983/3/237 5991/3/237 5992/3/237
f 5981/3/244 5992/3/244 5986/3/244
f 5990/12/286 5987/6/286 5988/10/286
f 6010/5/281 5987/6/281 6009/7/281
f 5979/8/739 6009/7/739 5980/9/739
f 5975/3/292 5959/3/292 5976/3/292
f 5981/3/5 5918/3/5 5917/3/5
f 5970/3/245 5968/3/245 5962/3/245
f 5973/6/287 6009/7/287 5987/6/287
f 5964/13/241 6014/16/241 5980/13/241
f 5980/13/277 6013/15/277 5979/8/277
f 5978/5/296 5988/10/296 6010/5/296
f 5965/3/5 5981/3/5 5917/3/5
f 5966/3/5 5983/3/5 5965/3/5
f 5975/17/291 5987/6/291 5989/17/291
f 5991/3/241 5982/3/241 5985/3/241
f 5976/12/295 5988/10/295 5974/10/295
f 5959/3/290 5990/3/290 5976/3/290
f 5960/3/289 5989/3/289 5957/3/289
f 5964/9/297 6009/7/297 5977/7/297
f 6011/18/294 5979/8/294 6013/15/294
f 5981/3/240 5985/4/240 5982/3/240
f 5958/3/288 5989/3/288 5990/3/288
f 5972/3/740 5967/3/740 5968/3/740
f 5978/11/293 5979/8/293 5963/8/293
f 5964/13/261 6011/18/261 6012/14/261
f 6000/5/264 5995/6/264 5999/7/264
f 5993/8/741 5999/7/741 5994/9/741
f 6008/5/258 6003/6/258 6004/10/258
f 6001/8/259 6007/7/259 6008/11/259
f 6003/6/742 6006/12/742 6004/10/742
f 5998/12/263 5995/6/263 5996/10/263
f 5995/6/268 6007/7/268 5999/7/268
f 5994/13/269 6034/16/269 6032/14/269
f 6002/13/237 6033/15/237 6034/16/237
f 5959/3/278 5997/3/278 5998/3/278
f 5960/3/274 6005/3/274 5997/3/274
f 5970/3/5 5971/3/5 5972/3/5
f 5986/3/1 5991/3/1 5985/3/1
f 6006/3/273 5959/3/273 5998/3/273
f 5997/17/271 6003/6/271 5995/6/271
f 5994/13/240 6031/18/240 5993/8/240
f 6005/3/266 5958/3/266 6006/3/266
f 6001/8/280 6000/11/280 5993/8/280
f 6031/18/276 6001/8/276 5993/8/276
f 5996/10/272 6006/12/272 5998/12/272
f 6000/5/270 6004/10/270 5996/10/270
f 6007/7/275 5994/9/275 5999/7/275
f 5970/19/240 5961/2/240 5969/4/240
f 5914/3/5 5911/3/5 5912/3/5
f 5921/3/1 5924/3/1 5922/3/1
f 5763/3/301 5900/3/301 5764/3/301
f 6015/53/5 6026/54/5 6018/54/5
f 6025/55/850 6016/56/850 6017/55/850
f 6015/57/299 6027/58/299 6016/56/299
f 6018/54/300 6029/42/300 6015/53/300
f 6017/55/111 6030/59/111 6018/54/111
f 6016/56/115 6028/39/115 6017/55/115
f 6024/56/299 6020/60/299 6019/57/299
f 6025/55/115 6021/61/115 6024/56/115
f 6026/54/111 6022/31/111 6025/55/111
f 6019/53/300 6023/62/300 6026/54/300
f 6016/56/5 6019/57/5 6015/57/5
f 6021/23/1 6023/62/1 6020/63/1
f 6026/54/5 6017/55/5 6018/54/5
f 5918/3/5 5984/3/5 5966/3/5
f 5765/3/298 5902/3/298 5901/3/298
f 5902/3/5 5764/3/5 5900/3/5
f 6027/3/5 6030/3/5 6028/3/5
f 6036/3/5 6050/3/5 6048/3/5
f 6037/2/577 6044/19/577 6043/4/577
f 6038/1/1 6041/2/1 6042/1/1
f 6037/3/576 6045/3/576 6041/3/576
f 6036/3/5 6047/3/5 6035/3/5
f 6053/3/575 6049/3/575 6054/3/575
f 6039/3/5 6047/3/5 6049/3/5
f 6053/3/333 6048/3/333 6050/3/333
f 6051/4/577 6047/3/577 6048/3/577
f 6041/3/743 6046/3/743 6042/3/743
f 6057/20/317 6056/21/317 6055/22/317
f 6059/23/318 6058/24/318 6057/20/318
f 6054/3/580 6047/3/580 6052/3/580
f 6040/3/5 6049/3/5 6050/3/5
f 6042/3/581 6044/3/581 6038/3/581
f 6061/25/681 6060/26/681 6059/23/681
f 6063/27/320 6062/28/320 6061/25/320
f 6065/29/321 6064/30/321 6063/27/321
f 6067/31/680 6066/32/680 6065/29/680
f 6069/33/323 6068/34/323 6067/31/323
f 6071/35/579 6070/36/579 6069/33/579
f 6073/37/307 6072/38/307 6071/35/307
f 6075/39/308 6074/40/308 6073/37/308
f 6077/41/679 6076/42/679 6075/39/679
f 6079/43/312 6078/44/312 6077/41/312
f 6081/45/313 6080/46/313 6079/43/313
f 6083/47/678 6082/48/678 6081/45/678
f 6085/49/315 6084/50/315 6083/47/315
f 6055/51/744 6086/52/744 6085/49/744
f 6094/5/587 6089/6/587 6090/10/587
f 6087/8/745 6093/7/745 6094/11/745
f 6089/6/586 6092/12/586 6090/10/586
f 6100/12/585 6097/6/585 6098/10/585
f 6102/5/583 6097/6/583 6101/7/583
f 6095/8/746 6101/7/746 6096/9/746
f 6091/3/598 5407/3/598 6092/3/598
f 6089/6/747 6101/7/747 6097/6/747
f 6104/14/305 6096/13/305 6088/13/305
f 6096/13/600 6105/15/600 6095/8/600
f 6094/5/591 6098/10/591 6102/5/591
f 6091/17/592 6097/6/592 6099/17/592
f 6090/10/593 6100/12/593 6098/10/593
f 5407/3/594 6100/3/594 6092/3/594
f 5408/3/595 6099/3/595 5405/3/595
f 6088/9/596 6101/7/596 6093/7/596
f 6103/18/597 6095/8/597 6105/15/597
f 5406/3/589 6099/3/589 6100/3/589
f 6094/11/599 6095/8/599 6087/8/599
f 6088/13/577 6103/18/577 6104/14/577
f 6046/3/5 6043/3/5 6044/3/5
f 6053/3/1 6052/3/1 6051/3/1
f 6107/53/850 6118/54/850 6111/53/850
f 6108/56/5 6117/55/5 6109/55/5
f 6119/58/41 6107/57/41 6108/56/41
f 6121/42/345 6110/54/345 6107/53/345
f 6122/59/49 6109/55/49 6110/54/49
f 6120/39/344 6108/56/344 6109/55/344
f 6112/60/41 6116/56/41 6111/57/41
f 6113/61/344 6117/55/344 6116/56/344
f 6114/31/49 6118/54/49 6117/55/49
f 6115/62/345 6111/53/345 6118/54/345
f 6108/56/5 6111/57/5 6116/56/5
f 6112/63/1 6114/31/1 6113/23/1
f 6109/55/5 6118/54/5 6110/54/5
f 6122/3/5 6119/3/5 6120/3/5
f 5218/3/4 5899/3/4 5217/3/4
f 5219/3/601 5902/3/601 5220/3/601
f 5218/3/5 5902/3/5 5900/3/5
f 5899/3/1 5219/3/1 5217/3/1
f 3411/3/309 4768/3/309 3412/3/309
f 3412/3/5 4766/3/5 3410/3/5
f 3410/3/580 4765/3/580 3409/3/580
f 3409/3/1 4767/3/1 3411/3/1
f 5448/3/580 4091/3/580 4092/3/580
f 5448/3/5 4090/3/5 5446/3/5
f 5446/3/309 4089/3/309 5445/3/309
f 5445/3/1 4091/3/1 5447/3/1
f 6134/3/748 6126/3/748 6133/3/748
f 6128/3/309 6127/3/309 6125/3/309
f 6134/3/749 6124/3/749 6128/3/749
f 6133/3/748 6123/3/748 5470/3/748
f 6151/3/750 6129/3/750 6131/3/750
f 6152/3/751 6131/3/751 6132/3/751
f 6130/3/752 6152/3/752 6132/3/752
f 6132/3/309 6127/3/309 6130/3/309
f 6152/3/753 6142/3/753 6151/3/753
f 6144/3/244 6143/3/244 6141/3/244
f 6152/3/754 6140/3/754 6144/3/754
f 6151/3/753 6139/3/753 6138/3/753
f 6150/3/755 6147/3/755 6148/3/755
f 6146/3/756 6150/3/756 6148/3/756
f 6148/3/244 6143/3/244 6146/3/244
f 4193/3/638 4224/3/638 4192/3/638
f 4193/3/635 4240/3/635 4232/3/635
f 4309/64/1 4317/65/1 4325/66/1
f 6145/3/757 6149/3/757 6136/3/757
f 6150/3/758 6156/3/758 6149/3/758
f 6158/3/176 6157/3/176 6155/3/176
f 6150/3/759 6154/3/759 6158/3/759
f 6149/3/758 6153/3/758 6136/3/758
f 6179/3/760 6159/3/760 6161/3/760
f 6180/3/761 6161/3/761 6162/3/761
f 6160/3/762 6180/3/762 6162/3/762
f 6162/3/176 6157/3/176 6160/3/176
f 6180/3/763 6170/3/763 6179/3/763
f 6172/3/106 6171/3/106 6169/3/106
f 6180/3/764 6168/3/764 6172/3/764
f 6179/3/763 6167/3/763 6166/3/763
f 6178/3/765 6175/3/765 6176/3/765
f 6174/3/766 6178/3/766 6176/3/766
f 6176/3/106 6171/3/106 6174/3/106
f 6173/3/767 6177/3/767 6164/3/767
f 6178/3/768 6184/3/768 6177/3/768
f 6186/3/35 6185/3/35 6183/3/35
f 6178/3/769 6182/3/769 6186/3/769
f 6177/3/768 6181/3/768 6164/3/768
f 6207/3/770 6187/3/770 6189/3/770
f 6208/3/771 6189/3/771 6190/3/771
f 6188/3/772 6208/3/772 6190/3/772
f 6190/3/35 6185/3/35 6188/3/35
f 6208/3/773 6198/3/773 6207/3/773
f 6200/3/601 6199/3/601 6197/3/601
f 6208/3/774 6196/3/774 6200/3/774
f 6207/3/773 6195/3/773 6194/3/773
f 6206/3/775 6203/3/775 6204/3/775
f 6202/3/776 6206/3/776 6204/3/776
f 6204/3/601 6199/3/601 6202/3/601
f 6201/3/777 6205/3/777 6192/3/777
f 6206/3/778 6212/3/778 6205/3/778
f 6214/3/298 6213/3/298 6211/3/298
f 6206/3/779 6210/3/779 6214/3/779
f 6205/3/778 6209/3/778 6192/3/778
f 6235/3/780 6215/3/780 6217/3/780
f 6236/3/781 6217/3/781 6218/3/781
f 6216/3/782 6236/3/782 6218/3/782
f 6218/3/298 6213/3/298 6216/3/298
f 6236/3/783 6226/3/783 6235/3/783
f 6228/3/233 6227/3/233 6225/3/233
f 6236/3/784 6224/3/784 6228/3/784
f 6235/3/783 6223/3/783 6222/3/783
f 6234/3/785 6231/3/785 6232/3/785
f 6230/3/786 6234/3/786 6232/3/786
f 6232/3/233 6227/3/233 6230/3/233
f 6229/3/787 6233/3/787 6220/3/787
f 6234/3/788 6240/3/788 6233/3/788
f 6242/3/163 6241/3/163 6239/3/163
f 6234/3/789 6238/3/789 6242/3/789
f 6233/3/788 6237/3/788 6220/3/788
f 6263/3/790 6243/3/790 6245/3/790
f 6264/3/791 6245/3/791 6246/3/791
f 6244/3/792 6264/3/792 6246/3/792
f 6246/3/163 6241/3/163 6244/3/163
f 6264/3/793 6254/3/793 6263/3/793
f 6256/3/91 6255/3/91 6253/3/91
f 6264/3/794 6252/3/794 6256/3/794
f 6263/3/793 6251/3/793 6250/3/793
f 6262/3/795 6259/3/795 6260/3/795
f 6258/3/796 6262/3/796 6260/3/796
f 6260/3/91 6255/3/91 6258/3/91
f 6257/3/797 6261/3/797 6248/3/797
f 6262/3/798 6268/3/798 6261/3/798
f 6270/3/580 6269/3/580 6267/3/580
f 6262/3/799 6266/3/799 6270/3/799
f 6261/3/798 6265/3/798 6248/3/798
f 6291/3/800 6271/3/800 6273/3/800
f 6292/3/801 6273/3/801 6274/3/801
f 6272/3/802 6292/3/802 6274/3/802
f 6274/3/580 6269/3/580 6272/3/580
f 6292/3/803 6282/3/803 6291/3/803
f 6284/3/262 6283/3/262 6281/3/262
f 6292/3/804 6280/3/804 6284/3/804
f 6291/3/803 6279/3/803 6278/3/803
f 6290/3/805 6287/3/805 6288/3/805
f 6286/3/806 6290/3/806 6288/3/806
f 6288/3/262 6283/3/262 6286/3/262
f 6285/3/807 6289/3/807 6276/3/807
f 6290/3/808 6296/3/808 6289/3/808
f 6298/3/196 6297/3/196 6295/3/196
f 6290/3/809 6294/3/809 6298/3/809
f 6289/3/808 6293/3/808 6276/3/808
f 6319/3/810 6299/3/810 6301/3/810
f 6320/3/811 6301/3/811 6302/3/811
f 6300/3/812 6320/3/812 6302/3/812
f 6302/3/196 6297/3/196 6300/3/196
f 6320/3/813 6310/3/813 6319/3/813
f 6312/3/126 6311/3/126 6309/3/126
f 6320/3/814 6308/3/814 6312/3/814
f 6319/3/813 6307/3/813 6306/3/813
f 6318/3/815 6315/3/815 6316/3/815
f 6314/3/816 6318/3/816 6316/3/816
f 6316/3/126 6311/3/126 6314/3/126
f 6313/3/817 6317/3/817 6304/3/817
f 6318/3/818 6324/3/818 6317/3/818
f 6326/3/55 6325/3/55 6323/3/55
f 6318/3/819 6322/3/819 6326/3/819
f 6317/3/818 6321/3/818 6304/3/818
f 6347/3/820 6327/3/820 6329/3/820
f 6348/3/821 6329/3/821 6330/3/821
f 6328/3/822 6348/3/822 6330/3/822
f 6330/3/55 6325/3/55 6328/3/55
f 6348/3/823 6338/3/823 6347/3/823
f 6340/3/4 6339/3/4 6337/3/4
f 6348/3/824 6336/3/824 6340/3/824
f 6347/3/823 6335/3/823 6334/3/823
f 6346/3/825 6343/3/825 6344/3/825
f 6342/3/826 6346/3/826 6344/3/826
f 6344/3/4 6339/3/4 6342/3/4
f 6341/3/827 6345/3/827 6332/3/827
f 6346/3/828 6352/3/828 6345/3/828
f 6354/3/301 6353/3/301 6351/3/301
f 6346/3/829 6350/3/829 6354/3/829
f 6345/3/828 6349/3/828 6332/3/828
f 6375/3/830 6355/3/830 6357/3/830
f 6376/3/831 6357/3/831 6358/3/831
f 6356/3/832 6376/3/832 6358/3/832
f 6358/3/301 6353/3/301 6356/3/301
f 6376/3/833 6366/3/833 6375/3/833
f 6368/3/236 6367/3/236 6365/3/236
f 6376/3/834 6364/3/834 6368/3/834
f 6375/3/833 6363/3/833 6362/3/833
f 6374/3/835 6371/3/835 6372/3/835
f 6370/3/836 6374/3/836 6372/3/836
f 6372/3/236 6367/3/236 6370/3/236
f 6369/3/837 6373/3/837 6360/3/837
f 6374/3/838 6380/3/838 6373/3/838
f 6382/3/168 6381/3/168 6379/3/168
f 6374/3/839 6378/3/839 6382/3/839
f 6373/3/838 6377/3/838 6360/3/838
f 6399/3/840 6383/3/840 6385/3/840
f 6400/3/841 6385/3/841 6386/3/841
f 6384/3/842 6400/3/842 6386/3/842
f 6386/3/168 6381/3/168 6384/3/168
f 6400/3/843 6392/3/843 6399/3/843
f 6394/3/96 6393/3/96 6391/3/96
f 6400/3/844 6390/3/844 6394/3/844
f 6399/3/843 6389/3/843 6388/3/843
f 6134/3/845 6397/3/845 6398/3/845
f 6396/3/846 6134/3/846 6398/3/846
f 6398/3/96 6393/3/96 6396/3/96
f 6395/3/847 6133/3/847 5470/3/847
f 4146/3/634 4144/3/634 4140/1/634
f 4202/3/627 4204/3/627 4196/1/627
f 6420/1/1 6415/2/1 6416/1/1
f 6423/3/2 6415/3/2 6419/3/2
f 6427/3/3 6431/3/3 6432/3/3
f 6425/3/4 6432/3/4 6430/3/4
f 6425/3/5 6414/3/5 6413/3/5
f 6422/3/6 6420/3/6 6416/3/6
f 6417/3/5 6425/3/5 6413/3/5
f 6418/3/5 6427/3/5 6417/3/5
f 6431/3/7 6426/3/7 6429/3/7
f 6425/3/8 6429/4/8 6426/3/8
f 6424/3/3 6419/3/3 6420/3/3
f 6440/5/9 6435/6/9 6439/7/9
f 6433/8/10 6439/7/10 6434/9/10
f 6448/5/11 6443/6/11 6444/10/11
f 6441/8/12 6447/7/12 6448/11/12
f 6443/6/13 6446/12/13 6444/10/13
f 6438/12/14 6435/6/14 6436/10/14
f 6435/6/15 6447/7/15 6439/7/15
f 6442/13/16 6450/14/16 6434/13/16
f 6442/13/3 6451/15/3 6452/16/3
f 6403/3/17 6437/3/17 6438/3/17
f 6404/3/18 6445/3/18 6437/3/18
f 6422/3/5 6423/3/5 6424/3/5
f 6430/3/1 6431/3/1 6429/3/1
f 6446/3/19 6403/3/19 6438/3/19
f 6437/17/20 6443/6/20 6435/6/20
f 6434/13/8 6449/18/8 6433/8/8
f 6445/3/21 6402/3/21 6446/3/21
f 6441/8/22 6440/11/22 6433/8/22
f 6449/18/23 6441/8/23 6433/8/23
f 6444/10/24 6438/12/24 6436/10/24
f 6440/5/25 6444/10/25 6436/10/25
f 6447/7/26 6434/9/26 6439/7/26
f 6422/19/8 6415/2/8 6421/4/8
f 6414/3/5 6428/3/5 6418/3/5
f 6522/1/1 6515/2/1 6516/1/1
f 6458/3/5 6474/3/5 6470/3/5
f 6459/2/27 6466/19/27 6465/4/27
f 6525/3/28 6515/3/28 6521/3/28
f 6460/1/1 6463/2/1 6464/1/1
f 6459/3/29 6467/3/29 6463/3/29
f 6458/3/5 6469/3/5 6457/3/5
f 6477/3/30 6473/3/30 6478/3/30
f 6461/3/5 6469/3/5 6473/3/5
f 6477/3/31 6470/3/31 6474/3/31
f 6475/4/27 6469/3/27 6470/3/27
f 6463/3/32 6468/3/32 6464/3/32
f 6481/20/33 6480/21/33 6479/22/33
f 6483/23/34 6482/24/34 6481/20/34
f 6476/3/35 6473/3/35 6469/3/35
f 6409/3/1 6455/3/1 6453/3/1
f 6462/3/5 6473/3/5 6474/3/5
f 6464/3/36 6466/3/36 6460/3/36
f 6485/25/37 6484/26/37 6483/23/37
f 6487/27/38 6486/28/38 6485/25/38
f 6489/29/39 6488/30/39 6487/27/39
f 6491/31/40 6490/32/40 6489/29/40
f 6493/33/41 6492/34/41 6491/31/41
f 6495/35/42 6494/36/42 6493/33/42
f 6497/37/43 6496/38/43 6495/35/43
f 6499/39/44 6498/40/44 6497/37/44
f 6501/41/45 6500/42/45 6499/39/45
f 6503/43/46 6502/44/46 6501/41/46
f 6505/45/47 6504/46/47 6503/43/47
f 6507/47/48 6506/48/48 6505/45/48
f 6509/49/49 6508/50/49 6507/47/49
f 6479/51/50 6510/52/50 6509/49/50
f 6532/5/51 6527/6/51 6528/10/51
f 6517/8/52 6531/7/52 6532/11/52
f 6527/6/53 6530/12/53 6528/10/53
f 6537/3/54 6545/3/54 6546/3/54
f 6540/3/55 6537/3/55 6546/3/55
f 6544/12/56 6541/6/56 6542/10/56
f 6564/5/57 6541/6/57 6563/7/57
f 6533/8/58 6563/7/58 6534/9/58
f 6529/3/59 6513/3/59 6530/3/59
f 6535/3/5 6472/3/5 6471/3/5
f 6524/3/60 6522/3/60 6516/3/60
f 6527/6/703 6563/7/703 6541/6/703
f 6566/14/62 6534/13/62 6518/13/62
f 6534/13/30 6567/15/30 6533/8/30
f 6532/5/63 6542/10/63 6564/5/63
f 6519/3/5 6535/3/5 6471/3/5
f 6520/3/5 6537/3/5 6519/3/5
f 6529/17/64 6541/6/64 6543/17/64
f 6545/3/62 6536/3/62 6539/3/62
f 6530/12/65 6542/10/65 6528/10/65
f 6513/3/66 6544/3/66 6530/3/66
f 6514/3/67 6543/3/67 6511/3/67
f 6518/9/68 6563/7/68 6531/7/68
f 6565/18/69 6533/8/69 6567/15/69
f 6535/3/70 6539/4/70 6536/3/70
f 6512/3/71 6543/3/71 6544/3/71
f 6526/3/72 6521/3/72 6522/3/72
f 6532/11/73 6533/8/73 6517/8/73
f 6518/13/27 6565/18/27 6566/14/27
f 6554/5/74 6549/6/74 6553/7/74
f 6547/8/75 6553/7/75 6548/9/75
f 6562/5/76 6557/6/76 6558/10/76
f 6555/8/77 6561/7/77 6562/11/77
f 6557/6/78 6560/12/78 6558/10/78
f 6552/12/79 6549/6/79 6550/10/79
f 6549/6/80 6561/7/80 6553/7/80
f 6556/13/31 6586/14/31 6548/13/31
f 6556/13/54 6587/15/54 6588/16/54
f 6513/3/81 6551/3/81 6552/3/81
f 6514/3/82 6559/3/82 6551/3/82
f 6524/3/5 6525/3/5 6526/3/5
f 6540/3/1 6545/3/1 6539/3/1
f 6560/3/83 6513/3/83 6552/3/83
f 6551/17/84 6557/6/84 6549/6/84
f 6548/13/70 6585/18/70 6547/8/70
f 6559/3/85 6512/3/85 6560/3/85
f 6555/8/86 6554/11/86 6547/8/86
f 6585/18/87 6555/8/87 6547/8/87
f 6558/10/88 6552/12/88 6550/10/88
f 6554/5/89 6558/10/89 6550/10/89
f 6561/7/90 6548/9/90 6553/7/90
f 6524/19/70 6515/2/70 6523/4/70
f 6468/3/5 6465/3/5 6466/3/5
f 6477/3/1 6476/3/1 6475/3/1
f 6409/3/91 6454/3/91 6410/3/91
f 6569/53/5 6580/54/5 6572/54/5
f 6571/55/5 6578/56/5 6570/56/5
f 6569/57/94 6581/58/94 6570/56/94
f 6572/54/93 6583/42/93 6569/53/93
f 6571/55/92 6584/59/92 6572/54/92
f 6570/56/95 6582/39/95 6571/55/95
f 6578/56/94 6574/60/94 6573/57/94
f 6579/55/95 6575/61/95 6578/56/95
f 6580/54/92 6576/31/92 6579/55/92
f 6573/53/93 6577/62/93 6580/54/93
f 6570/56/850 6573/57/850 6569/57/850
f 6576/31/1 6574/63/1 6575/23/1
f 6580/54/5 6571/55/5 6572/54/5
f 6536/3/5 6520/3/5 6472/3/5
f 6411/3/96 6456/3/96 6455/3/96
f 6412/3/5 6454/3/5 6456/3/5
f 6581/3/5 6584/3/5 6582/3/5
f 6658/1/1 6651/2/1 6652/1/1
f 6594/3/5 6610/3/5 6606/3/5
f 6595/2/97 6602/19/97 6601/4/97
f 6661/3/98 6651/3/98 6657/3/98
f 6595/2/1 6600/1/1 6596/1/1
f 6595/3/99 6603/3/99 6599/3/99
f 6594/3/5 6605/3/5 6593/3/5
f 6613/3/100 6609/3/100 6614/3/100
f 6597/3/5 6605/3/5 6609/3/5
f 6613/3/101 6606/3/101 6610/3/101
f 6611/4/102 6605/3/102 6606/3/102
f 6599/3/103 6604/3/103 6600/3/103
f 6617/20/104 6616/21/104 6615/22/104
f 6619/23/105 6618/24/105 6617/20/105
f 6612/3/106 6609/3/106 6605/3/106
f 6453/3/1 6591/3/1 6589/3/1
f 6598/3/5 6609/3/5 6610/3/5
f 6600/3/107 6602/3/107 6596/3/107
f 6621/25/108 6620/26/108 6619/23/108
f 6623/27/109 6622/28/109 6621/25/109
f 6625/29/110 6624/30/110 6623/27/110
f 6627/31/111 6626/32/111 6625/29/111
f 6629/33/112 6628/34/112 6627/31/112
f 6631/35/113 6630/36/113 6629/33/113
f 6633/37/114 6632/38/114 6631/35/114
f 6635/39/115 6634/40/115 6633/37/115
f 6637/41/116 6636/42/116 6635/39/116
f 6639/43/117 6638/44/117 6637/41/117
f 6641/45/118 6640/46/118 6639/43/118
f 6643/47/119 6642/48/119 6641/45/119
f 6645/49/120 6644/50/120 6643/47/120
f 6615/51/121 6646/52/121 6645/49/121
f 6668/5/122 6663/6/122 6664/10/122
f 6653/8/123 6667/7/123 6668/11/123
f 6663/6/124 6666/12/124 6664/10/124
f 6673/3/125 6681/3/125 6682/3/125
f 6671/3/126 6682/3/126 6676/3/126
f 6680/12/127 6677/6/127 6678/10/127
f 6700/5/128 6677/6/128 6699/7/128
f 6669/8/129 6699/7/129 6670/9/129
f 6665/3/130 6649/3/130 6666/3/130
f 6671/3/5 6608/3/5 6607/3/5
f 6660/3/131 6658/3/131 6652/3/131
f 6663/6/132 6699/7/132 6677/6/132
f 6702/14/133 6670/13/133 6654/13/133
f 6670/13/134 6703/15/134 6669/8/134
f 6668/5/135 6678/10/135 6700/5/135
f 6655/3/5 6671/3/5 6607/3/5
f 6656/3/5 6673/3/5 6655/3/5
f 6665/17/136 6677/6/136 6679/17/136
f 6681/3/133 6672/3/133 6675/3/133
f 6666/12/137 6678/10/137 6664/10/137
f 6649/3/138 6680/3/138 6666/3/138
f 6650/3/139 6679/3/139 6647/3/139
f 6654/9/717 6699/7/717 6667/7/717
f 6701/18/141 6669/8/141 6703/15/141
f 6671/3/142 6675/4/142 6672/3/142
f 6648/3/143 6679/3/143 6680/3/143
f 6662/3/125 6657/3/125 6658/3/125
f 6668/11/144 6669/8/144 6653/8/144
f 6654/13/97 6701/18/97 6702/14/97
f 6690/5/145 6685/6/145 6689/7/145
f 6683/8/146 6689/7/146 6684/9/146
f 6698/5/147 6693/6/147 6694/10/147
f 6691/8/148 6697/7/148 6698/11/148
f 6693/6/149 6696/12/149 6694/10/149
f 6688/12/150 6685/6/150 6686/10/150
f 6685/6/709 6697/7/709 6689/7/709
f 6692/13/101 6722/14/101 6684/13/101
f 6692/13/152 6723/15/152 6724/16/152
f 6649/3/153 6687/3/153 6688/3/153
f 6650/3/854 6695/3/854 6687/3/854
f 6659/3/5 6662/3/5 6660/3/5
f 6676/3/1 6681/3/1 6675/3/1
f 6696/3/155 6649/3/155 6688/3/155
f 6687/17/156 6693/6/156 6685/6/156
f 6684/13/142 6721/18/142 6683/8/142
f 6695/3/157 6648/3/157 6696/3/157
f 6691/8/158 6690/11/158 6683/8/158
f 6721/18/159 6691/8/159 6683/8/159
f 6694/10/160 6688/12/160 6686/10/160
f 6690/5/161 6694/10/161 6686/10/161
f 6697/7/162 6684/9/162 6689/7/162
f 6660/19/142 6651/2/142 6659/4/142
f 6602/3/5 6603/3/5 6601/3/5
f 6613/3/1 6612/3/1 6611/3/1
f 6453/3/163 6590/3/163 6454/3/163
f 6709/53/5 6708/54/5 6705/53/5
f 6707/55/5 6714/56/5 6706/56/5
f 6705/57/166 6717/58/166 6706/56/166
f 6708/54/165 6719/42/165 6705/53/165
f 6707/55/164 6720/59/164 6708/54/164
f 6706/56/167 6718/39/167 6707/55/167
f 6714/56/166 6710/60/166 6709/57/166
f 6715/55/167 6711/61/167 6714/56/167
f 6716/54/164 6712/31/164 6715/55/164
f 6709/53/165 6713/62/165 6716/54/165
f 6714/56/850 6705/57/850 6706/56/850
f 6712/31/1 6710/63/1 6711/23/1
f 6708/54/5 6715/55/5 6707/55/5
f 6608/3/5 6674/3/5 6656/3/5
f 6455/3/168 6592/3/168 6591/3/168
f 6592/3/5 6454/3/5 6590/3/5
f 6717/3/5 6720/3/5 6718/3/5
f 6794/1/1 6787/2/1 6788/1/1
f 6730/3/5 6746/3/5 6742/3/5
f 6731/2/169 6738/19/169 6737/4/169
f 6797/3/170 6787/3/170 6793/3/170
f 6732/1/1 6735/2/1 6736/1/1
f 6731/3/171 6739/3/171 6735/3/171
f 6730/3/5 6741/3/5 6729/3/5
f 6749/3/172 6745/3/172 6750/3/172
f 6733/3/5 6741/3/5 6745/3/5
f 6749/3/173 6742/3/173 6746/3/173
f 6747/4/169 6741/3/169 6742/3/169
f 6735/3/172 6740/3/172 6736/3/172
f 6753/20/174 6752/21/174 6751/22/174
f 6755/23/175 6754/24/175 6753/20/175
f 6750/3/176 6741/3/176 6748/3/176
f 6589/3/1 6727/3/1 6725/3/1
f 6734/3/5 6745/3/5 6746/3/5
f 6736/3/177 6738/3/177 6732/3/177
f 6757/25/178 6756/26/178 6755/23/178
f 6759/27/179 6758/28/179 6757/25/179
f 6761/29/180 6760/30/180 6759/27/180
f 6763/31/181 6762/32/181 6761/29/181
f 6765/33/182 6764/34/182 6763/31/182
f 6767/35/183 6766/36/183 6765/33/183
f 6769/37/184 6768/38/184 6767/35/184
f 6771/39/185 6770/40/185 6769/37/185
f 6773/41/186 6772/42/186 6771/39/186
f 6775/43/187 6774/44/187 6773/41/187
f 6777/45/188 6776/46/188 6775/43/188
f 6779/47/189 6778/48/189 6777/45/189
f 6781/49/413 6780/50/413 6779/47/413
f 6751/51/191 6782/52/191 6781/49/191
f 6804/5/192 6799/6/192 6800/10/192
f 6789/8/730 6803/7/730 6804/11/730
f 6799/6/194 6802/12/194 6800/10/194
f 6809/3/195 6817/3/195 6818/3/195
f 6812/3/196 6809/3/196 6818/3/196
f 6816/12/197 6813/6/197 6814/10/197
f 6836/5/198 6813/6/198 6835/7/198
f 6805/8/199 6835/7/199 6806/9/199
f 6801/3/200 6785/3/200 6802/3/200
f 6807/3/5 6744/3/5 6743/3/5
f 6796/3/201 6794/3/201 6788/3/201
f 6803/7/855 6813/6/855 6799/6/855
f 6790/13/203 6840/16/203 6806/13/203
f 6806/13/204 6839/15/204 6805/8/204
f 6804/5/205 6814/10/205 6836/5/205
f 6791/3/5 6807/3/5 6743/3/5
f 6792/3/5 6809/3/5 6791/3/5
f 6801/17/206 6813/6/206 6815/17/206
f 6817/3/203 6808/3/203 6811/3/203
f 6802/12/207 6814/10/207 6800/10/207
f 6785/3/208 6816/3/208 6802/3/208
f 6786/3/209 6815/3/209 6783/3/209
f 6790/9/210 6835/7/210 6803/7/210
f 6837/18/211 6805/8/211 6839/15/211
f 6807/3/718 6811/4/718 6808/3/718
f 6784/3/213 6815/3/213 6816/3/213
f 6798/3/214 6793/3/214 6794/3/214
f 6804/11/215 6805/8/215 6789/8/215
f 6790/13/169 6837/18/169 6838/14/169
f 6826/5/216 6821/6/216 6825/7/216
f 6819/8/217 6825/7/217 6820/9/217
f 6834/5/218 6829/6/218 6830/10/218
f 6827/8/219 6833/7/219 6834/11/219
f 6829/6/220 6832/12/220 6830/10/220
f 6824/12/221 6821/6/221 6822/10/221
f 6821/6/856 6833/7/856 6825/7/856
f 6820/13/173 6860/16/173 6858/14/173
f 6828/13/195 6859/15/195 6860/16/195
f 6785/3/223 6823/3/223 6824/3/223
f 6786/3/224 6831/3/224 6823/3/224
f 6796/3/5 6797/3/5 6798/3/5
f 6811/3/1 6818/3/1 6817/3/1
f 6832/3/225 6785/3/225 6824/3/225
f 6823/17/226 6829/6/226 6821/6/226
f 6820/13/212 6857/18/212 6819/8/212
f 6831/3/227 6784/3/227 6832/3/227
f 6827/8/228 6826/11/228 6819/8/228
f 6857/18/229 6827/8/229 6819/8/229
f 6830/10/230 6824/12/230 6822/10/230
f 6826/5/231 6830/10/231 6822/10/231
f 6833/7/232 6820/9/232 6825/7/232
f 6796/19/212 6787/2/212 6795/4/212
f 6740/3/5 6737/3/5 6738/3/5
f 6747/3/1 6750/3/1 6748/3/1
f 6589/3/233 6726/3/233 6590/3/233
f 6841/53/850 6852/54/850 6844/54/850
f 6851/55/5 6842/56/5 6843/55/5
f 6841/57/235 6853/58/235 6842/56/235
f 6844/54/44 6855/42/44 6841/53/44
f 6843/55/234 6856/59/234 6844/54/234
f 6842/56/34 6854/39/34 6843/55/34
f 6850/56/235 6846/60/235 6845/57/235
f 6851/55/34 6847/61/34 6850/56/34
f 6852/54/234 6848/31/234 6851/55/234
f 6845/53/44 6849/62/44 6852/54/44
f 6842/56/5 6845/57/5 6841/57/5
f 6847/23/1 6849/62/1 6846/63/1
f 6844/54/5 6851/55/5 6843/55/5
f 6808/3/5 6792/3/5 6744/3/5
f 6591/3/236 6728/3/236 6727/3/236
f 6592/3/5 6726/3/5 6728/3/5
f 6853/3/5 6856/3/5 6854/3/5
f 6930/1/1 6923/2/1 6924/1/1
f 6866/3/5 6882/3/5 6878/3/5
f 6867/2/237 6874/19/237 6873/4/237
f 6933/3/238 6923/3/238 6929/3/238
f 6867/2/1 6872/1/1 6868/1/1
f 6867/3/239 6875/3/239 6871/3/239
f 6866/3/5 6877/3/5 6865/3/5
f 6885/3/240 6881/3/240 6886/3/240
f 6869/3/5 6877/3/5 6881/3/5
f 6885/3/241 6878/3/241 6882/3/241
f 6883/4/237 6877/3/237 6878/3/237
f 6871/3/242 6876/3/242 6872/3/242
f 6889/20/243 6888/21/243 6887/22/243
f 6891/23/94 6890/24/94 6889/20/94
f 6886/3/244 6877/3/244 6884/3/244
f 6725/3/1 6863/3/1 6861/3/1
f 6870/3/5 6881/3/5 6882/3/5
f 6872/3/245 6874/3/245 6868/3/245
f 6893/25/246 6892/26/246 6891/23/246
f 6895/27/247 6894/28/247 6893/25/247
f 6897/29/248 6896/30/248 6895/27/248
f 6899/31/249 6898/32/249 6897/29/249
f 6901/33/250 6900/34/250 6899/31/250
f 6903/35/251 6902/36/251 6901/33/251
f 6905/37/252 6904/38/252 6903/35/252
f 6907/39/92 6906/40/92 6905/37/92
f 6909/41/253 6908/42/253 6907/39/253
f 6911/43/254 6910/44/254 6909/41/254
f 6913/45/255 6912/46/255 6911/43/255
f 6915/47/95 6914/48/95 6913/45/95
f 6917/49/256 6916/50/256 6915/47/256
f 6887/51/257 6918/52/257 6917/49/257
f 6940/5/258 6935/6/258 6936/10/258
f 6925/8/259 6939/7/259 6940/11/259
f 6935/6/260 6938/12/260 6936/10/260
f 6945/3/261 6953/3/261 6954/3/261
f 6943/3/262 6954/3/262 6948/3/262
f 6952/12/263 6949/6/263 6950/10/263
f 6972/5/264 6949/6/264 6971/7/264
f 6941/8/265 6971/7/265 6942/9/265
f 6937/3/266 6921/3/266 6938/3/266
f 6943/3/5 6880/3/5 6879/3/5
f 6932/3/267 6930/3/267 6924/3/267
f 6935/6/268 6971/7/268 6949/6/268
f 6926/13/269 6976/16/269 6942/13/269
f 6942/13/857 6975/15/857 6941/8/857
f 6940/5/270 6950/10/270 6972/5/270
f 6927/3/5 6943/3/5 6879/3/5
f 6928/3/5 6945/3/5 6927/3/5
f 6937/17/271 6949/6/271 6951/17/271
f 6953/3/269 6944/3/269 6947/3/269
f 6938/12/272 6950/10/272 6936/10/272
f 6921/3/273 6952/3/273 6938/3/273
f 6922/3/274 6951/3/274 6919/3/274
f 6926/9/275 6971/7/275 6939/7/275
f 6973/18/276 6941/8/276 6975/15/276
f 6943/3/277 6947/4/277 6944/3/277
f 6920/3/278 6951/3/278 6952/3/278
f 6934/3/279 6929/3/279 6930/3/279
f 6940/11/280 6941/8/280 6925/8/280
f 6926/13/237 6973/18/237 6974/14/237
f 6962/5/281 6957/6/281 6961/7/281
f 6955/8/282 6961/7/282 6956/9/282
f 6970/5/283 6965/6/283 6966/10/283
f 6963/8/284 6969/7/284 6970/11/284
f 6965/6/738 6968/12/738 6966/10/738
f 6960/12/286 6957/6/286 6958/10/286
f 6957/6/287 6969/7/287 6961/7/287
f 6956/13/241 6996/16/241 6994/14/241
f 6964/13/261 6995/15/261 6996/16/261
f 6921/3/288 6959/3/288 6960/3/288
f 6922/3/289 6967/3/289 6959/3/289
f 6932/3/5 6933/3/5 6934/3/5
f 6948/3/1 6953/3/1 6947/3/1
f 6968/3/290 6921/3/290 6960/3/290
f 6959/17/291 6965/6/291 6957/6/291
f 6956/13/277 6993/18/277 6955/8/277
f 6967/3/292 6920/3/292 6968/3/292
f 6963/8/293 6962/11/293 6955/8/293
f 6993/18/294 6963/8/294 6955/8/294
f 6966/10/295 6960/12/295 6958/10/295
f 6962/5/296 6966/10/296 6958/10/296
f 6969/7/297 6956/9/297 6961/7/297
f 6932/19/277 6923/2/277 6931/4/277
f 6876/3/5 6873/3/5 6874/3/5
f 6883/3/1 6886/3/1 6884/3/1
f 6725/3/298 6862/3/298 6726/3/298
f 6977/53/848 6988/54/848 6980/54/848
f 6987/55/5 6978/56/5 6979/55/5
f 6977/57/111 6989/58/111 6978/56/111
f 6980/54/115 6991/42/115 6977/53/115
f 6979/55/299 6992/59/299 6980/54/299
f 6978/56/300 6990/39/300 6979/55/300
f 6986/56/111 6982/60/111 6981/57/111
f 6987/55/300 6983/61/300 6986/56/300
f 6988/54/299 6984/31/299 6987/55/299
f 6981/53/115 6985/62/115 6988/54/115
f 6978/56/5 6981/57/5 6977/57/5
f 6983/23/1 6985/62/1 6982/63/1
f 6988/54/848 6979/55/848 6980/54/848
f 6880/3/5 6946/3/5 6928/3/5
f 6727/3/301 6864/3/301 6863/3/301
f 6864/3/5 6726/3/5 6862/3/5
f 6989/3/5 6992/3/5 6990/3/5
f 6998/3/5 7012/3/5 7010/3/5
f 6999/2/302 7006/19/302 7005/4/302
f 7000/1/1 7003/2/1 7004/1/1
f 6999/3/303 7007/3/303 7003/3/303
f 6998/3/5 7009/3/5 6997/3/5
f 7015/3/304 7011/3/304 7016/3/304
f 7001/3/5 7009/3/5 7011/3/5
f 7015/3/305 7010/3/305 7012/3/305
f 7013/4/302 7009/3/302 7010/3/302
f 7003/3/306 7008/3/306 7004/3/306
f 7019/20/307 7018/21/307 7017/22/307
f 7021/23/308 7020/24/308 7019/20/308
f 7016/3/309 7009/3/309 7014/3/309
f 7002/3/5 7011/3/5 7012/3/5
f 7004/3/310 7006/3/310 7000/3/310
f 7023/25/311 7022/26/311 7021/23/311
f 7025/27/312 7024/28/312 7023/25/312
f 7027/29/313 7026/30/313 7025/27/313
f 7029/31/314 7028/32/314 7027/29/314
f 7031/33/315 7030/34/315 7029/31/315
f 7033/35/316 7032/36/316 7031/33/316
f 7035/37/317 7034/38/317 7033/35/317
f 7037/39/318 7036/40/318 7035/37/318
f 7039/41/319 7038/42/319 7037/39/319
f 7041/43/320 7040/44/320 7039/41/320
f 7043/45/321 7042/46/321 7041/43/321
f 7045/47/322 7044/48/322 7043/45/322
f 7047/49/323 7046/50/323 7045/47/323
f 7017/51/324 7048/52/324 7047/49/324
f 7060/5/325 7055/6/325 7056/10/325
f 7053/8/326 7059/7/326 7060/11/326
f 7055/6/327 7058/12/327 7056/10/327
f 7066/12/328 7063/6/328 7064/10/328
f 7068/5/329 7063/6/329 7067/7/329
f 7061/8/330 7067/7/330 7062/9/330
f 7057/3/331 7051/3/331 7058/3/331
f 7055/6/685 7067/7/685 7063/6/685
f 7070/14/333 7062/13/333 7054/13/333
f 7062/13/334 7071/15/334 7061/8/334
f 7060/5/335 7064/10/335 7068/5/335
f 7057/17/336 7063/6/336 7065/17/336
f 7058/12/337 7064/10/337 7056/10/337
f 7051/3/338 7066/3/338 7058/3/338
f 7052/3/339 7065/3/339 7049/3/339
f 7054/9/340 7067/7/340 7059/7/340
f 7069/18/341 7061/8/341 7071/15/341
f 7050/3/342 7065/3/342 7066/3/342
f 7060/11/343 7061/8/343 7053/8/343
f 7054/13/302 7069/18/302 7070/14/302
f 7008/3/5 7005/3/5 7006/3/5
f 7015/3/1 7014/3/1 7013/3/1
f 7073/53/858 7084/54/858 7077/53/858
f 7074/56/848 7083/55/848 7075/55/848
f 7085/58/49 7073/57/49 7074/56/49
f 7087/42/344 7076/54/344 7073/53/344
f 7088/59/41 7075/55/41 7076/54/41
f 7086/39/345 7074/56/345 7075/55/345
f 7078/60/49 7082/56/49 7077/57/49
f 7079/61/345 7083/55/345 7082/56/345
f 7080/31/41 7084/54/41 7083/55/41
f 7081/62/344 7077/53/344 7084/54/344
f 7074/56/5 7077/57/5 7082/56/5
f 7078/63/1 7080/31/1 7079/23/1
f 7075/55/5 7084/54/5 7076/54/5
f 7088/3/5 7085/3/5 7086/3/5
f 7095/2/1 7100/1/1 7096/1/1
f 7095/3/2 7103/3/2 7099/3/2
f 7111/3/8 7107/3/8 7112/3/8
f 7112/3/4 7105/3/4 7110/3/4
f 7094/3/5 7105/3/5 7093/3/5
f 7100/3/6 7102/3/6 7096/3/6
f 7097/3/5 7105/3/5 7107/3/5
f 7098/3/5 7107/3/5 7108/3/5
f 7111/3/7 7106/3/7 7108/3/7
f 7109/4/3 7105/3/3 7106/3/3
f 7099/3/8 7104/3/8 7100/3/8
f 7120/5/11 7115/6/11 7116/10/11
f 7113/8/346 7119/7/346 7120/11/346
f 7128/5/347 7123/6/347 7127/7/347
f 7121/8/348 7127/7/348 7122/9/348
f 7126/12/14 7123/6/14 7124/10/14
f 7115/6/13 7118/12/13 7116/10/13
f 7115/6/15 7127/7/15 7123/6/15
f 7130/14/16 7122/13/16 7114/13/16
f 7122/13/350 7131/15/350 7121/8/350
f 7117/3/21 6407/3/21 7118/3/21
f 6408/3/18 7125/3/18 6405/3/18
f 7102/3/5 7103/3/5 7101/3/5
f 7111/3/1 7110/3/1 7109/3/1
f 6407/3/19 7126/3/19 7118/3/19
f 7117/17/20 7123/6/20 7125/17/20
f 7114/13/3 7129/18/3 7130/14/3
f 6406/3/17 7125/3/17 7126/3/17
f 7120/11/22 7121/8/22 7113/8/22
f 7129/18/351 7121/8/351 7131/15/351
f 7118/12/24 7124/10/24 7116/10/24
f 7120/5/25 7124/10/25 7128/5/25
f 7114/9/26 7127/7/26 7119/7/26
f 7095/2/3 7102/19/3 7101/4/3
f 7094/3/5 7108/3/5 7106/3/5
f 7138/3/5 7154/3/5 7142/3/5
f 7146/19/352 7139/2/352 7145/4/352
f 7149/3/5 7138/3/5 7137/3/5
f 7153/3/353 7157/3/353 7158/3/353
f 7141/3/5 7149/3/5 7137/3/5
f 7157/3/354 7150/3/354 7155/3/354
f 7149/3/352 7155/4/352 7150/3/352
f 7148/3/355 7143/3/355 7144/3/355
f 7160/21/356 7161/20/356 7159/22/356
f 7162/24/357 7163/23/357 7161/20/357
f 7156/3/298 7153/3/298 7158/3/298
f 7135/3/1 7089/3/1 7133/3/1
f 7142/3/5 7153/3/5 7141/3/5
f 7164/26/358 7165/25/358 7163/23/358
f 7166/28/243 7167/27/243 7165/25/243
f 7168/30/359 7169/29/359 7167/27/359
f 7170/32/360 7171/31/360 7169/29/360
f 7172/34/95 7173/33/95 7171/31/95
f 7174/36/255 7175/35/255 7173/33/255
f 7176/38/361 7177/37/361 7175/35/361
f 7178/40/253 7179/39/253 7177/37/253
f 7180/42/362 7181/41/362 7179/39/362
f 7182/44/363 7183/43/363 7181/41/363
f 7184/46/364 7185/45/364 7183/43/364
f 7186/48/365 7187/47/365 7185/45/365
f 7188/50/93 7189/49/93 7187/47/93
f 7190/52/366 7159/51/366 7189/49/366
f 7212/5/367 7207/6/367 7211/7/367
f 7197/8/368 7211/7/368 7198/9/368
f 7210/12/369 7207/6/369 7208/10/369
f 7225/3/370 7217/3/370 7226/3/370
f 7220/3/301 7217/3/301 7215/3/301
f 7221/6/371 7224/12/371 7222/10/371
f 7244/5/372 7221/6/372 7222/10/372
f 7213/8/373 7243/7/373 7244/11/373
f 7193/3/374 7209/3/374 7210/3/374
f 7152/3/5 7215/3/5 7151/3/5
f 7207/6/849 7243/7/849 7211/7/849
f 7214/13/376 7246/14/376 7198/13/376
f 7214/13/353 7247/15/353 7248/16/353
f 7212/5/377 7222/10/377 7208/10/377
f 7199/3/5 7215/3/5 7217/3/5
f 7200/3/5 7217/3/5 7218/3/5
f 7209/17/378 7221/6/378 7207/6/378
f 7225/3/376 7216/3/376 7218/3/376
f 7222/10/379 7210/12/379 7208/10/379
f 7194/3/380 7223/3/380 7209/3/380
f 7243/7/381 7198/9/381 7211/7/381
f 7245/18/382 7213/8/382 7197/8/382
f 7219/4/383 7215/3/383 7216/3/383
f 7223/3/384 7192/3/384 7224/3/384
f 7201/3/385 7206/3/385 7202/3/385
f 7213/8/386 7212/11/386 7197/8/386
f 7198/13/352 7245/18/352 7197/8/352
f 7234/5/387 7229/6/387 7230/10/387
f 7227/8/388 7233/7/388 7234/11/388
f 7242/5/389 7237/6/389 7241/7/389
f 7235/8/390 7241/7/390 7236/9/390
f 7240/12/391 7237/6/391 7238/10/391
f 7229/6/392 7232/12/392 7230/10/392
f 7229/6/393 7241/7/393 7237/6/393
f 7266/14/354 7236/13/354 7228/13/354
f 7236/13/370 7267/15/370 7235/8/370
f 7231/3/394 7193/3/394 7232/3/394
f 7194/3/395 7239/3/395 7191/3/395
f 7204/3/5 7205/3/5 7203/3/5
f 7225/3/1 7220/3/1 7219/3/1
f 7231/17/396 7237/6/396 7239/17/396
f 7228/13/383 7265/18/383 7266/14/383
f 7192/3/397 7239/3/397 7240/3/397
f 7234/11/398 7235/8/398 7227/8/398
f 7265/18/399 7235/8/399 7267/15/399
f 7232/12/400 7238/10/400 7230/10/400
f 7234/5/401 7238/10/401 7242/5/401
f 7228/9/402 7241/7/402 7233/7/402
f 7195/2/383 7204/19/383 7203/4/383
f 7145/3/5 7148/3/5 7146/3/5
f 7156/3/1 7157/3/1 7155/3/1
f 7134/3/244 7089/3/244 7090/3/244
f 7249/53/5 7260/54/5 7253/53/5
f 7251/55/5 7258/56/5 7259/55/5
f 7261/58/345 7249/57/345 7250/56/345
f 7263/42/49 7252/54/49 7249/53/49
f 7264/59/344 7251/55/344 7252/54/344
f 7262/39/41 7250/56/41 7251/55/41
f 7254/60/345 7258/56/345 7253/57/345
f 7255/61/41 7259/55/41 7258/56/41
f 7256/31/344 7260/54/344 7259/55/344
f 7257/62/49 7253/53/49 7260/54/49
f 7250/56/5 7253/57/5 7258/56/5
f 7254/63/1 7256/31/1 7255/23/1
f 7252/54/5 7259/55/5 7260/54/5
f 7200/3/5 7216/3/5 7152/3/5
f 7136/3/262 7091/3/262 7135/3/262
f 7134/3/5 7092/3/5 7136/3/5
f 7264/3/5 7261/3/5 7262/3/5
f 7331/2/1 7338/1/1 7332/1/1
f 7274/3/5 7290/3/5 7278/3/5
f 7282/19/403 7275/2/403 7281/4/403
f 7331/3/404 7341/3/404 7337/3/404
f 7280/1/1 7275/2/1 7276/1/1
f 7279/3/405 7281/3/405 7275/3/405
f 7285/3/5 7274/3/5 7273/3/5
f 7289/3/406 7293/3/406 7294/3/406
f 7277/3/5 7285/3/5 7273/3/5
f 7293/3/407 7286/3/407 7291/3/407
f 7285/3/408 7291/4/408 7286/3/408
f 7284/3/409 7279/3/409 7280/3/409
f 7296/21/410 7297/20/410 7295/22/410
f 7298/24/178 7299/23/178 7297/20/178
f 7292/3/233 7289/3/233 7294/3/233
f 7271/3/1 7133/3/1 7269/3/1
f 7278/3/5 7289/3/5 7277/3/5
f 7282/3/411 7280/3/411 7276/3/411
f 7300/26/175 7301/25/175 7299/23/175
f 7304/30/412 7305/29/412 7303/27/412
f 7306/32/413 7307/31/413 7305/29/413
f 7308/34/189 7309/33/189 7307/31/189
f 7310/36/188 7311/35/188 7309/33/188
f 7312/38/414 7313/37/414 7311/35/414
f 7314/40/186 7315/39/186 7313/37/186
f 7316/42/415 7317/41/415 7315/39/415
f 7318/44/416 7319/43/416 7317/41/416
f 7320/46/417 7321/45/417 7319/43/417
f 7322/48/182 7323/47/182 7321/45/182
f 7324/50/418 7325/49/418 7323/47/418
f 7326/52/419 7295/51/419 7325/49/419
f 7348/5/420 7343/6/420 7347/7/420
f 7333/8/421 7347/7/421 7334/9/421
f 7346/12/422 7343/6/422 7344/10/422
f 7361/3/423 7353/3/423 7362/3/423
f 7362/3/236 7351/3/236 7356/3/236
f 7357/6/859 7360/12/859 7358/10/859
f 7380/5/425 7357/6/425 7358/10/425
f 7349/8/426 7379/7/426 7380/11/426
f 7329/3/427 7345/3/427 7346/3/427
f 7288/3/5 7351/3/5 7287/3/5
f 7338/3/428 7340/3/428 7332/3/428
f 7343/6/429 7379/7/429 7347/7/429
f 7350/13/430 7382/14/430 7334/13/430
f 7350/13/406 7383/15/406 7384/16/406
f 7348/5/431 7358/10/431 7344/10/431
f 7335/3/5 7351/3/5 7353/3/5
f 7336/3/5 7353/3/5 7354/3/5
f 7345/17/432 7357/6/432 7343/6/432
f 7361/3/430 7352/3/430 7354/3/430
f 7358/10/433 7346/12/433 7344/10/433
f 7360/3/434 7329/3/434 7346/3/434
f 7330/3/435 7359/3/435 7345/3/435
f 7379/7/654 7334/9/654 7347/7/654
f 7381/18/437 7349/8/437 7333/8/437
f 7355/4/438 7351/3/438 7352/3/438
f 7359/3/439 7328/3/439 7360/3/439
f 7337/3/423 7342/3/423 7338/3/423
f 7349/8/440 7348/11/440 7333/8/440
f 7334/13/403 7381/18/403 7333/8/403
f 7370/5/441 7365/6/441 7366/10/441
f 7363/8/442 7369/7/442 7370/11/442
f 7378/5/443 7373/6/443 7377/7/443
f 7371/8/444 7377/7/444 7372/9/444
f 7376/12/445 7373/6/445 7374/10/445
f 7365/6/446 7368/12/446 7366/10/446
f 7365/6/447 7377/7/447 7373/6/447
f 7402/14/407 7372/13/407 7364/13/407
f 7372/13/448 7403/15/448 7371/8/448
f 7367/3/449 7329/3/449 7368/3/449
f 7330/3/450 7375/3/450 7327/3/450
f 7342/3/5 7339/3/5 7340/3/5
f 7361/3/1 7356/3/1 7355/3/1
f 7329/3/451 7376/3/451 7368/3/451
f 7367/17/452 7373/6/452 7375/17/452
f 7364/13/438 7401/18/438 7402/14/438
f 7328/3/453 7375/3/453 7376/3/453
f 7370/11/454 7371/8/454 7363/8/454
f 7401/18/455 7371/8/455 7403/15/455
f 7368/12/456 7374/10/456 7366/10/456
f 7370/5/457 7374/10/457 7378/5/457
f 7364/9/458 7377/7/458 7369/7/458
f 7331/2/438 7340/19/438 7339/4/438
f 7282/3/5 7283/3/5 7284/3/5
f 7292/3/1 7293/3/1 7291/3/1
f 7270/3/176 7133/3/176 7134/3/176
f 7385/53/848 7396/54/848 7389/53/848
f 7387/55/5 7394/56/5 7395/55/5
f 7397/58/461 7385/57/461 7386/56/461
f 7399/42/460 7388/54/460 7385/53/460
f 7400/59/459 7387/55/459 7388/54/459
f 7398/39/462 7386/56/462 7387/55/462
f 7390/60/461 7394/56/461 7389/57/461
f 7391/61/462 7395/55/462 7394/56/462
f 7392/31/459 7396/54/459 7395/55/459
f 7393/62/460 7389/53/460 7396/54/460
f 7385/57/850 7394/56/850 7386/56/850
f 7390/63/1 7392/31/1 7391/23/1
f 7388/54/5 7395/55/5 7396/54/5
f 7288/3/5 7354/3/5 7352/3/5
f 7272/3/196 7135/3/196 7271/3/196
f 7272/3/5 7134/3/5 7136/3/5
f 7400/3/5 7397/3/5 7398/3/5
f 7467/2/1 7474/1/1 7468/1/1
f 7410/3/5 7426/3/5 7414/3/5
f 7418/19/463 7411/2/463 7417/4/463
f 7467/3/464 7477/3/464 7473/3/464
f 7412/1/1 7415/2/1 7411/2/1
f 7419/3/465 7411/3/465 7415/3/465
f 7421/3/5 7410/3/5 7409/3/5
f 7425/3/466 7429/3/466 7430/3/466
f 7413/3/5 7421/3/5 7409/3/5
f 7429/3/467 7422/3/467 7427/3/467
f 7421/3/463 7427/4/463 7422/3/463
f 7420/3/466 7415/3/466 7416/3/466
f 7432/21/109 7433/20/109 7431/22/109
f 7434/24/108 7435/23/108 7433/20/108
f 7421/3/163 7430/3/163 7428/3/163
f 7407/3/1 7269/3/1 7405/3/1
f 7414/3/5 7425/3/5 7413/3/5
f 7418/3/468 7416/3/468 7412/3/468
f 7436/26/105 7437/25/105 7435/23/105
f 7438/28/469 7439/27/469 7437/25/469
f 7440/30/470 7441/29/470 7439/27/470
f 7442/32/471 7443/31/471 7441/29/471
f 7444/34/119 7445/33/119 7443/31/119
f 7446/36/472 7447/35/472 7445/33/472
f 7448/38/473 7449/37/473 7447/35/473
f 7450/40/474 7451/39/474 7449/37/474
f 7452/42/115 7453/41/115 7451/39/115
f 7454/44/475 7455/43/475 7453/41/475
f 7456/46/113 7457/45/113 7455/43/113
f 7458/48/112 7459/47/112 7457/45/112
f 7460/50/111 7461/49/111 7459/47/111
f 7462/52/477 7431/51/477 7461/49/477
f 7484/5/478 7479/6/478 7483/7/478
f 7469/8/479 7483/7/479 7470/9/479
f 7482/12/480 7479/6/480 7480/10/480
f 7497/3/481 7489/3/481 7498/3/481
f 7492/3/168 7489/3/168 7487/3/168
f 7493/6/482 7496/12/482 7494/10/482
f 7516/5/483 7493/6/483 7494/10/483
f 7485/8/484 7515/7/484 7516/11/484
f 7465/3/485 7481/3/485 7482/3/485
f 7424/3/5 7487/3/5 7423/3/5
f 7474/3/486 7476/3/486 7468/3/486
f 7493/6/860 7483/7/860 7479/6/860
f 7470/13/488 7520/16/488 7518/14/488
f 7486/13/489 7519/15/489 7520/16/489
f 7484/5/490 7494/10/490 7480/10/490
f 7471/3/5 7487/3/5 7489/3/5
f 7472/3/5 7489/3/5 7490/3/5
f 7481/17/491 7493/6/491 7479/6/491
f 7497/3/488 7488/3/488 7490/3/488
f 7494/10/492 7482/12/492 7480/10/492
f 7496/3/493 7465/3/493 7482/3/493
f 7466/3/494 7495/3/494 7481/3/494
f 7515/7/495 7470/9/495 7483/7/495
f 7517/18/496 7485/8/496 7469/8/496
f 7491/4/655 7487/3/655 7488/3/655
f 7495/3/666 7464/3/666 7496/3/666
f 7473/3/499 7478/3/499 7474/3/499
f 7485/8/500 7484/11/500 7469/8/500
f 7470/13/463 7517/18/463 7469/8/463
f 7506/5/501 7501/6/501 7502/10/501
f 7499/8/502 7505/7/502 7506/11/502
f 7514/5/503 7509/6/503 7513/7/503
f 7507/8/504 7513/7/504 7508/9/504
f 7512/12/505 7509/6/505 7510/10/505
f 7501/6/506 7504/12/506 7502/10/506
f 7501/6/861 7513/7/861 7509/6/861
f 7500/13/467 7540/16/467 7508/13/467
f 7508/13/508 7539/15/508 7507/8/508
f 7503/3/509 7465/3/509 7504/3/509
f 7466/3/510 7511/3/510 7463/3/510
f 7476/3/5 7477/3/5 7475/3/5
f 7491/3/1 7498/3/1 7492/3/1
f 7465/3/511 7512/3/511 7504/3/511
f 7503/17/512 7509/6/512 7511/17/512
f 7500/13/497 7537/18/497 7538/14/497
f 7464/3/513 7511/3/513 7512/3/513
f 7506/11/514 7507/8/514 7499/8/514
f 7537/18/515 7507/8/515 7539/15/515
f 7504/12/516 7510/10/516 7502/10/516
f 7506/5/517 7510/10/517 7514/5/517
f 7500/9/518 7513/7/518 7505/7/518
f 7467/2/497 7476/19/497 7475/4/497
f 7417/3/5 7420/3/5 7418/3/5
f 7427/3/1 7430/3/1 7429/3/1
f 7406/3/106 7269/3/106 7270/3/106
f 7521/53/848 7532/54/848 7525/53/848
f 7522/56/5 7531/55/5 7523/55/5
f 7533/58/256 7521/57/256 7522/56/256
f 7535/42/253 7524/54/253 7521/53/253
f 7536/59/250 7523/55/250 7524/54/250
f 7534/39/357 7522/56/357 7523/55/357
f 7526/60/256 7530/56/256 7525/57/256
f 7527/61/357 7531/55/357 7530/56/357
f 7528/31/250 7532/54/250 7531/55/250
f 7529/62/253 7525/53/253 7532/54/253
f 7521/57/5 7530/56/5 7522/56/5
f 7527/23/1 7529/62/1 7528/31/1
f 7524/54/848 7531/55/848 7532/54/848
f 7472/3/5 7488/3/5 7424/3/5
f 7408/3/126 7271/3/126 7407/3/126
f 7408/3/5 7270/3/5 7272/3/5
f 7536/3/5 7533/3/5 7534/3/5
f 7603/2/1 7610/1/1 7604/1/1
f 7546/3/5 7562/3/5 7550/3/5
f 7554/19/519 7547/2/519 7553/4/519
f 7603/3/520 7613/3/520 7609/3/520
f 7552/1/1 7547/2/1 7548/1/1
f 7555/3/521 7547/3/521 7551/3/521
f 7557/3/5 7546/3/5 7545/3/5
f 7561/3/522 7565/3/522 7566/3/522
f 7549/3/5 7557/3/5 7545/3/5
f 7565/3/523 7558/3/523 7563/3/523
f 7557/3/519 7563/4/519 7558/3/519
f 7556/3/524 7551/3/524 7552/3/524
f 7568/21/38 7569/20/38 7567/22/38
f 7570/24/345 7571/23/345 7569/20/345
f 7557/3/91 7566/3/91 7564/3/91
f 7543/3/1 7405/3/1 7541/3/1
f 7550/3/5 7561/3/5 7549/3/5
f 7548/3/525 7556/3/525 7552/3/525
f 7572/26/526 7573/25/526 7571/23/526
f 7574/28/527 7575/27/527 7573/25/527
f 7576/30/528 7577/29/528 7575/27/528
f 7578/32/529 7579/31/529 7577/29/529
f 7580/34/234 7581/33/234 7579/31/234
f 7582/36/530 7583/35/530 7581/33/530
f 7584/38/531 7585/37/531 7583/35/531
f 7586/40/344 7587/39/344 7585/37/344
f 7588/42/44 7589/41/44 7587/39/44
f 7590/44/532 7591/43/532 7589/41/532
f 7592/46/42 7593/45/42 7591/43/42
f 7594/48/41 7595/47/41 7593/45/41
f 7596/50/235 7597/49/235 7595/47/235
f 7598/52/533 7567/51/533 7597/49/533
f 7620/5/534 7615/6/534 7619/7/534
f 7605/8/535 7619/7/535 7606/9/535
f 7618/12/851 7615/6/851 7616/10/851
f 7633/3/537 7625/3/537 7634/3/537
f 7634/3/96 7623/3/96 7628/3/96
f 7629/6/538 7632/12/538 7630/10/538
f 7652/5/862 7629/6/862 7630/10/862
f 7621/8/540 7651/7/540 7652/11/540
f 7601/3/541 7617/3/541 7618/3/541
f 7560/3/5 7623/3/5 7559/3/5
f 7610/3/542 7612/3/542 7604/3/542
f 7615/6/543 7651/7/543 7619/7/543
f 7606/13/544 7656/16/544 7654/14/544
f 7622/13/522 7655/15/522 7656/16/522
f 7620/5/545 7630/10/545 7616/10/545
f 7607/3/5 7623/3/5 7625/3/5
f 7608/3/5 7625/3/5 7626/3/5
f 7617/17/546 7629/6/546 7615/6/546
f 7633/3/544 7624/3/544 7626/3/544
f 7630/10/547 7618/12/547 7616/10/547
f 7632/3/548 7601/3/548 7618/3/548
f 7602/3/549 7631/3/549 7617/3/549
f 7651/7/550 7606/9/550 7619/7/550
f 7653/18/551 7621/8/551 7605/8/551
f 7627/4/552 7623/3/552 7624/3/552
f 7631/3/553 7600/3/553 7632/3/553
f 7609/3/554 7614/3/554 7610/3/554
f 7621/8/555 7620/11/555 7605/8/555
f 7606/13/519 7653/18/519 7605/8/519
f 7642/5/852 7637/6/852 7638/10/852
f 7635/8/557 7641/7/557 7642/11/557
f 7650/5/558 7645/6/558 7649/7/558
f 7643/8/559 7649/7/559 7644/9/559
f 7648/12/674 7645/6/674 7646/10/674
f 7637/6/561 7640/12/561 7638/10/561
f 7637/6/562 7649/7/562 7645/6/562
f 7636/13/523 7676/16/523 7644/13/523
f 7644/13/863 7675/15/863 7643/8/863
f 7639/3/563 7601/3/563 7640/3/563
f 7602/3/564 7647/3/564 7599/3/564
f 7612/3/5 7613/3/5 7611/3/5
f 7633/3/1 7628/3/1 7627/3/1
f 7601/3/565 7648/3/565 7640/3/565
f 7639/17/566 7645/6/566 7647/17/566
f 7636/13/552 7673/18/552 7674/14/552
f 7600/3/567 7647/3/567 7648/3/567
f 7642/11/568 7643/8/568 7635/8/568
f 7673/18/569 7643/8/569 7675/15/569
f 7640/12/570 7646/10/570 7638/10/570
f 7642/5/571 7646/10/571 7650/5/571
f 7636/9/572 7649/7/572 7641/7/572
f 7603/2/552 7612/19/552 7611/4/552
f 7553/3/5 7556/3/5 7554/3/5
f 7564/3/1 7565/3/1 7563/3/1
f 7542/3/35 7405/3/35 7406/3/35
f 7657/53/5 7668/54/5 7661/53/5
f 7658/56/5 7667/55/5 7659/55/5
f 7669/58/413 7657/57/413 7658/56/413
f 7671/42/186 7660/54/186 7657/53/186
f 7672/59/573 7659/55/573 7660/54/573
f 7670/39/574 7658/56/574 7659/55/574
f 7662/60/413 7666/56/413 7661/57/413
f 7663/61/574 7667/55/574 7666/56/574
f 7664/31/573 7668/54/573 7667/55/573
f 7665/62/186 7661/53/186 7668/54/186
f 7658/56/5 7661/57/5 7666/56/5
f 7663/23/1 7665/62/1 7664/31/1
f 7659/55/5 7668/54/5 7660/54/5
f 7560/3/5 7626/3/5 7624/3/5
f 7544/3/55 7407/3/55 7543/3/55
f 7544/3/5 7406/3/5 7408/3/5
f 7672/3/5 7669/3/5 7670/3/5
f 7678/3/5 7692/3/5 7682/3/5
f 7686/19/575 7679/2/575 7685/4/575
f 7680/1/1 7683/2/1 7679/2/1
f 7687/3/576 7679/3/576 7683/3/576
f 7689/3/5 7678/3/5 7677/3/5
f 7691/3/577 7695/3/577 7696/3/577
f 7681/3/5 7689/3/5 7677/3/5
f 7695/3/333 7690/3/333 7693/3/333
f 7689/3/575 7693/4/575 7690/3/575
f 7688/3/578 7683/3/578 7684/3/578
f 7698/21/579 7699/20/579 7697/22/579
f 7700/24/323 7701/23/323 7699/20/323
f 7689/3/580 7696/3/580 7694/3/580
f 7682/3/5 7691/3/5 7681/3/5
f 7686/3/581 7684/3/581 7680/3/581
f 7702/26/322 7703/25/322 7701/23/322
f 7704/28/321 7705/27/321 7703/25/321
f 7706/30/320 7707/29/320 7705/27/320
f 7708/32/319 7709/31/319 7707/29/319
f 7710/34/318 7711/33/318 7709/31/318
f 7712/36/317 7713/35/317 7711/33/317
f 7714/38/316 7715/37/316 7713/35/316
f 7716/40/315 7717/39/315 7715/37/315
f 7718/42/314 7719/41/314 7717/39/314
f 7720/44/313 7721/43/313 7719/41/313
f 7722/46/312 7723/45/312 7721/43/312
f 7724/48/311 7725/47/311 7723/45/311
f 7726/50/308 7727/49/308 7725/47/308
f 7728/52/582 7697/51/582 7727/49/582
f 7736/5/583 7731/6/583 7735/7/583
f 7729/8/584 7735/7/584 7730/9/584
f 7734/12/585 7731/6/585 7732/10/585
f 7739/6/586 7742/12/586 7740/10/586
f 7744/5/587 7739/6/587 7740/10/587
f 7737/8/588 7743/7/588 7744/11/588
f 7051/3/589 7733/3/589 7734/3/589
f 7731/6/590 7743/7/590 7735/7/590
f 7738/13/305 7746/14/305 7730/13/305
f 7738/13/577 7747/15/577 7748/16/577
f 7736/5/591 7740/10/591 7732/10/591
f 7733/17/592 7739/6/592 7731/6/592
f 7740/10/593 7734/12/593 7732/10/593
f 7742/3/594 7051/3/594 7734/3/594
f 7052/3/595 7741/3/595 7733/3/595
f 7743/7/596 7730/9/596 7735/7/596
f 7745/18/597 7737/8/597 7729/8/597
f 7741/3/598 7050/3/598 7742/3/598
f 7737/8/599 7736/11/599 7729/8/599
f 7730/13/600 7745/18/600 7729/8/600
f 7685/3/5 7688/3/5 7686/3/5
f 7694/3/1 7695/3/1 7693/3/1
f 7749/53/848 7760/54/848 7752/54/848
f 7759/55/5 7750/56/5 7751/55/5
f 7749/57/93 7761/58/93 7750/56/93
f 7752/54/92 7763/42/92 7749/53/92
f 7751/55/95 7764/59/95 7752/54/95
f 7750/56/94 7762/39/94 7751/55/94
f 7758/56/93 7754/60/93 7753/57/93
f 7759/55/94 7755/61/94 7758/56/94
f 7760/54/95 7756/31/95 7759/55/95
f 7753/53/92 7757/62/92 7760/54/92
f 7750/56/5 7753/57/5 7749/57/5
f 7756/31/1 7754/63/1 7755/23/1
f 7760/54/5 7751/55/5 7752/54/5
f 7761/3/5 7764/3/5 7762/3/5
f 7541/3/601 6862/3/601 6861/3/601
f 7544/3/4 6863/3/4 6864/3/4
f 7542/3/5 6864/3/5 6862/3/5
f 6861/3/1 7543/3/1 7541/3/1
f 7771/2/1 7776/1/1 7772/1/1
f 7771/3/602 7779/3/602 7775/3/602
f 7787/3/603 7783/3/603 7788/3/603
f 7788/3/601 7781/3/601 7786/3/601
f 7770/3/5 7781/3/5 7769/3/5
f 7776/3/604 7778/3/604 7772/3/604
f 7773/3/5 7781/3/5 7783/3/5
f 7774/3/5 7783/3/5 7784/3/5
f 7787/3/16 7782/3/16 7784/3/16
f 7785/4/605 7781/3/605 7782/3/605
f 7775/3/603 7780/3/603 7776/3/603
f 7796/5/606 7791/6/606 7792/10/606
f 7789/8/607 7795/7/607 7796/11/607
f 7804/5/608 7799/6/608 7803/7/608
f 7797/8/609 7803/7/609 7798/9/609
f 7802/12/610 7799/6/610 7800/10/610
f 7791/6/611 7794/12/611 7792/10/611
f 7791/6/689 7803/7/689 7799/6/689
f 7806/14/7 7798/13/7 7790/13/7
f 7798/13/613 7807/15/613 7797/8/613
f 7793/3/614 6403/3/614 7794/3/614
f 6404/3/615 7801/3/615 6401/3/615
f 7778/3/5 7779/3/5 7777/3/5
f 7787/3/1 7786/3/1 7785/3/1
f 6403/3/616 7802/3/616 7794/3/616
f 7793/17/617 7799/6/617 7801/17/617
f 7790/13/605 7805/18/605 7806/14/605
f 6402/3/618 7801/3/618 7802/3/618
f 7796/11/619 7797/8/619 7789/8/619
f 7805/18/620 7797/8/620 7807/15/620
f 7794/12/621 7800/10/621 7792/10/621
f 7796/5/622 7800/10/622 7804/5/622
f 7790/9/623 7803/7/623 7795/7/623
f 7771/2/605 7778/19/605 7777/4/605
f 7770/3/5 7784/3/5 7782/3/5
f 7871/2/1 7878/1/1 7872/1/1
f 7814/3/5 7830/3/5 7818/3/5
f 7822/19/370 7815/2/370 7821/4/370
f 7871/3/624 7881/3/624 7877/3/624
f 7816/1/1 7819/2/1 7815/2/1
f 7823/3/625 7815/3/625 7819/3/625
f 7825/3/5 7814/3/5 7813/3/5
f 7829/3/383 7833/3/383 7834/3/383
f 7817/3/5 7825/3/5 7813/3/5
f 7833/3/376 7826/3/376 7831/3/376
f 7825/3/370 7831/4/370 7826/3/370
f 7824/3/626 7819/3/626 7820/3/626
f 7836/21/361 7837/20/361 7835/22/361
f 7838/24/253 7839/23/253 7837/20/253
f 7832/3/301 7829/3/301 7834/3/301
f 7811/3/1 7765/3/1 7809/3/1
f 7818/3/5 7829/3/5 7817/3/5
f 7822/3/627 7820/3/627 7816/3/627
f 7840/26/628 7841/25/628 7839/23/628
f 7842/28/252 7843/27/252 7841/25/252
f 7844/30/364 7845/29/364 7843/27/364
f 7846/32/629 7847/31/629 7845/29/629
f 7848/34/93 7849/33/93 7847/31/93
f 7850/36/366 7851/35/366 7849/33/366
f 7852/38/356 7853/37/356 7851/35/356
f 7854/40/357 7855/39/357 7853/37/357
f 7856/42/630 7857/41/630 7855/39/630
f 7858/44/631 7859/43/631 7857/41/631
f 7860/46/359 7861/45/359 7859/43/359
f 7862/48/632 7863/47/632 7861/45/632
f 7864/50/95 7865/49/95 7863/47/95
f 7866/52/255 7835/51/255 7865/49/255
f 7888/5/389 7883/6/389 7887/7/389
f 7873/8/633 7887/7/633 7874/9/633
f 7886/12/391 7883/6/391 7884/10/391
f 7901/3/352 7893/3/352 7902/3/352
f 7896/3/298 7893/3/298 7891/3/298
f 7897/6/392 7900/12/392 7898/10/392
f 7920/5/387 7897/6/387 7898/10/387
f 7889/8/388 7919/7/388 7920/11/388
f 7869/3/397 7885/3/397 7886/3/397
f 7828/3/5 7891/3/5 7827/3/5
f 7878/3/634 7880/3/634 7872/3/634
f 7883/6/853 7919/7/853 7887/7/853
f 7890/13/354 7922/14/354 7874/13/354
f 7890/13/383 7923/15/383 7924/16/383
f 7888/5/401 7898/10/401 7884/10/401
f 7875/3/5 7891/3/5 7893/3/5
f 7876/3/5 7893/3/5 7894/3/5
f 7885/17/396 7897/6/396 7883/6/396
f 7901/3/354 7892/3/354 7894/3/354
f 7898/10/400 7886/12/400 7884/10/400
f 7900/3/635 7869/3/635 7886/3/635
f 7870/3/395 7899/3/395 7885/3/395
f 7919/7/402 7874/9/402 7887/7/402
f 7921/18/399 7889/8/399 7873/8/399
f 7895/4/353 7891/3/353 7892/3/353
f 7899/3/394 7868/3/394 7900/3/394
f 7877/3/636 7882/3/636 7878/3/636
f 7889/8/398 7888/11/398 7873/8/398
f 7874/13/370 7921/18/370 7873/8/370
f 7910/5/372 7905/6/372 7906/10/372
f 7903/8/373 7909/7/373 7910/11/373
f 7918/5/367 7913/6/367 7917/7/367
f 7911/8/637 7917/7/637 7912/9/637
f 7916/12/369 7913/6/369 7914/10/369
f 7905/6/371 7908/12/371 7906/10/371
f 7905/6/375 7917/7/375 7913/6/375
f 7942/14/376 7912/13/376 7904/13/376
f 7912/13/352 7943/15/352 7911/8/352
f 7907/3/384 7869/3/384 7908/3/384
f 7870/3/380 7915/3/380 7867/3/380
f 7880/3/5 7881/3/5 7879/3/5
f 7901/3/1 7896/3/1 7895/3/1
f 7869/3/638 7916/3/638 7908/3/638
f 7907/17/378 7913/6/378 7915/17/378
f 7904/13/353 7941/18/353 7942/14/353
f 7868/3/374 7915/3/374 7916/3/374
f 7910/11/386 7911/8/386 7903/8/386
f 7941/18/382 7911/8/382 7943/15/382
f 7908/12/379 7914/10/379 7906/10/379
f 7910/5/377 7914/10/377 7918/5/377
f 7904/9/381 7917/7/381 7909/7/381
f 7871/2/353 7880/19/353 7879/4/353
f 7821/3/5 7824/3/5 7822/3/5
f 7832/3/1 7833/3/1 7831/3/1
f 7810/3/262 7765/3/262 7766/3/262
f 7925/53/5 7936/54/5 7929/53/5
f 7927/55/5 7934/56/5 7935/55/5
f 7937/58/344 7925/57/344 7926/56/344
f 7939/42/41 7928/54/41 7925/53/41
f 7940/59/345 7927/55/345 7928/54/345
f 7938/39/49 7926/56/49 7927/55/49
f 7930/60/344 7934/56/344 7929/57/344
f 7931/61/49 7935/55/49 7934/56/49
f 7932/31/345 7936/54/345 7935/55/345
f 7933/62/41 7929/53/41 7936/54/41
f 7926/56/5 7929/57/5 7934/56/5
f 7930/63/1 7932/31/1 7931/23/1
f 7928/54/5 7935/55/5 7936/54/5
f 7876/3/5 7892/3/5 7828/3/5
f 7812/3/244 7767/3/244 7811/3/244
f 7810/3/5 7768/3/5 7812/3/5
f 7940/3/5 7937/3/5 7938/3/5
f 8007/2/1 8014/1/1 8008/1/1
f 7950/3/5 7966/3/5 7954/3/5
f 7958/19/448 7951/2/448 7957/4/448
f 8007/3/405 8017/3/405 8013/3/405
f 7956/1/1 7951/2/1 7952/1/1
f 7955/3/404 7957/3/404 7951/3/404
f 7961/3/5 7950/3/5 7949/3/5
f 7965/3/438 7969/3/438 7970/3/438
f 7953/3/5 7961/3/5 7949/3/5
f 7969/3/430 7962/3/430 7967/3/430
f 7961/3/423 7967/4/423 7962/3/423
f 7960/3/639 7955/3/639 7956/3/639
f 7972/21/414 7973/20/414 7971/22/414
f 7974/24/640 7975/23/640 7973/20/640
f 7968/3/236 7965/3/236 7970/3/236
f 7947/3/1 7809/3/1 7945/3/1
f 7954/3/5 7965/3/5 7953/3/5
f 7958/3/428 7956/3/428 7952/3/428
f 7976/26/185 7977/25/185 7975/23/185
f 7978/28/184 7979/27/184 7977/25/184
f 7980/30/417 7981/29/417 7979/27/417
f 7982/32/573 7983/31/573 7981/29/573
f 7984/34/418 7985/33/418 7983/31/418
f 7986/36/419 7987/35/419 7985/33/419
f 7988/38/410 7989/37/410 7987/35/410
f 7990/40/574 7991/39/574 7989/37/574
f 7992/42/641 7993/41/641 7991/39/641
f 7994/44/642 7995/43/642 7993/41/642
f 7996/46/412 7997/45/412 7995/43/412
f 7998/48/190 7999/47/190 7997/45/190
f 8000/50/189 8001/49/189 7999/47/189
f 8002/52/188 7971/51/188 8001/49/188
f 8024/5/643 8019/6/643 8023/7/643
f 8009/8/644 8023/7/644 8010/9/644
f 8022/12/445 8019/6/445 8020/10/445
f 8037/3/408 8029/3/408 8038/3/408
f 8038/3/233 8027/3/233 8032/3/233
f 8033/6/864 8036/12/864 8034/10/864
f 8056/5/441 8033/6/441 8034/10/441
f 8025/8/645 8055/7/645 8056/11/645
f 8005/3/646 8021/3/646 8022/3/646
f 7964/3/5 8027/3/5 7963/3/5
f 8014/3/411 8016/3/411 8008/3/411
f 8019/6/647 8055/7/647 8023/7/647
f 8026/13/407 8058/14/407 8010/13/407
f 8026/13/438 8059/15/438 8060/16/438
f 8024/5/457 8034/10/457 8020/10/457
f 8011/3/5 8027/3/5 8029/3/5
f 8012/3/5 8029/3/5 8030/3/5
f 8021/17/452 8033/6/452 8019/6/452
f 8037/3/407 8028/3/407 8030/3/407
f 8034/10/456 8022/12/456 8020/10/456
f 8036/3/451 8005/3/451 8022/3/451
f 8006/3/450 8035/3/450 8021/3/450
f 8055/7/458 8010/9/458 8023/7/458
f 8057/18/455 8025/8/455 8009/8/455
f 8031/4/406 8027/3/406 8028/3/406
f 8035/3/449 8004/3/449 8036/3/449
f 8013/3/408 8018/3/408 8014/3/408
f 8025/8/454 8024/11/454 8009/8/454
f 8010/13/448 8057/18/448 8009/8/448
f 8046/5/425 8041/6/425 8042/10/425
f 8039/8/649 8045/7/649 8046/11/649
f 8054/5/650 8049/6/650 8053/7/650
f 8047/8/651 8053/7/651 8048/9/651
f 8052/12/422 8049/6/422 8050/10/422
f 8041/6/424 8044/12/424 8042/10/424
f 8041/6/652 8053/7/652 8049/6/652
f 8078/14/430 8048/13/430 8040/13/430
f 8048/13/403 8079/15/403 8047/8/403
f 8043/3/439 8005/3/439 8044/3/439
f 8006/3/435 8051/3/435 8003/3/435
f 8018/3/5 8015/3/5 8016/3/5
f 8037/3/1 8032/3/1 8031/3/1
f 8005/3/434 8052/3/434 8044/3/434
f 8043/17/432 8049/6/432 8051/17/432
f 8040/13/406 8077/18/406 8078/14/406
f 8004/3/653 8051/3/653 8052/3/653
f 8046/11/440 8047/8/440 8039/8/440
f 8077/18/437 8047/8/437 8079/15/437
f 8044/12/433 8050/10/433 8042/10/433
f 8046/5/431 8050/10/431 8054/5/431
f 8040/9/654 8053/7/654 8045/7/654
f 8007/2/406 8016/19/406 8015/4/406
f 7958/3/5 7959/3/5 7960/3/5
f 7968/3/1 7969/3/1 7967/3/1
f 7946/3/196 7809/3/196 7810/3/196
f 8061/53/850 8072/54/850 8065/53/850
f 8063/55/5 8070/56/5 8071/55/5
f 8073/58/459 8061/57/459 8062/56/459
f 8075/42/462 8064/54/462 8061/53/462
f 8076/59/461 8063/55/461 8064/54/461
f 8074/39/460 8062/56/460 8063/55/460
f 8066/60/459 8070/56/459 8065/57/459
f 8067/61/460 8071/55/460 8070/56/460
f 8068/31/461 8072/54/461 8071/55/461
f 8069/62/462 8065/53/462 8072/54/462
f 8061/57/848 8070/56/848 8062/56/848
f 8066/63/1 8068/31/1 8067/23/1
f 8064/54/5 8071/55/5 8072/54/5
f 7964/3/5 8030/3/5 8028/3/5
f 7948/3/176 7811/3/176 7947/3/176
f 7948/3/5 7810/3/5 7812/3/5
f 8076/3/5 8073/3/5 8074/3/5
f 8143/2/1 8150/1/1 8144/1/1
f 8086/3/5 8102/3/5 8090/3/5
f 8094/19/481 8087/2/481 8093/4/481
f 8143/3/465 8153/3/465 8149/3/465
f 8088/1/1 8091/2/1 8087/2/1
f 8095/3/464 8087/3/464 8091/3/464
f 8097/3/5 8086/3/5 8085/3/5
f 8101/3/655 8105/3/655 8106/3/655
f 8089/3/5 8097/3/5 8085/3/5
f 8105/3/488 8098/3/488 8103/3/488
f 8097/3/481 8103/4/481 8098/3/481
f 8096/3/655 8091/3/655 8092/3/655
f 8108/21/473 8109/20/473 8107/22/473
f 8110/24/474 8111/23/474 8109/20/474
f 8097/3/168 8106/3/168 8104/3/168
f 8083/3/1 7945/3/1 8081/3/1
f 8090/3/5 8101/3/5 8089/3/5
f 8094/3/486 8092/3/486 8088/3/486
f 8112/26/656 8113/25/656 8111/23/656
f 8114/28/475 8115/27/475 8113/25/475
f 8116/30/657 8117/29/657 8115/27/657
f 8118/32/658 8119/31/658 8117/29/658
f 8120/34/476 8121/33/476 8119/31/476
f 8122/36/477 8123/35/477 8121/33/477
f 8124/38/109 8125/37/109 8123/35/109
f 8126/40/108 8127/39/108 8125/37/108
f 8128/42/300 8129/41/300 8127/39/300
f 8130/44/469 8131/43/469 8129/41/469
f 8132/46/121 8133/45/121 8131/43/121
f 8134/48/120 8135/47/120 8133/45/120
f 8136/50/299 8137/49/299 8135/47/299
f 8138/52/472 8107/51/472 8137/49/472
f 8160/5/503 8155/6/503 8159/7/503
f 8145/8/659 8159/7/659 8146/9/659
f 8158/12/505 8155/6/505 8156/10/505
f 8173/3/463 8165/3/463 8174/3/463
f 8168/3/163 8165/3/163 8163/3/163
f 8169/6/506 8172/12/506 8170/10/506
f 8192/5/501 8169/6/501 8170/10/501
f 8161/8/502 8191/7/502 8192/11/502
f 8141/3/513 8157/3/513 8158/3/513
f 8100/3/5 8163/3/5 8099/3/5
f 8150/3/468 8152/3/468 8144/3/468
f 8169/6/861 8159/7/861 8155/6/861
f 8146/13/467 8196/16/467 8194/14/467
f 8162/13/497 8195/15/497 8196/16/497
f 8160/5/517 8170/10/517 8156/10/517
f 8147/3/5 8163/3/5 8165/3/5
f 8148/3/5 8165/3/5 8166/3/5
f 8157/17/512 8169/6/512 8155/6/512
f 8173/3/467 8164/3/467 8166/3/467
f 8170/10/516 8158/12/516 8156/10/516
f 8172/3/511 8141/3/511 8158/3/511
f 8142/3/510 8171/3/510 8157/3/510
f 8191/7/660 8146/9/660 8159/7/660
f 8193/18/661 8161/8/661 8145/8/661
f 8167/4/466 8163/3/466 8164/3/466
f 8171/3/509 8140/3/509 8172/3/509
f 8149/3/663 8154/3/663 8150/3/663
f 8161/8/514 8160/11/514 8145/8/514
f 8146/13/481 8193/18/481 8145/8/481
f 8182/5/483 8177/6/483 8178/10/483
f 8175/8/484 8181/7/484 8182/11/484
f 8190/5/478 8185/6/478 8189/7/478
f 8183/8/664 8189/7/664 8184/9/664
f 8188/12/480 8185/6/480 8186/10/480
f 8177/6/482 8180/12/482 8178/10/482
f 8177/6/860 8189/7/860 8185/6/860
f 8176/13/488 8216/16/488 8184/13/488
f 8184/13/665 8215/15/665 8183/8/665
f 8179/3/666 8141/3/666 8180/3/666
f 8142/3/494 8187/3/494 8139/3/494
f 8152/3/5 8153/3/5 8151/3/5
f 8167/3/1 8174/3/1 8168/3/1
f 8141/3/493 8188/3/493 8180/3/493
f 8179/17/491 8185/6/491 8187/17/491
f 8176/13/489 8213/18/489 8214/14/489
f 8140/3/485 8187/3/485 8188/3/485
f 8182/11/500 8183/8/500 8175/8/500
f 8213/18/667 8183/8/667 8215/15/667
f 8180/12/492 8186/10/492 8178/10/492
f 8182/5/490 8186/10/490 8190/5/490
f 8176/9/668 8189/7/668 8181/7/668
f 8143/2/489 8152/19/489 8151/4/489
f 8093/3/5 8096/3/5 8094/3/5
f 8103/3/1 8106/3/1 8105/3/1
f 8082/3/126 7945/3/126 7946/3/126
f 8197/53/850 8208/54/850 8201/53/850
f 8198/56/5 8207/55/5 8199/55/5
f 8209/58/250 8197/57/250 8198/56/250
f 8211/42/357 8200/54/357 8197/53/357
f 8212/59/256 8199/55/256 8200/54/256
f 8210/39/253 8198/56/253 8199/55/253
f 8202/60/250 8206/56/250 8201/57/250
f 8203/61/253 8207/55/253 8206/56/253
f 8204/31/256 8208/54/256 8207/55/256
f 8205/62/357 8201/53/357 8208/54/357
f 8197/57/5 8206/56/5 8198/56/5
f 8203/23/1 8205/62/1 8204/31/1
f 8200/54/850 8207/55/850 8208/54/850
f 8148/3/5 8164/3/5 8100/3/5
f 8084/3/106 7947/3/106 8083/3/106
f 8084/3/5 7946/3/5 7948/3/5
f 8212/3/5 8209/3/5 8210/3/5
f 8279/2/1 8286/1/1 8280/1/1
f 8222/3/5 8238/3/5 8226/3/5
f 8230/19/537 8223/2/537 8229/4/537
f 8279/3/521 8289/3/521 8285/3/521
f 8228/1/1 8223/2/1 8224/1/1
f 8231/3/520 8223/3/520 8227/3/520
f 8233/3/5 8222/3/5 8221/3/5
f 8237/3/552 8241/3/552 8242/3/552
f 8225/3/5 8233/3/5 8221/3/5
f 8241/3/544 8234/3/544 8239/3/544
f 8233/3/537 8239/4/537 8234/3/537
f 8232/3/669 8227/3/669 8228/3/669
f 8244/21/531 8245/20/531 8243/22/531
f 8246/24/344 8247/23/344 8245/20/344
f 8233/3/96 8242/3/96 8240/3/96
f 8219/3/1 8081/3/1 8217/3/1
f 8226/3/5 8237/3/5 8225/3/5
f 8224/3/542 8232/3/542 8228/3/542
f 8248/26/670 8249/25/670 8247/23/670
f 8250/28/532 8251/27/532 8249/25/532
f 8252/30/671 8253/29/671 8251/27/671
f 8254/32/672 8255/31/672 8253/29/672
f 8256/34/235 8257/33/235 8255/31/235
f 8258/36/533 8259/35/533 8257/33/533
f 8260/38/38 8261/37/38 8259/35/38
f 8262/40/345 8263/39/345 8261/37/345
f 8264/42/34 8265/41/34 8263/39/34
f 8266/44/527 8267/43/527 8265/41/527
f 8268/46/50 8269/45/50 8267/43/50
f 8270/48/49 8271/47/49 8269/45/49
f 8272/50/234 8273/49/234 8271/47/234
f 8274/52/530 8243/51/530 8273/49/530
f 8296/5/558 8291/6/558 8295/7/558
f 8281/8/673 8295/7/673 8282/9/673
f 8294/12/674 8291/6/674 8292/10/674
f 8309/3/519 8301/3/519 8310/3/519
f 8310/3/91 8299/3/91 8304/3/91
f 8305/6/561 8308/12/561 8306/10/561
f 8328/5/852 8305/6/852 8306/10/852
f 8297/8/557 8327/7/557 8328/11/557
f 8277/3/567 8293/3/567 8294/3/567
f 8236/3/5 8299/3/5 8235/3/5
f 8286/3/525 8288/3/525 8280/3/525
f 8291/6/562 8327/7/562 8295/7/562
f 8282/13/523 8332/16/523 8330/14/523
f 8298/13/552 8331/15/552 8332/16/552
f 8296/5/571 8306/10/571 8292/10/571
f 8283/3/5 8299/3/5 8301/3/5
f 8284/3/5 8301/3/5 8302/3/5
f 8293/17/566 8305/6/566 8291/6/566
f 8309/3/523 8300/3/523 8302/3/523
f 8306/10/570 8294/12/570 8292/10/570
f 8308/3/565 8277/3/565 8294/3/565
f 8278/3/564 8307/3/564 8293/3/564
f 8327/7/572 8282/9/572 8295/7/572
f 8329/18/569 8297/8/569 8281/8/569
f 8303/4/522 8299/3/522 8300/3/522
f 8307/3/563 8276/3/563 8308/3/563
f 8285/3/675 8290/3/675 8286/3/675
f 8297/8/568 8296/11/568 8281/8/568
f 8282/13/537 8329/18/537 8281/8/537
f 8318/5/539 8313/6/539 8314/10/539
f 8311/8/540 8317/7/540 8318/11/540
f 8326/5/534 8321/6/534 8325/7/534
f 8319/8/676 8325/7/676 8320/9/676
f 8324/12/851 8321/6/851 8322/10/851
f 8313/6/538 8316/12/538 8314/10/538
f 8313/6/543 8325/7/543 8321/6/543
f 8312/13/544 8352/16/544 8320/13/544
f 8320/13/865 8351/15/865 8319/8/865
f 8315/3/553 8277/3/553 8316/3/553
f 8278/3/549 8323/3/549 8275/3/549
f 8288/3/5 8289/3/5 8287/3/5
f 8309/3/1 8304/3/1 8303/3/1
f 8277/3/548 8324/3/548 8316/3/548
f 8315/17/546 8321/6/546 8323/17/546
f 8312/13/522 8349/18/522 8350/14/522
f 8276/3/541 8323/3/541 8324/3/541
f 8318/11/555 8319/8/555 8311/8/555
f 8349/18/551 8319/8/551 8351/15/551
f 8316/12/547 8322/10/547 8314/10/547
f 8318/5/545 8322/10/545 8326/5/545
f 8312/9/550 8325/7/550 8317/7/550
f 8279/2/522 8288/19/522 8287/4/522
f 8229/3/5 8232/3/5 8230/3/5
f 8240/3/1 8241/3/1 8239/3/1
f 8218/3/55 8081/3/55 8082/3/55
f 8333/53/5 8344/54/5 8337/53/5
f 8334/56/5 8343/55/5 8335/55/5
f 8345/58/573 8333/57/573 8334/56/573
f 8347/42/574 8336/54/574 8333/53/574
f 8348/59/413 8335/55/413 8336/54/413
f 8346/39/186 8334/56/186 8335/55/186
f 8338/60/573 8342/56/573 8337/57/573
f 8339/61/186 8343/55/186 8342/56/186
f 8340/31/413 8344/54/413 8343/55/413
f 8341/62/574 8337/53/574 8344/54/574
f 8334/56/5 8337/57/5 8342/56/5
f 8339/23/1 8341/62/1 8340/31/1
f 8335/55/5 8344/54/5 8336/54/5
f 8236/3/5 8302/3/5 8300/3/5
f 8220/3/35 8083/3/35 8219/3/35
f 8220/3/5 8082/3/5 8084/3/5
f 8348/3/5 8345/3/5 8346/3/5
f 8354/3/5 8368/3/5 8358/3/5
f 8362/19/304 8355/2/304 8361/4/304
f 8356/1/1 8359/2/1 8355/2/1
f 8363/3/303 8355/3/303 8359/3/303
f 8365/3/5 8354/3/5 8353/3/5
f 8367/3/302 8371/3/302 8372/3/302
f 8357/3/5 8365/3/5 8353/3/5
f 8371/3/305 8366/3/305 8369/3/305
f 8365/3/304 8369/4/304 8366/3/304
f 8364/3/677 8359/3/677 8360/3/677
f 8374/21/316 8375/20/316 8373/22/316
f 8376/24/315 8377/23/315 8375/20/315
f 8365/3/309 8372/3/309 8370/3/309
f 8358/3/5 8367/3/5 8357/3/5
f 8362/3/310 8360/3/310 8356/3/310
f 8378/26/678 8379/25/678 8377/23/678
f 8380/28/313 8381/27/313 8379/25/313
f 8382/30/312 8383/29/312 8381/27/312
f 8384/32/679 8385/31/679 8383/29/679
f 8386/34/308 8387/33/308 8385/31/308
f 8388/36/307 8389/35/307 8387/33/307
f 8390/38/579 8391/37/579 8389/35/579
f 8392/40/323 8393/39/323 8391/37/323
f 8394/42/680 8395/41/680 8393/39/680
f 8396/44/321 8397/43/321 8395/41/321
f 8398/46/320 8399/45/320 8397/43/320
f 8400/48/681 8401/47/681 8399/45/681
f 8402/50/318 8403/49/318 8401/47/318
f 8404/52/682 8373/51/682 8403/49/682
f 8416/5/329 8411/6/329 8415/7/329
f 8409/8/683 8415/7/683 8410/9/683
f 8414/12/328 8411/6/328 8412/10/328
f 8419/6/327 8422/12/327 8420/10/327
f 8424/5/325 8419/6/325 8420/10/325
f 8417/8/684 8423/7/684 8424/11/684
f 8407/3/342 8413/3/342 8414/3/342
f 8411/6/685 8423/7/685 8415/7/685
f 8418/13/333 8426/14/333 8410/13/333
f 8418/13/302 8427/15/302 8428/16/302
f 8416/5/335 8420/10/335 8412/10/335
f 8413/17/336 8419/6/336 8411/6/336
f 8420/10/337 8414/12/337 8412/10/337
f 8422/3/338 8407/3/338 8414/3/338
f 8408/3/339 8421/3/339 8413/3/339
f 8423/7/340 8410/9/340 8415/7/340
f 8425/18/341 8417/8/341 8409/8/341
f 8421/3/331 8406/3/331 8422/3/331
f 8417/8/343 8416/11/343 8409/8/343
f 8410/13/334 8425/18/334 8409/8/334
f 8361/3/5 8364/3/5 8362/3/5
f 8370/3/1 8371/3/1 8369/3/1
f 8429/53/850 8440/54/850 8432/54/850
f 8439/55/5 8430/56/5 8431/55/5
f 8429/57/95 8441/58/95 8430/56/95
f 8432/54/94 8443/42/94 8429/53/94
f 8431/55/93 8444/59/93 8432/54/93
f 8430/56/92 8442/39/92 8431/55/92
f 8438/56/95 8434/60/95 8433/57/95
f 8439/55/92 8435/61/92 8438/56/92
f 8440/54/93 8436/31/93 8439/55/93
f 8433/53/94 8437/62/94 8440/54/94
f 8430/56/5 8433/57/5 8429/57/5
f 8436/31/1 8434/63/1 8435/23/1
f 8440/54/5 8431/55/5 8432/54/5
f 8441/3/5 8444/3/5 8442/3/5
f 8456/1/1 8451/2/1 8452/1/1
f 8459/3/602 8451/3/602 8455/3/602
f 8463/3/605 8467/3/605 8468/3/605
f 8461/3/601 8468/3/601 8466/3/601
f 8461/3/5 8450/3/5 8449/3/5
f 8458/3/604 8456/3/604 8452/3/604
f 8453/3/5 8461/3/5 8449/3/5
f 8454/3/5 8463/3/5 8453/3/5
f 8467/3/16 8462/3/16 8465/3/16
f 8461/3/603 8465/4/603 8462/3/603
f 8460/3/605 8455/3/605 8456/3/605
f 8478/5/686 8473/6/686 8477/7/686
f 8471/8/687 8477/7/687 8472/9/687
f 8486/5/606 8481/6/606 8482/10/606
f 8479/8/688 8485/7/688 8486/11/688
f 8481/6/611 8484/12/611 8482/10/611
f 8476/12/610 8473/6/610 8474/10/610
f 8473/6/689 8485/7/689 8477/7/689
f 8480/13/7 8488/14/7 8472/13/7
f 8480/13/605 8489/15/605 8490/16/605
f 6407/3/618 8475/3/618 8476/3/618
f 6408/3/615 8483/3/615 8475/3/615
f 8458/3/5 8459/3/5 8460/3/5
f 8466/3/1 8467/3/1 8465/3/1
f 8484/3/616 6407/3/616 8476/3/616
f 8475/17/617 8481/6/617 8473/6/617
f 8472/13/603 8487/18/603 8471/8/603
f 8483/3/614 6406/3/614 8484/3/614
f 8479/8/619 8478/11/619 8471/8/619
f 8487/18/690 8479/8/690 8471/8/690
f 8482/10/621 8476/12/621 8474/10/621
f 8478/5/622 8482/10/622 8474/10/622
f 8485/7/623 8472/9/623 8477/7/623
f 8458/19/603 8451/2/603 8457/4/603
f 8450/3/5 8464/3/5 8454/3/5
f 8496/3/5 8512/3/5 8508/3/5
f 8497/2/54 8504/19/54 8503/4/54
f 8496/3/5 8507/3/5 8495/3/5
f 8515/3/70 8511/3/70 8516/3/70
f 8499/3/5 8507/3/5 8511/3/5
f 8515/3/62 8508/3/62 8512/3/62
f 8513/4/54 8507/3/54 8508/3/54
f 8501/3/691 8506/3/691 8502/3/691
f 8519/20/43 8518/21/43 8517/22/43
f 8521/23/44 8520/24/44 8519/20/44
f 8514/3/55 8511/3/55 8507/3/55
f 8445/3/1 8493/3/1 8491/3/1
f 8500/3/5 8511/3/5 8512/3/5
f 8523/25/692 8522/26/692 8521/23/692
f 8525/27/531 8524/28/531 8523/25/531
f 8527/29/47 8526/30/47 8525/27/47
f 8529/31/693 8528/32/693 8527/29/693
f 8531/33/49 8530/34/49 8529/31/49
f 8533/35/50 8532/36/50 8531/33/50
f 8535/37/33 8534/38/33 8533/35/33
f 8537/39/34 8536/40/34 8535/37/34
f 8539/41/694 8538/42/694 8537/39/694
f 8541/43/695 8540/44/695 8539/41/695
f 8543/45/39 8542/46/39 8541/43/39
f 8545/47/696 8544/48/696 8543/45/696
f 8547/49/41 8546/50/41 8545/47/41
f 8517/51/42 8548/52/42 8547/49/42
f 8570/5/697 8565/6/697 8566/10/697
f 8555/8/77 8569/7/77 8570/11/77
f 8565/6/78 8568/12/78 8566/10/78
f 8575/3/27 8583/3/27 8584/3/27
f 8578/3/35 8575/3/35 8584/3/35
f 8582/12/79 8579/6/79 8580/10/79
f 8602/5/74 8579/6/74 8601/7/74
f 8571/8/698 8601/7/698 8572/9/698
f 8567/3/85 8551/3/85 8568/3/85
f 8573/3/5 8510/3/5 8509/3/5
f 8565/6/80 8601/7/80 8579/6/80
f 8604/14/31 8572/13/31 8556/13/31
f 8572/13/70 8605/15/70 8571/8/70
f 8570/5/89 8580/10/89 8602/5/89
f 8557/3/5 8573/3/5 8509/3/5
f 8558/3/5 8575/3/5 8557/3/5
f 8567/17/84 8579/6/84 8581/17/84
f 8583/3/31 8574/3/31 8577/3/31
f 8568/12/88 8580/10/88 8566/10/88
f 8551/3/83 8582/3/83 8568/3/83
f 8552/3/82 8581/3/82 8549/3/82
f 8556/9/90 8601/7/90 8569/7/90
f 8603/18/87 8571/8/87 8605/15/87
f 8573/3/30 8577/4/30 8574/3/30
f 8550/3/81 8581/3/81 8582/3/81
f 8564/3/700 8559/3/700 8560/3/700
f 8570/11/86 8571/8/86 8555/8/86
f 8556/13/54 8603/18/54 8604/14/54
f 8592/5/57 8587/6/57 8591/7/57
f 8585/8/701 8591/7/701 8586/9/701
f 8600/5/702 8595/6/702 8596/10/702
f 8593/8/52 8599/7/52 8600/11/52
f 8595/6/53 8598/12/53 8596/10/53
f 8590/12/56 8587/6/56 8588/10/56
f 8587/6/703 8599/7/703 8591/7/703
f 8594/13/62 8624/14/62 8586/13/62
f 8594/13/27 8625/15/27 8626/16/27
f 8551/3/71 8589/3/71 8590/3/71
f 8552/3/67 8597/3/67 8589/3/67
f 8562/3/5 8563/3/5 8564/3/5
f 8578/3/1 8583/3/1 8577/3/1
f 8598/3/66 8551/3/66 8590/3/66
f 8589/17/64 8595/6/64 8587/6/64
f 8586/13/30 8623/18/30 8585/8/30
f 8597/3/59 8550/3/59 8598/3/59
f 8593/8/73 8592/11/73 8585/8/73
f 8623/18/69 8593/8/69 8585/8/69
f 8596/10/65 8590/12/65 8588/10/65
f 8592/5/63 8596/10/63 8588/10/63
f 8599/7/68 8586/9/68 8591/7/68
f 8562/19/30 8553/2/30 8561/4/30
f 8506/3/5 8503/3/5 8504/3/5
f 8515/3/1 8514/3/1 8513/3/1
f 8445/3/96 8492/3/96 8446/3/96
f 8607/53/5 8618/54/5 8610/54/5
f 8609/55/5 8616/56/5 8608/56/5
f 8607/57/92 8619/58/92 8608/56/92
f 8610/54/95 8621/42/95 8607/53/95
f 8609/55/94 8622/59/94 8610/54/94
f 8608/56/93 8620/39/93 8609/55/93
f 8616/56/92 8612/60/92 8611/57/92
f 8617/55/93 8613/61/93 8616/56/93
f 8618/54/94 8614/31/94 8617/55/94
f 8611/53/95 8615/62/95 8618/54/95
f 8608/56/848 8611/57/848 8607/57/848
f 8614/31/1 8612/63/1 8613/23/1
f 8618/54/5 8609/55/5 8610/54/5
f 8574/3/5 8558/3/5 8510/3/5
f 8447/3/91 8494/3/91 8493/3/91
f 8448/3/5 8492/3/5 8494/3/5
f 8619/3/5 8622/3/5 8620/3/5
f 8696/1/1 8689/2/1 8690/1/1
f 8632/3/5 8648/3/5 8644/3/5
f 8633/2/152 8640/19/152 8639/4/152
f 8699/3/99 8689/3/99 8695/3/99
f 8633/2/1 8638/1/1 8634/1/1
f 8633/3/98 8641/3/98 8637/3/98
f 8632/3/5 8643/3/5 8631/3/5
f 8651/3/142 8647/3/142 8652/3/142
f 8635/3/5 8643/3/5 8647/3/5
f 8651/3/133 8644/3/133 8648/3/133
f 8649/4/125 8643/3/125 8644/3/125
f 8637/3/704 8642/3/704 8638/3/704
f 8655/20/114 8654/21/114 8653/22/114
f 8657/23/656 8656/24/656 8655/20/656
f 8650/3/126 8647/3/126 8643/3/126
f 8491/3/1 8629/3/1 8627/3/1
f 8636/3/5 8647/3/5 8648/3/5
f 8638/3/131 8640/3/131 8634/3/131
f 8659/25/474 8658/26/474 8657/23/474
f 8663/29/118 8662/30/118 8661/27/118
f 8665/31/299 8664/32/299 8663/29/299
f 8667/33/120 8666/34/120 8665/31/120
f 8669/35/121 8668/36/121 8667/33/121
f 8671/37/104 8670/38/104 8669/35/104
f 8673/39/300 8672/40/300 8671/37/300
f 8675/41/705 8674/42/705 8673/39/705
f 8677/43/706 8676/44/706 8675/41/706
f 8679/45/110 8678/46/110 8677/43/110
f 8681/47/476 8680/48/476 8679/45/476
f 8683/49/112 8682/50/112 8681/47/112
f 8653/51/113 8684/52/113 8683/49/113
f 8706/5/147 8701/6/147 8702/10/147
f 8691/8/148 8705/7/148 8706/11/148
f 8701/6/149 8704/12/149 8702/10/149
f 8711/3/102 8719/3/102 8720/3/102
f 8709/3/106 8720/3/106 8714/3/106
f 8718/12/150 8715/6/150 8716/10/150
f 8738/5/145 8715/6/145 8737/7/145
f 8707/8/707 8737/7/707 8708/9/707
f 8703/3/708 8687/3/708 8704/3/708
f 8709/3/5 8646/3/5 8645/3/5
f 8698/3/107 8696/3/107 8690/3/107
f 8701/6/709 8737/7/709 8715/6/709
f 8740/14/101 8708/13/101 8692/13/101
f 8708/13/710 8741/15/710 8707/8/710
f 8706/5/161 8716/10/161 8738/5/161
f 8693/3/5 8709/3/5 8645/3/5
f 8694/3/5 8711/3/5 8693/3/5
f 8703/17/156 8715/6/156 8717/17/156
f 8719/3/101 8710/3/101 8713/3/101
f 8704/12/160 8716/10/160 8702/10/160
f 8687/3/155 8718/3/155 8704/3/155
f 8688/3/154 8717/3/154 8685/3/154
f 8692/9/162 8737/7/162 8705/7/162
f 8739/18/712 8707/8/712 8741/15/712
f 8709/3/100 8713/4/100 8710/3/100
f 8686/3/153 8717/3/153 8718/3/153
f 8700/3/102 8695/3/102 8696/3/102
f 8706/11/158 8707/8/158 8691/8/158
f 8692/13/152 8739/18/152 8740/14/152
f 8728/5/128 8723/6/128 8727/7/128
f 8721/8/713 8727/7/713 8722/9/713
f 8736/5/122 8731/6/122 8732/10/122
f 8729/8/123 8735/7/123 8736/11/123
f 8731/6/124 8734/12/124 8732/10/124
f 8726/12/127 8723/6/127 8724/10/127
f 8723/6/132 8735/7/132 8727/7/132
f 8730/13/133 8760/14/133 8722/13/133
f 8730/13/97 8761/15/97 8762/16/97
f 8687/3/143 8725/3/143 8726/3/143
f 8688/3/866 8733/3/866 8725/3/866
f 8697/3/5 8700/3/5 8698/3/5
f 8714/3/1 8719/3/1 8713/3/1
f 8734/3/138 8687/3/138 8726/3/138
f 8725/17/136 8731/6/136 8723/6/136
f 8722/13/100 8759/18/100 8721/8/100
f 8733/3/715 8686/3/715 8734/3/715
f 8729/8/144 8728/11/144 8721/8/144
f 8759/18/716 8729/8/716 8721/8/716
f 8732/10/137 8726/12/137 8724/10/137
f 8728/5/135 8732/10/135 8724/10/135
f 8735/7/717 8722/9/717 8727/7/717
f 8698/19/100 8689/2/100 8697/4/100
f 8640/3/5 8641/3/5 8639/3/5
f 8651/3/1 8650/3/1 8649/3/1
f 8491/3/168 8628/3/168 8492/3/168
f 8747/53/5 8746/54/5 8743/53/5
f 8745/55/5 8752/56/5 8744/56/5
f 8743/57/164 8755/58/164 8744/56/164
f 8746/54/167 8757/42/167 8743/53/167
f 8745/55/166 8758/59/166 8746/54/166
f 8744/56/165 8756/39/165 8745/55/165
f 8752/56/164 8748/60/164 8747/57/164
f 8753/55/165 8749/61/165 8752/56/165
f 8754/54/166 8750/31/166 8753/55/166
f 8747/53/167 8751/62/167 8754/54/167
f 8752/56/848 8743/57/848 8744/56/848
f 8750/31/1 8748/63/1 8749/23/1
f 8746/54/5 8753/55/5 8745/55/5
f 8646/3/5 8712/3/5 8694/3/5
f 8493/3/163 8630/3/163 8629/3/163
f 8630/3/5 8492/3/5 8628/3/5
f 8755/3/5 8758/3/5 8756/3/5
f 8832/1/1 8825/2/1 8826/1/1
f 8768/3/5 8784/3/5 8780/3/5
f 8769/2/195 8776/19/195 8775/4/195
f 8835/3/171 8825/3/171 8831/3/171
f 8770/1/1 8773/2/1 8774/1/1
f 8769/3/170 8777/3/170 8773/3/170
f 8768/3/5 8779/3/5 8767/3/5
f 8787/3/718 8783/3/718 8788/3/718
f 8771/3/5 8779/3/5 8783/3/5
f 8787/3/203 8780/3/203 8784/3/203
f 8785/4/195 8779/3/195 8780/3/195
f 8773/3/718 8778/3/718 8774/3/718
f 8791/20/184 8790/21/184 8789/22/184
f 8793/23/185 8792/24/185 8791/20/185
f 8788/3/196 8779/3/196 8786/3/196
f 8627/3/1 8765/3/1 8763/3/1
f 8772/3/5 8783/3/5 8784/3/5
f 8774/3/201 8776/3/201 8770/3/201
f 8795/25/640 8794/26/640 8793/23/640
f 8797/27/187 8796/28/187 8795/25/187
f 8799/29/719 8798/30/719 8797/27/719
f 8801/31/720 8800/32/720 8799/29/720
f 8803/33/190 8802/34/190 8801/31/190
f 8805/35/191 8804/36/191 8803/33/191
f 8807/37/174 8806/38/174 8805/35/174
f 8809/39/175 8808/40/175 8807/37/175
f 8811/41/574 8810/42/574 8809/39/574
f 8813/43/179 8812/44/179 8811/41/179
f 8815/45/419 8814/46/419 8813/43/419
f 8817/47/418 8816/48/418 8815/45/418
f 8819/49/573 8818/50/573 8817/47/573
f 8789/51/183 8820/52/183 8819/49/183
f 8842/5/218 8837/6/218 8838/10/218
f 8827/8/219 8841/7/219 8842/11/219
f 8837/6/220 8840/12/220 8838/10/220
f 8847/3/169 8855/3/169 8856/3/169
f 8850/3/176 8847/3/176 8856/3/176
f 8854/12/221 8851/6/221 8852/10/221
f 8874/5/722 8851/6/722 8873/7/722
f 8843/8/723 8873/7/723 8844/9/723
f 8839/3/227 8823/3/227 8840/3/227
f 8845/3/5 8782/3/5 8781/3/5
f 8834/3/177 8832/3/177 8826/3/177
f 8841/7/856 8851/6/856 8837/6/856
f 8828/13/173 8878/16/173 8844/13/173
f 8844/13/212 8877/15/212 8843/8/212
f 8842/5/231 8852/10/231 8874/5/231
f 8829/3/5 8845/3/5 8781/3/5
f 8830/3/5 8847/3/5 8829/3/5
f 8839/17/226 8851/6/226 8853/17/226
f 8855/3/173 8846/3/173 8849/3/173
f 8840/12/230 8852/10/230 8838/10/230
f 8823/3/225 8854/3/225 8840/3/225
f 8824/3/224 8853/3/224 8821/3/224
f 8828/9/724 8873/7/724 8841/7/724
f 8875/18/725 8843/8/725 8877/15/725
f 8845/3/172 8849/4/172 8846/3/172
f 8822/3/726 8853/3/726 8854/3/726
f 8836/3/727 8831/3/727 8832/3/727
f 8842/11/228 8843/8/228 8827/8/228
f 8828/13/195 8875/18/195 8876/14/195
f 8864/5/728 8859/6/728 8863/7/728
f 8857/8/729 8863/7/729 8858/9/729
f 8872/5/192 8867/6/192 8868/10/192
f 8865/8/730 8871/7/730 8872/11/730
f 8867/6/194 8870/12/194 8868/10/194
f 8862/12/197 8859/6/197 8860/10/197
f 8859/6/855 8871/7/855 8863/7/855
f 8858/13/203 8898/16/203 8896/14/203
f 8866/13/169 8897/15/169 8898/16/169
f 8823/3/731 8861/3/731 8862/3/731
f 8824/3/209 8869/3/209 8861/3/209
f 8834/3/5 8835/3/5 8836/3/5
f 8849/3/1 8856/3/1 8855/3/1
f 8870/3/208 8823/3/208 8862/3/208
f 8861/17/206 8867/6/206 8859/6/206
f 8858/13/204 8895/18/204 8857/8/204
f 8869/3/200 8822/3/200 8870/3/200
f 8865/8/215 8864/11/215 8857/8/215
f 8895/18/732 8865/8/732 8857/8/732
f 8868/10/207 8862/12/207 8860/10/207
f 8864/5/205 8868/10/205 8860/10/205
f 8871/7/733 8858/9/733 8863/7/733
f 8834/19/204 8825/2/204 8833/4/204
f 8778/3/5 8775/3/5 8776/3/5
f 8785/3/1 8788/3/1 8786/3/1
f 8627/3/236 8764/3/236 8628/3/236
f 8879/53/848 8890/54/848 8882/54/848
f 8889/55/5 8880/56/5 8881/55/5
f 8879/57/234 8891/58/234 8880/56/234
f 8882/54/34 8893/42/34 8879/53/34
f 8881/55/235 8894/59/235 8882/54/235
f 8880/56/44 8892/39/44 8881/55/44
f 8888/56/234 8884/60/234 8883/57/234
f 8889/55/44 8885/61/44 8888/56/44
f 8890/54/235 8886/31/235 8889/55/235
f 8883/53/34 8887/62/34 8890/54/34
f 8880/56/5 8883/57/5 8879/57/5
f 8885/23/1 8887/62/1 8884/63/1
f 8882/54/5 8889/55/5 8881/55/5
f 8846/3/5 8830/3/5 8782/3/5
f 8629/3/233 8766/3/233 8765/3/233
f 8630/3/5 8764/3/5 8766/3/5
f 8891/3/5 8894/3/5 8892/3/5
f 8968/1/1 8961/2/1 8962/1/1
f 8904/3/5 8920/3/5 8916/3/5
f 8905/2/261 8912/19/261 8911/4/261
f 8971/3/239 8961/3/239 8967/3/239
f 8905/2/1 8910/1/1 8906/1/1
f 8905/3/238 8913/3/238 8909/3/238
f 8904/3/5 8915/3/5 8903/3/5
f 8923/3/277 8919/3/277 8924/3/277
f 8907/3/5 8915/3/5 8919/3/5
f 8923/3/269 8916/3/269 8920/3/269
f 8921/4/261 8915/3/261 8916/3/261
f 8909/3/734 8914/3/734 8910/3/734
f 8927/20/252 8926/21/252 8925/22/252
f 8929/23/92 8928/24/92 8927/20/92
f 8924/3/262 8915/3/262 8922/3/262
f 8763/3/1 8901/3/1 8899/3/1
f 8908/3/5 8919/3/5 8920/3/5
f 8910/3/267 8912/3/267 8906/3/267
f 8931/25/735 8930/26/735 8929/23/735
f 8933/27/254 8932/28/254 8931/25/254
f 8935/29/736 8934/30/736 8933/27/736
f 8937/31/737 8936/32/737 8935/29/737
f 8939/33/256 8938/34/256 8937/31/256
f 8941/35/257 8940/36/257 8939/33/257
f 8943/37/243 8942/38/243 8941/35/243
f 8945/39/94 8944/40/94 8943/37/94
f 8947/41/357 8946/42/357 8945/39/357
f 8949/43/247 8948/44/247 8947/41/247
f 8951/45/366 8950/46/366 8949/43/366
f 8953/47/93 8952/48/93 8951/45/93
f 8955/49/250 8954/50/250 8953/47/250
f 8925/51/251 8956/52/251 8955/49/251
f 8978/5/283 8973/6/283 8974/10/283
f 8963/8/284 8977/7/284 8978/11/284
f 8973/6/738 8976/12/738 8974/10/738
f 8983/3/237 8991/3/237 8992/3/237
f 8981/3/244 8992/3/244 8986/3/244
f 8990/12/286 8987/6/286 8988/10/286
f 9010/5/281 8987/6/281 9009/7/281
f 8979/8/739 9009/7/739 8980/9/739
f 8975/3/292 8959/3/292 8976/3/292
f 8981/3/5 8918/3/5 8917/3/5
f 8970/3/245 8968/3/245 8962/3/245
f 8973/6/287 9009/7/287 8987/6/287
f 8964/13/241 9014/16/241 8980/13/241
f 8980/13/867 9013/15/867 8979/8/867
f 8978/5/296 8988/10/296 9010/5/296
f 8965/3/5 8981/3/5 8917/3/5
f 8966/3/5 8983/3/5 8965/3/5
f 8975/17/291 8987/6/291 8989/17/291
f 8991/3/241 8982/3/241 8985/3/241
f 8976/12/295 8988/10/295 8974/10/295
f 8959/3/290 8990/3/290 8976/3/290
f 8960/3/289 8989/3/289 8957/3/289
f 8964/9/297 9009/7/297 8977/7/297
f 9011/18/294 8979/8/294 9013/15/294
f 8981/3/240 8985/4/240 8982/3/240
f 8958/3/288 8989/3/288 8990/3/288
f 8972/3/740 8967/3/740 8968/3/740
f 8978/11/293 8979/8/293 8963/8/293
f 8964/13/261 9011/18/261 9012/14/261
f 9000/5/264 8995/6/264 8999/7/264
f 8993/8/741 8999/7/741 8994/9/741
f 9008/5/258 9003/6/258 9004/10/258
f 9001/8/259 9007/7/259 9008/11/259
f 9003/6/260 9006/12/260 9004/10/260
f 8998/12/263 8995/6/263 8996/10/263
f 8995/6/268 9007/7/268 8999/7/268
f 8994/13/269 9034/16/269 9032/14/269
f 9002/13/237 9033/15/237 9034/16/237
f 8959/3/278 8997/3/278 8998/3/278
f 8960/3/274 9005/3/274 8997/3/274
f 8970/3/5 8971/3/5 8972/3/5
f 8986/3/1 8991/3/1 8985/3/1
f 9006/3/273 8959/3/273 8998/3/273
f 8997/17/271 9003/6/271 8995/6/271
f 8994/13/240 9031/18/240 8993/8/240
f 9005/3/266 8958/3/266 9006/3/266
f 9001/8/280 9000/11/280 8993/8/280
f 9031/18/276 9001/8/276 8993/8/276
f 9004/10/272 8998/12/272 8996/10/272
f 9000/5/270 9004/10/270 8996/10/270
f 9007/7/275 8994/9/275 8999/7/275
f 8970/19/240 8961/2/240 8969/4/240
f 8914/3/5 8911/3/5 8912/3/5
f 8921/3/1 8924/3/1 8922/3/1
f 8763/3/301 8900/3/301 8764/3/301
f 9015/53/850 9026/54/850 9018/54/850
f 9025/55/5 9016/56/5 9017/55/5
f 9015/57/299 9027/58/299 9016/56/299
f 9018/54/300 9029/42/300 9015/53/300
f 9017/55/111 9030/59/111 9018/54/111
f 9016/56/115 9028/39/115 9017/55/115
f 9024/56/299 9020/60/299 9019/57/299
f 9025/55/115 9021/61/115 9024/56/115
f 9026/54/111 9022/31/111 9025/55/111
f 9019/53/300 9023/62/300 9026/54/300
f 9016/56/5 9019/57/5 9015/57/5
f 9021/23/1 9023/62/1 9020/63/1
f 9026/54/850 9017/55/850 9018/54/850
f 8918/3/5 8984/3/5 8966/3/5
f 8765/3/298 8902/3/298 8901/3/298
f 8902/3/5 8764/3/5 8900/3/5
f 9027/3/5 9030/3/5 9028/3/5
f 9036/3/5 9050/3/5 9048/3/5
f 9037/2/577 9044/19/577 9043/4/577
f 9038/1/1 9041/2/1 9042/1/1
f 9037/3/576 9045/3/576 9041/3/576
f 9036/3/5 9047/3/5 9035/3/5
f 9053/3/575 9049/3/575 9054/3/575
f 9039/3/5 9047/3/5 9049/3/5
f 9053/3/333 9048/3/333 9050/3/333
f 9051/4/577 9047/3/577 9048/3/577
f 9041/3/743 9046/3/743 9042/3/743
f 9057/20/317 9056/21/317 9055/22/317
f 9059/23/318 9058/24/318 9057/20/318
f 9054/3/580 9047/3/580 9052/3/580
f 9040/3/5 9049/3/5 9050/3/5
f 9042/3/581 9044/3/581 9038/3/581
f 9061/25/681 9060/26/681 9059/23/681
f 9063/27/320 9062/28/320 9061/25/320
f 9065/29/321 9064/30/321 9063/27/321
f 9067/31/680 9066/32/680 9065/29/680
f 9069/33/323 9068/34/323 9067/31/323
f 9071/35/579 9070/36/579 9069/33/579
f 9073/37/307 9072/38/307 9071/35/307
f 9075/39/308 9074/40/308 9073/37/308
f 9077/41/679 9076/42/679 9075/39/679
f 9079/43/312 9078/44/312 9077/41/312
f 9081/45/313 9080/46/313 9079/43/313
f 9083/47/678 9082/48/678 9081/45/678
f 9085/49/315 9084/50/315 9083/47/315
f 9055/51/744 9086/52/744 9085/49/744
f 9094/5/587 9089/6/587 9090/10/587
f 9087/8/745 9093/7/745 9094/11/745
f 9089/6/586 9092/12/586 9090/10/586
f 9100/12/585 9097/6/585 9098/10/585
f 9102/5/583 9097/6/583 9101/7/583
f 9095/8/746 9101/7/746 9096/9/746
f 9091/3/598 8407/3/598 9092/3/598
f 9089/6/590 9101/7/590 9097/6/590
f 9104/14/305 9096/13/305 9088/13/305
f 9096/13/600 9105/15/600 9095/8/600
f 9094/5/591 9098/10/591 9102/5/591
f 9091/17/592 9097/6/592 9099/17/592
f 9092/12/593 9098/10/593 9090/10/593
f 8407/3/594 9100/3/594 9092/3/594
f 8408/3/595 9099/3/595 8405/3/595
f 9088/9/596 9101/7/596 9093/7/596
f 9103/18/597 9095/8/597 9105/15/597
f 8406/3/589 9099/3/589 9100/3/589
f 9094/11/599 9095/8/599 9087/8/599
f 9088/13/577 9103/18/577 9104/14/577
f 9046/3/5 9043/3/5 9044/3/5
f 9053/3/1 9052/3/1 9051/3/1
f 9107/53/868 9118/54/868 9111/53/868
f 9108/56/850 9117/55/850 9109/55/850
f 9119/58/41 9107/57/41 9108/56/41
f 9121/42/345 9110/54/345 9107/53/345
f 9122/59/49 9109/55/49 9110/54/49
f 9120/39/344 9108/56/344 9109/55/344
f 9112/60/41 9116/56/41 9111/57/41
f 9113/61/344 9117/55/344 9116/56/344
f 9114/31/49 9118/54/49 9117/55/49
f 9115/62/345 9111/53/345 9118/54/345
f 9108/56/5 9111/57/5 9116/56/5
f 9112/63/1 9114/31/1 9113/23/1
f 9109/55/5 9118/54/5 9110/54/5
f 9122/3/5 9119/3/5 9120/3/5
f 8218/3/4 8899/3/4 8217/3/4
f 8219/3/601 8902/3/601 8220/3/601
f 8218/3/5 8902/3/5 8900/3/5
f 8899/3/1 8219/3/1 8217/3/1
f 6411/3/309 7768/3/309 6412/3/309
f 6412/3/5 7766/3/5 6410/3/5
f 6410/3/580 7765/3/580 6409/3/580
f 6409/3/1 7767/3/1 6411/3/1
f 8448/3/580 7091/3/580 7092/3/580
f 8448/3/5 7090/3/5 8446/3/5
f 8446/3/309 7089/3/309 8445/3/309
f 8445/3/1 7091/3/1 8447/3/1
f 9134/3/748 9126/3/748 9133/3/748
f 9128/3/309 9127/3/309 9125/3/309
f 9134/3/749 9124/3/749 9128/3/749
f 9133/3/748 9123/3/748 8470/3/748
f 9151/3/750 9129/3/750 9131/3/750
f 9152/3/751 9131/3/751 9132/3/751
f 9130/3/752 9152/3/752 9132/3/752
f 9132/3/309 9127/3/309 9130/3/309
f 9152/3/753 9142/3/753 9151/3/753
f 9144/3/244 9143/3/244 9141/3/244
f 9152/3/754 9140/3/754 9144/3/754
f 9151/3/753 9139/3/753 9138/3/753
f 9150/3/755 9147/3/755 9148/3/755
f 9146/3/756 9150/3/756 9148/3/756
f 9148/3/244 9143/3/244 9146/3/244
f 7193/3/638 7224/3/638 7192/3/638
f 7193/3/635 7240/3/635 7232/3/635
f 7309/64/1 7317/65/1 7325/66/1
f 9145/3/757 9149/3/757 9136/3/757
f 9150/3/758 9156/3/758 9149/3/758
f 9158/3/176 9157/3/176 9155/3/176
f 9150/3/759 9154/3/759 9158/3/759
f 9149/3/758 9153/3/758 9136/3/758
f 9179/3/760 9159/3/760 9161/3/760
f 9180/3/761 9161/3/761 9162/3/761
f 9160/3/762 9180/3/762 9162/3/762
f 9162/3/176 9157/3/176 9160/3/176
f 9180/3/763 9170/3/763 9179/3/763
f 9172/3/106 9171/3/106 9169/3/106
f 9180/3/764 9168/3/764 9172/3/764
f 9179/3/763 9167/3/763 9166/3/763
f 9178/3/765 9175/3/765 9176/3/765
f 9174/3/766 9178/3/766 9176/3/766
f 9176/3/106 9171/3/106 9174/3/106
f 9173/3/767 9177/3/767 9164/3/767
f 9178/3/768 9184/3/768 9177/3/768
f 9186/3/35 9185/3/35 9183/3/35
f 9178/3/769 9182/3/769 9186/3/769
f 9177/3/768 9181/3/768 9164/3/768
f 9207/3/770 9187/3/770 9189/3/770
f 9208/3/771 9189/3/771 9190/3/771
f 9188/3/772 9208/3/772 9190/3/772
f 9190/3/35 9185/3/35 9188/3/35
f 9208/3/773 9198/3/773 9207/3/773
f 9200/3/601 9199/3/601 9197/3/601
f 9208/3/774 9196/3/774 9200/3/774
f 9207/3/773 9195/3/773 9194/3/773
f 9206/3/775 9203/3/775 9204/3/775
f 9202/3/776 9206/3/776 9204/3/776
f 9204/3/601 9199/3/601 9202/3/601
f 9201/3/777 9205/3/777 9192/3/777
f 9206/3/778 9212/3/778 9205/3/778
f 9214/3/298 9213/3/298 9211/3/298
f 9206/3/779 9210/3/779 9214/3/779
f 9205/3/778 9209/3/778 9192/3/778
f 9235/3/780 9215/3/780 9217/3/780
f 9236/3/781 9217/3/781 9218/3/781
f 9216/3/782 9236/3/782 9218/3/782
f 9218/3/298 9213/3/298 9216/3/298
f 9236/3/783 9226/3/783 9235/3/783
f 9228/3/233 9227/3/233 9225/3/233
f 9236/3/784 9224/3/784 9228/3/784
f 9235/3/783 9223/3/783 9222/3/783
f 9234/3/785 9231/3/785 9232/3/785
f 9230/3/786 9234/3/786 9232/3/786
f 9232/3/233 9227/3/233 9230/3/233
f 9229/3/787 9233/3/787 9220/3/787
f 9234/3/788 9240/3/788 9233/3/788
f 9242/3/163 9241/3/163 9239/3/163
f 9234/3/789 9238/3/789 9242/3/789
f 9233/3/788 9237/3/788 9220/3/788
f 9263/3/790 9243/3/790 9245/3/790
f 9264/3/791 9245/3/791 9246/3/791
f 9244/3/792 9264/3/792 9246/3/792
f 9246/3/163 9241/3/163 9244/3/163
f 9264/3/793 9254/3/793 9263/3/793
f 9256/3/91 9255/3/91 9253/3/91
f 9264/3/794 9252/3/794 9256/3/794
f 9263/3/793 9251/3/793 9250/3/793
f 9262/3/795 9259/3/795 9260/3/795
f 9258/3/796 9262/3/796 9260/3/796
f 9260/3/91 9255/3/91 9258/3/91
f 9257/3/797 9261/3/797 9248/3/797
f 9262/3/798 9268/3/798 9261/3/798
f 9270/3/580 9269/3/580 9267/3/580
f 9262/3/799 9266/3/799 9270/3/799
f 9261/3/798 9265/3/798 9248/3/798
f 9291/3/800 9271/3/800 9273/3/800
f 9292/3/801 9273/3/801 9274/3/801
f 9272/3/802 9292/3/802 9274/3/802
f 9274/3/580 9269/3/580 9272/3/580
f 9292/3/803 9282/3/803 9291/3/803
f 9284/3/262 9283/3/262 9281/3/262
f 9292/3/804 9280/3/804 9284/3/804
f 9291/3/803 9279/3/803 9278/3/803
f 9290/3/805 9287/3/805 9288/3/805
f 9286/3/806 9290/3/806 9288/3/806
f 9288/3/262 9283/3/262 9286/3/262
f 9285/3/807 9289/3/807 9276/3/807
f 9290/3/808 9296/3/808 9289/3/808
f 9298/3/196 9297/3/196 9295/3/196
f 9290/3/809 9294/3/809 9298/3/809
f 9289/3/808 9293/3/808 9276/3/808
f 9319/3/810 9299/3/810 9301/3/810
f 9320/3/811 9301/3/811 9302/3/811
f 9300/3/812 9320/3/812 9302/3/812
f 9302/3/196 9297/3/196 9300/3/196
f 9320/3/813 9310/3/813 9319/3/813
f 9312/3/126 9311/3/126 9309/3/126
f 9320/3/814 9308/3/814 9312/3/814
f 9319/3/813 9307/3/813 9306/3/813
f 9318/3/815 9315/3/815 9316/3/815
f 9314/3/816 9318/3/816 9316/3/816
f 9316/3/126 9311/3/126 9314/3/126
f 9313/3/817 9317/3/817 9304/3/817
f 9318/3/818 9324/3/818 9317/3/818
f 9326/3/55 9325/3/55 9323/3/55
f 9318/3/819 9322/3/819 9326/3/819
f 9317/3/818 9321/3/818 9304/3/818
f 9347/3/820 9327/3/820 9329/3/820
f 9348/3/821 9329/3/821 9330/3/821
f 9328/3/822 9348/3/822 9330/3/822
f 9330/3/55 9325/3/55 9328/3/55
f 9348/3/823 9338/3/823 9347/3/823
f 9340/3/4 9339/3/4 9337/3/4
f 9348/3/824 9336/3/824 9340/3/824
f 9347/3/823 9335/3/823 9334/3/823
f 9346/3/825 9343/3/825 9344/3/825
f 9342/3/826 9346/3/826 9344/3/826
f 9344/3/4 9339/3/4 9342/3/4
f 9341/3/827 9345/3/827 9332/3/827
f 9346/3/828 9352/3/828 9345/3/828
f 9354/3/301 9353/3/301 9351/3/301
f 9346/3/829 9350/3/829 9354/3/829
f 9345/3/828 9349/3/828 9332/3/828
f 9375/3/830 9355/3/830 9357/3/830
f 9376/3/831 9357/3/831 9358/3/831
f 9356/3/832 9376/3/832 9358/3/832
f 9358/3/301 9353/3/301 9356/3/301
f 9376/3/833 9366/3/833 9375/3/833
f 9368/3/236 9367/3/236 9365/3/236
f 9376/3/834 9364/3/834 9368/3/834
f 9375/3/833 9363/3/833 9362/3/833
f 9374/3/835 9371/3/835 9372/3/835
f 9370/3/836 9374/3/836 9372/3/836
f 9372/3/236 9367/3/236 9370/3/236
f 9369/3/837 9373/3/837 9360/3/837
f 9374/3/838 9380/3/838 9373/3/838
f 9382/3/168 9381/3/168 9379/3/168
f 9374/3/839 9378/3/839 9382/3/839
f 9373/3/838 9377/3/838 9360/3/838
f 9399/3/840 9383/3/840 9385/3/840
f 9400/3/841 9385/3/841 9386/3/841
f 9384/3/842 9400/3/842 9386/3/842
f 9386/3/168 9381/3/168 9384/3/168
f 9400/3/843 9392/3/843 9399/3/843
f 9394/3/96 9393/3/96 9391/3/96
f 9400/3/844 9390/3/844 9394/3/844
f 9399/3/843 9389/3/843 9388/3/843
f 9134/3/845 9397/3/845 9398/3/845
f 9396/3/846 9134/3/846 9398/3/846
f 9398/3/96 9393/3/96 9396/3/96
f 9395/3/847 9133/3/847 8470/3/847
f 7146/3/634 7144/3/634 7140/1/634
f 7202/3/627 7204/3/627 7196/1/627
f 20/1/1 19/2/1 15/2/1
f 23/3/2 21/3/2 15/3/2
f 27/3/3 28/3/3 31/3/3
f 25/3/4 27/3/4 32/3/4
f 25/3/5 26/3/5 14/3/5
f 22/3/6 24/3/6 20/3/6
f 17/3/5 27/3/5 25/3/5
f 18/3/5 28/3/5 27/3/5
f 31/3/7 28/3/7 26/3/7
f 25/3/8 30/19/8 29/4/8
f 24/3/3 23/3/3 19/3/3
f 40/5/869 36/10/869 35/6/869
f 33/8/870 40/11/870 39/7/870
f 48/5/871 47/7/871 43/6/871
f 41/8/12 42/9/12 47/7/12
f 43/6/13 45/17/13 46/12/13
f 38/12/14 37/17/14 35/6/14
f 35/6/349 43/6/349 47/7/349
f 42/13/16 52/16/16 50/14/16
f 42/13/872 41/8/872 51/15/872
f 3/3/17 4/3/17 37/3/17
f 4/3/18 1/3/18 45/3/18
f 22/3/5 21/3/5 23/3/5
f 30/3/1 32/3/1 31/3/1
f 46/3/19 2/3/19 3/3/19
f 37/17/20 45/17/20 43/6/20
f 34/13/8 50/14/8 49/18/8
f 45/3/21 1/3/21 2/3/21
f 41/8/22 48/11/22 40/11/22
f 49/18/351 51/15/351 41/8/351
f 44/10/24 46/12/24 38/12/24
f 40/5/25 48/5/25 44/10/25
f 47/7/26 42/9/26 34/9/26
f 22/19/8 16/1/8 15/2/8
f 14/3/5 26/3/5 28/3/5
f 126/1/1 125/2/1 119/2/1
f 62/3/5 66/3/5 78/3/5
f 63/2/700 64/1/700 70/19/700
f 129/3/28 127/3/28 119/3/28
f 64/1/1 63/2/1 67/2/1
f 63/3/29 69/3/29 71/3/29
f 62/3/5 74/3/5 73/3/5
f 81/3/30 78/3/30 77/3/30
f 65/3/5 61/3/5 73/3/5
f 81/3/31 79/3/31 74/3/31
f 79/4/27 80/19/27 73/3/27
f 67/3/30 71/3/30 72/3/30
f 85/20/33 86/24/33 84/21/33
f 87/23/34 88/26/34 86/24/34
f 80/3/35 82/3/35 77/3/35
f 9/3/1 11/3/1 59/3/1
f 66/3/5 65/3/5 77/3/5
f 68/3/36 72/3/36 70/3/36
f 89/25/37 90/28/37 88/26/37
f 91/27/38 92/30/38 90/28/38
f 93/29/39 94/32/39 92/30/39
f 95/31/40 96/34/40 94/32/40
f 97/33/41 98/36/41 96/34/41
f 99/35/42 100/38/42 98/36/42
f 101/37/43 102/40/43 100/38/43
f 103/39/44 104/42/44 102/40/44
f 105/41/45 106/44/45 104/42/45
f 107/43/46 108/46/46 106/44/46
f 109/45/47 110/48/47 108/46/47
f 111/47/48 112/50/48 110/48/48
f 113/49/49 114/52/49 112/50/49
f 83/51/50 84/67/50 114/52/50
f 136/5/873 135/7/873 131/6/873
f 121/8/874 122/9/874 135/7/874
f 131/6/875 133/17/875 134/12/875
f 141/3/54 142/3/54 149/3/54
f 139/3/55 141/3/55 150/3/55
f 148/12/56 147/17/56 145/6/56
f 168/5/57 146/10/57 145/6/57
f 137/8/876 168/11/876 167/7/876
f 133/3/59 118/3/59 117/3/59
f 139/3/5 140/3/5 76/3/5
f 128/3/60 130/3/60 126/3/60
f 131/6/61 135/7/61 167/7/61
f 170/14/62 172/16/62 138/13/62
f 138/13/30 172/16/30 171/15/30
f 136/5/63 132/10/63 146/10/63
f 123/3/5 141/3/5 139/3/5
f 124/3/5 142/3/5 141/3/5
f 133/17/64 131/6/64 145/6/64
f 149/3/62 142/3/62 140/3/62
f 134/12/65 148/12/65 146/10/65
f 117/3/66 116/3/66 148/3/66
f 118/3/67 133/3/67 147/3/67
f 122/9/68 138/9/68 167/7/68
f 169/18/877 121/8/877 137/8/877
f 139/3/70 144/19/70 143/4/70
f 116/3/878 115/3/878 147/3/878
f 130/3/54 129/3/54 125/3/54
f 136/11/73 168/11/73 137/8/73
f 122/13/27 121/8/27 169/18/27
f 158/5/74 154/10/74 153/6/74
f 151/8/879 158/11/879 157/7/879
f 166/5/880 165/7/880 161/6/880
f 159/8/881 160/9/881 165/7/881
f 161/6/882 163/17/882 164/12/882
f 156/12/79 155/17/79 153/6/79
f 153/6/699 161/6/699 165/7/699
f 152/13/31 160/13/31 208/16/31
f 160/13/54 159/8/54 207/15/54
f 117/3/81 118/3/81 155/3/81
f 118/3/82 115/3/82 163/3/82
f 128/3/5 127/3/5 129/3/5
f 144/3/1 150/3/1 149/3/1
f 164/3/83 116/3/83 117/3/83
f 155/17/84 163/17/84 161/6/84
f 152/13/70 206/14/70 205/18/70
f 163/3/85 115/3/85 116/3/85
f 159/8/883 166/11/883 158/11/883
f 205/18/884 207/15/884 159/8/884
f 162/10/88 164/12/88 156/12/88
f 158/5/89 166/5/89 162/10/89
f 165/7/90 160/9/90 152/9/90
f 128/19/691 120/1/691 119/2/691
f 72/3/5 71/3/5 69/3/5
f 81/3/1 82/3/1 80/3/1
f 9/3/91 57/3/91 58/3/91
f 177/53/1 184/54/1 176/54/1
f 183/55/1 182/56/1 174/56/1
f 173/57/92 187/68/92 185/58/92
f 176/54/93 188/59/93 187/42/93
f 175/55/94 186/39/94 188/59/94
f 174/56/95 185/58/95 186/39/95
f 182/56/92 179/61/92 178/60/92
f 183/55/95 180/31/95 179/61/95
f 184/54/94 181/62/94 180/31/94
f 177/53/93 178/34/93 181/62/93
f 182/56/1 177/57/1 173/57/1
f 179/23/5 180/31/5 181/62/5
f 184/54/1 183/55/1 175/55/1
f 189/53/5 193/53/5 200/54/5
f 191/55/5 199/55/5 198/56/5
f 189/57/94 203/68/94 201/58/94
f 192/54/93 204/59/93 203/42/93
f 191/55/92 202/39/92 204/59/92
f 190/56/95 201/58/95 202/39/95
f 198/56/94 195/61/94 194/60/94
f 199/55/95 196/31/95 195/61/95
f 200/54/92 197/62/92 196/31/92
f 193/53/93 194/34/93 197/62/93
f 190/56/5 198/56/5 193/57/5
f 196/31/1 197/62/1 194/63/1
f 200/54/5 199/55/5 191/55/5
f 140/3/5 142/3/5 124/3/5
f 11/3/96 12/3/96 60/3/96
f 12/3/5 10/3/5 58/3/5
f 53/3/1 55/3/1 211/3/1
f 53/3/91 209/3/91 210/3/91
f 55/3/96 56/3/96 212/3/96
f 56/3/5 54/3/5 210/3/5
f 201/3/5 203/3/5 204/3/5
f 186/3/1 185/3/1 187/3/1
f 282/1/1 281/2/1 275/2/1
f 218/3/5 222/3/5 234/3/5
f 219/2/102 220/1/102 226/19/102
f 285/3/98 283/3/98 275/3/98
f 219/2/1 223/2/1 224/1/1
f 219/3/99 225/3/99 227/3/99
f 218/3/5 230/3/5 229/3/5
f 237/3/100 234/3/100 233/3/100
f 221/3/5 217/3/5 229/3/5
f 237/3/101 235/3/101 230/3/101
f 235/4/102 236/19/102 229/3/102
f 223/3/100 227/3/100 228/3/100
f 241/20/104 242/24/104 240/21/104
f 243/23/105 244/26/105 242/24/105
f 236/3/106 238/3/106 233/3/106
f 57/3/1 59/3/1 215/3/1
f 222/3/5 221/3/5 233/3/5
f 224/3/107 228/3/107 226/3/107
f 245/25/108 246/28/108 244/26/108
f 247/27/885 248/30/885 246/28/885
f 249/29/110 250/32/110 248/30/110
f 251/31/111 252/34/111 250/32/111
f 253/33/112 254/36/112 252/34/112
f 255/35/113 256/38/113 254/36/113
f 257/37/114 258/40/114 256/38/114
f 259/39/115 260/42/115 258/40/115
f 261/41/116 262/44/116 260/42/116
f 263/43/117 264/46/117 262/44/117
f 265/45/118 266/48/118 264/46/118
f 267/47/119 268/50/119 266/48/119
f 269/49/120 270/52/120 268/50/120
f 239/51/121 240/67/121 270/52/121
f 292/5/122 291/7/122 287/6/122
f 277/8/886 278/9/886 291/7/886
f 287/6/124 289/17/124 290/12/124
f 297/3/152 298/3/152 305/3/152
f 295/3/126 297/3/126 306/3/126
f 304/12/887 303/17/887 301/6/887
f 324/5/128 302/10/128 301/6/128
f 293/8/129 324/11/129 323/7/129
f 289/3/715 274/3/715 273/3/715
f 295/3/5 296/3/5 232/3/5
f 284/3/131 286/3/131 282/3/131
f 287/6/714 291/7/714 323/7/714
f 326/14/133 328/16/133 294/13/133
f 294/13/100 328/16/100 327/15/100
f 292/5/135 288/10/135 302/10/135
f 279/3/5 297/3/5 295/3/5
f 280/3/5 298/3/5 297/3/5
f 289/17/136 287/6/136 301/6/136
f 305/3/133 298/3/133 296/3/133
f 290/12/137 304/12/137 302/10/137
f 273/3/138 272/3/138 304/3/138
f 274/3/139 289/3/139 303/3/139
f 278/9/140 294/9/140 323/7/140
f 325/18/141 277/8/141 293/8/141
f 295/3/142 300/19/142 299/4/142
f 272/3/143 271/3/143 303/3/143
f 286/3/152 285/3/152 281/3/152
f 292/11/144 324/11/144 293/8/144
f 278/13/97 277/8/97 325/18/97
f 314/5/145 310/10/145 309/6/145
f 307/8/888 314/11/888 313/7/888
f 322/5/889 321/7/889 317/6/889
f 315/8/890 316/9/890 321/7/890
f 317/6/891 319/17/891 320/12/891
f 312/12/892 311/17/892 309/6/892
f 309/6/709 317/6/709 321/7/709
f 316/13/101 364/16/101 362/14/101
f 316/13/152 315/8/152 363/15/152
f 273/3/153 274/3/153 311/3/153
f 274/3/154 271/3/154 319/3/154
f 283/3/5 285/3/5 286/3/5
f 300/3/1 306/3/1 305/3/1
f 320/3/155 272/3/155 273/3/155
f 311/17/156 319/17/156 317/6/156
f 308/13/142 362/14/142 361/18/142
f 319/3/157 271/3/157 272/3/157
f 315/8/893 322/11/893 314/11/893
f 361/18/712 363/15/712 315/8/712
f 318/10/160 320/12/160 312/12/160
f 314/5/161 322/5/161 318/10/161
f 321/7/162 316/9/162 308/9/162
f 284/19/704 276/1/704 275/2/704
f 226/3/5 228/3/5 227/3/5
f 237/3/1 238/3/1 236/3/1
f 57/3/163 213/3/163 214/3/163
f 333/53/1 340/54/1 332/54/1
f 339/55/1 338/56/1 330/56/1
f 329/57/164 343/68/164 341/58/164
f 332/54/165 344/59/165 343/42/165
f 331/55/166 342/39/166 344/59/166
f 330/56/167 341/58/167 342/39/167
f 338/56/164 335/61/164 334/60/164
f 339/55/167 336/31/167 335/61/167
f 340/54/166 337/62/166 336/31/166
f 333/53/165 334/34/165 337/62/165
f 338/56/1 333/57/1 329/57/1
f 335/23/5 336/31/5 337/62/5
f 332/54/1 340/54/1 339/55/1
f 349/53/5 356/54/5 348/54/5
f 347/55/5 355/55/5 354/56/5
f 345/57/166 359/68/166 357/58/166
f 348/54/165 360/59/165 359/42/165
f 347/55/164 358/39/164 360/59/164
f 346/56/167 357/58/167 358/39/167
f 354/56/166 351/61/166 350/60/166
f 355/55/167 352/31/167 351/61/167
f 356/54/164 353/62/164 352/31/164
f 349/53/165 350/34/165 353/62/165
f 354/56/5 349/57/5 345/57/5
f 352/31/1 353/62/1 350/63/1
f 348/54/5 356/54/5 355/55/5
f 232/3/5 296/3/5 298/3/5
f 59/3/168 60/3/168 216/3/168
f 216/3/5 60/3/5 58/3/5
f 209/3/1 211/3/1 367/3/1
f 209/3/163 365/3/163 366/3/163
f 211/3/168 212/3/168 368/3/168
f 368/3/5 212/3/5 210/3/5
f 357/3/5 359/3/5 360/3/5
f 342/3/1 341/3/1 343/3/1
f 438/1/1 437/2/1 431/2/1
f 374/3/5 378/3/5 390/3/5
f 375/2/727 376/1/727 382/19/727
f 441/3/170 439/3/170 431/3/170
f 376/1/1 375/2/1 379/2/1
f 375/3/171 381/3/171 383/3/171
f 374/3/5 386/3/5 385/3/5
f 393/3/204 390/3/204 389/3/204
f 377/3/5 373/3/5 385/3/5
f 393/3/173 391/3/173 386/3/173
f 391/4/169 392/19/169 385/3/169
f 379/3/204 383/3/204 384/3/204
f 397/20/174 398/24/174 396/21/174
f 399/23/175 400/26/175 398/24/175
f 394/3/176 389/3/176 385/3/176
f 213/3/1 215/3/1 371/3/1
f 378/3/5 377/3/5 389/3/5
f 380/3/177 384/3/177 382/3/177
f 401/25/178 402/28/178 400/26/178
f 403/27/179 404/30/179 402/28/179
f 405/29/180 406/32/180 404/30/180
f 407/31/181 408/34/181 406/32/181
f 409/33/182 410/36/182 408/34/182
f 411/35/183 412/38/183 410/36/183
f 413/37/184 414/40/184 412/38/184
f 415/39/185 416/42/185 414/40/185
f 417/41/186 418/44/186 416/42/186
f 419/43/187 420/46/187 418/44/187
f 421/45/188 422/48/188 420/46/188
f 423/47/189 424/50/189 422/48/189
f 425/49/413 426/52/413 424/50/413
f 395/51/894 396/67/894 426/52/894
f 448/5/192 447/7/192 443/6/192
f 433/8/895 434/9/895 447/7/895
f 443/6/896 445/17/896 446/12/896
f 453/3/195 454/3/195 461/3/195
f 456/3/196 451/3/196 453/3/196
f 460/12/897 459/17/897 457/6/897
f 480/5/728 458/10/728 457/6/728
f 449/8/898 480/11/898 479/7/898
f 445/3/200 430/3/200 429/3/200
f 451/3/5 452/3/5 388/3/5
f 440/3/201 442/3/201 438/3/201
f 443/6/202 447/7/202 479/7/202
f 434/13/203 482/14/203 484/16/203
f 450/13/204 484/16/204 483/15/204
f 448/5/205 444/10/205 458/10/205
f 435/3/5 453/3/5 451/3/5
f 436/3/5 454/3/5 453/3/5
f 445/17/206 443/6/206 457/6/206
f 461/3/203 454/3/203 452/3/203
f 446/12/207 460/12/207 458/10/207
f 429/3/208 428/3/208 460/3/208
f 430/3/209 445/3/209 459/3/209
f 434/9/733 450/9/733 479/7/733
f 481/18/732 433/8/732 449/8/732
f 451/3/718 456/19/718 455/4/718
f 428/3/213 427/3/213 459/3/213
f 442/3/195 441/3/195 437/3/195
f 448/11/215 480/11/215 449/8/215
f 434/13/169 433/8/169 481/18/169
f 470/5/216 466/10/216 465/6/216
f 463/8/899 470/11/899 469/7/899
f 478/5/218 477/7/218 473/6/218
f 471/8/219 472/9/219 477/7/219
f 473/6/900 475/17/900 476/12/900
f 468/12/221 467/17/221 465/6/221
f 465/6/222 473/6/222 477/7/222
f 472/13/173 520/16/173 518/14/173
f 472/13/901 471/8/901 519/15/901
f 429/3/726 430/3/726 467/3/726
f 430/3/224 427/3/224 475/3/224
f 440/3/5 439/3/5 441/3/5
f 455/3/1 456/3/1 462/3/1
f 476/3/225 428/3/225 429/3/225
f 467/17/226 475/17/226 473/6/226
f 464/13/212 518/14/212 517/18/212
f 475/3/227 427/3/227 428/3/227
f 471/8/228 478/11/228 470/11/228
f 517/18/725 519/15/725 471/8/725
f 474/10/230 476/12/230 468/12/230
f 470/5/231 478/5/231 474/10/231
f 477/7/724 472/9/724 464/9/724
f 440/19/718 432/1/718 431/2/718
f 384/3/5 383/3/5 381/3/5
f 391/3/1 393/3/1 394/3/1
f 213/3/233 369/3/233 370/3/233
f 489/53/1 496/54/1 488/54/1
f 495/55/1 494/56/1 486/56/1
f 485/57/234 499/68/234 497/58/234
f 488/54/44 500/59/44 499/42/44
f 487/55/235 498/39/235 500/59/235
f 486/56/34 497/58/34 498/39/34
f 494/56/234 491/61/234 490/60/234
f 495/55/34 492/31/34 491/61/34
f 496/54/235 493/62/235 492/31/235
f 489/53/44 490/34/44 493/62/44
f 494/56/1 489/57/1 485/57/1
f 491/23/5 492/31/5 493/62/5
f 496/54/1 495/55/1 487/55/1
f 501/53/5 505/53/5 512/54/5
f 511/55/5 510/56/5 502/56/5
f 501/57/235 515/68/235 513/58/235
f 504/54/44 516/59/44 515/42/44
f 503/55/234 514/39/234 516/59/234
f 502/56/34 513/58/34 514/39/34
f 510/56/235 507/61/235 506/60/235
f 511/55/34 508/31/34 507/61/34
f 512/54/234 509/62/234 508/31/234
f 505/53/44 506/34/44 509/62/44
f 502/56/5 510/56/5 505/57/5
f 507/23/1 508/31/1 509/62/1
f 504/54/5 512/54/5 511/55/5
f 452/3/5 454/3/5 436/3/5
f 215/3/236 216/3/236 372/3/236
f 216/3/5 214/3/5 370/3/5
f 365/3/1 367/3/1 523/3/1
f 365/3/233 521/3/233 522/3/233
f 367/3/236 368/3/236 524/3/236
f 368/3/5 366/3/5 522/3/5
f 513/3/5 515/3/5 516/3/5
f 498/3/1 497/3/1 499/3/1
f 594/1/1 593/2/1 587/2/1
f 530/3/5 534/3/5 546/3/5
f 531/2/902 532/1/902 538/19/902
f 597/3/238 595/3/238 587/3/238
f 531/2/1 535/2/1 536/1/1
f 531/3/239 537/3/239 539/3/239
f 530/3/5 542/3/5 541/3/5
f 549/3/240 546/3/240 545/3/240
f 533/3/5 529/3/5 541/3/5
f 549/3/241 547/3/241 542/3/241
f 547/4/237 548/19/237 541/3/237
f 535/3/240 539/3/240 540/3/240
f 553/20/243 554/24/243 552/21/243
f 555/23/94 556/26/94 554/24/94
f 550/3/244 545/3/244 541/3/244
f 369/3/1 371/3/1 527/3/1
f 534/3/5 533/3/5 545/3/5
f 536/3/245 540/3/245 538/3/245
f 557/25/903 558/28/903 556/26/903
f 559/27/247 560/30/247 558/28/247
f 561/29/248 562/32/248 560/30/248
f 563/31/249 564/34/249 562/32/249
f 565/33/250 566/36/250 564/34/250
f 567/35/251 568/38/251 566/36/251
f 569/37/252 570/40/252 568/38/252
f 571/39/92 572/42/92 570/40/92
f 573/41/904 574/44/904 572/42/904
f 575/43/254 576/46/254 574/44/254
f 577/45/255 578/48/255 576/46/255
f 579/47/95 580/50/95 578/48/95
f 581/49/256 582/52/256 580/50/256
f 551/51/257 552/67/257 582/52/257
f 604/5/258 603/7/258 599/6/258
f 589/8/905 590/9/905 603/7/905
f 599/6/742 601/17/742 602/12/742
f 609/3/261 610/3/261 617/3/261
f 607/3/262 609/3/262 618/3/262
f 616/12/906 615/17/906 613/6/906
f 636/5/907 614/10/907 613/6/907
f 605/8/908 636/11/908 635/7/908
f 601/3/266 586/3/266 585/3/266
f 607/3/5 608/3/5 544/3/5
f 596/3/267 598/3/267 594/3/267
f 599/6/909 603/7/909 635/7/909
f 590/13/269 638/14/269 640/16/269
f 606/13/240 640/16/240 639/15/240
f 604/5/270 600/10/270 614/10/270
f 591/3/5 609/3/5 607/3/5
f 592/3/5 610/3/5 609/3/5
f 601/17/271 599/6/271 613/6/271
f 617/3/269 610/3/269 608/3/269
f 602/12/272 616/12/272 614/10/272
f 585/3/273 584/3/273 616/3/273
f 586/3/274 601/3/274 615/3/274
f 590/9/275 606/9/275 635/7/275
f 637/18/910 589/8/910 605/8/910
f 607/3/277 612/19/277 611/4/277
f 584/3/278 583/3/278 615/3/278
f 598/3/261 597/3/261 593/3/261
f 604/11/280 636/11/280 605/8/280
f 590/13/237 589/8/237 637/18/237
f 626/5/911 622/10/911 621/6/911
f 619/8/912 626/11/912 625/7/912
f 634/5/283 633/7/283 629/6/283
f 627/8/913 628/9/913 633/7/913
f 629/6/285 631/17/285 632/12/285
f 624/12/914 623/17/914 621/6/914
f 621/6/915 629/6/915 633/7/915
f 628/13/241 676/16/241 674/14/241
f 628/13/261 627/8/261 675/15/261
f 585/3/288 586/3/288 623/3/288
f 586/3/289 583/3/289 631/3/289
f 596/3/5 595/3/5 597/3/5
f 612/3/1 618/3/1 617/3/1
f 632/3/290 584/3/290 585/3/290
f 623/17/291 631/17/291 629/6/291
f 620/13/277 674/14/277 673/18/277
f 631/3/292 583/3/292 584/3/292
f 627/8/293 634/11/293 626/11/293
f 673/18/916 675/15/916 627/8/916
f 622/10/295 630/10/295 632/12/295
f 626/5/296 634/5/296 630/10/296
f 633/7/297 628/9/297 620/9/297
f 596/19/734 588/1/734 587/2/734
f 540/3/5 539/3/5 537/3/5
f 547/3/1 549/3/1 550/3/1
f 369/3/298 525/3/298 526/3/298
f 645/53/1 652/54/1 644/54/1
f 651/55/1 650/56/1 642/56/1
f 641/57/299 655/68/299 653/58/299
f 644/54/115 656/59/115 655/42/115
f 643/55/111 654/39/111 656/59/111
f 642/56/300 653/58/300 654/39/300
f 650/56/299 647/61/299 646/60/299
f 651/55/300 648/31/300 647/61/300
f 652/54/111 649/62/111 648/31/111
f 645/53/115 646/34/115 649/62/115
f 650/56/1 645/57/1 641/57/1
f 647/23/5 648/31/5 649/62/5
f 652/54/1 651/55/1 643/55/1
f 657/53/5 661/53/5 668/54/5
f 667/55/5 666/56/5 658/56/5
f 657/57/111 671/68/111 669/58/111
f 660/54/115 672/59/115 671/42/115
f 659/55/299 670/39/299 672/59/299
f 658/56/300 669/58/300 670/39/300
f 666/56/111 663/61/111 662/60/111
f 667/55/300 664/31/300 663/61/300
f 668/54/299 665/62/299 664/31/299
f 661/53/115 662/34/115 665/62/115
f 658/56/5 666/56/5 661/57/5
f 663/23/1 664/31/1 665/62/1
f 668/54/5 667/55/5 659/55/5
f 544/3/5 608/3/5 610/3/5
f 371/3/301 372/3/301 528/3/301
f 528/3/5 372/3/5 370/3/5
f 521/3/1 523/3/1 679/3/1
f 521/3/298 677/3/298 678/3/298
f 523/3/301 524/3/301 680/3/301
f 680/3/5 524/3/5 522/3/5
f 669/3/5 671/3/5 672/3/5
f 653/3/1 655/3/1 656/3/1
f 682/3/5 686/3/5 696/3/5
f 683/2/302 684/1/302 690/19/302
f 684/1/1 683/2/1 687/2/1
f 683/3/303 689/3/303 691/3/303
f 682/3/5 694/3/5 693/3/5
f 699/3/304 696/3/304 695/3/304
f 685/3/5 681/3/5 693/3/5
f 699/3/305 697/3/305 694/3/305
f 697/4/302 698/19/302 693/3/302
f 687/3/304 691/3/304 692/3/304
f 703/20/582 704/24/582 702/21/582
f 705/23/308 706/26/308 704/24/308
f 700/3/309 695/3/309 693/3/309
f 686/3/5 685/3/5 695/3/5
f 688/3/310 692/3/310 690/3/310
f 707/25/311 708/28/311 706/26/311
f 709/27/312 710/30/312 708/28/312
f 711/29/313 712/32/313 710/30/313
f 713/31/314 714/34/314 712/32/314
f 715/33/315 716/36/315 714/34/315
f 717/35/316 718/38/316 716/36/316
f 719/37/317 720/40/317 718/38/317
f 721/39/164 722/42/164 720/40/164
f 723/41/319 724/44/319 722/42/319
f 725/43/320 726/46/320 724/44/320
f 727/45/321 728/48/321 726/46/321
f 729/47/322 730/50/322 728/48/322
f 731/49/461 732/52/461 730/50/461
f 701/51/579 702/67/579 732/52/579
f 744/5/917 743/7/917 739/6/917
f 737/8/918 738/9/918 743/7/918
f 739/6/327 741/17/327 742/12/327
f 750/12/328 749/17/328 747/6/328
f 752/5/919 748/10/919 747/6/919
f 745/8/330 752/11/330 751/7/330
f 741/3/331 736/3/331 735/3/331
f 739/6/685 743/7/685 751/7/685
f 754/14/333 756/16/333 746/13/333
f 746/13/304 756/16/304 755/15/304
f 744/5/335 740/10/335 748/10/335
f 741/17/336 739/6/336 747/6/336
f 740/10/337 742/12/337 750/12/337
f 735/3/338 734/3/338 750/3/338
f 736/3/339 741/3/339 749/3/339
f 738/9/340 746/9/340 751/7/340
f 753/18/341 737/8/341 745/8/341
f 734/3/342 733/3/342 749/3/342
f 744/11/343 752/11/343 745/8/343
f 738/13/920 737/8/920 753/18/920
f 692/3/5 691/3/5 689/3/5
f 699/3/1 700/3/1 698/3/1
f 760/54/1 768/54/1 761/53/1
f 759/55/1 758/56/1 766/56/1
f 769/58/41 771/68/41 757/57/41
f 771/42/344 772/59/344 760/54/344
f 772/59/49 770/39/49 759/55/49
f 770/39/345 769/58/345 758/56/345
f 762/60/41 763/61/41 766/56/41
f 763/61/345 764/31/345 767/55/345
f 764/31/49 765/62/49 768/54/49
f 765/62/344 762/34/344 761/53/344
f 758/56/1 757/57/1 761/57/1
f 763/23/5 762/63/5 765/62/5
f 759/55/1 767/55/1 768/54/1
f 773/53/5 776/54/5 784/54/5
f 774/56/5 782/56/5 783/55/5
f 785/58/49 787/68/49 773/57/49
f 787/42/344 788/59/344 776/54/344
f 788/59/41 786/39/41 775/55/41
f 786/39/345 785/58/345 774/56/345
f 778/60/49 779/61/49 782/56/49
f 779/61/345 780/31/345 783/55/345
f 780/31/41 781/62/41 784/54/41
f 781/62/344 778/34/344 777/53/344
f 774/56/5 773/57/5 777/57/5
f 778/63/1 781/62/1 780/31/1
f 775/55/5 783/55/5 784/54/5
f 788/3/5 787/3/5 785/3/5
f 770/3/1 772/3/1 771/3/1
f 795/2/1 799/2/1 800/1/1
f 795/3/2 801/3/2 803/3/2
f 811/3/8 808/3/8 807/3/8
f 812/3/4 807/3/4 805/3/4
f 794/3/5 806/3/5 805/3/5
f 800/3/6 804/3/6 802/3/6
f 797/3/5 793/3/5 805/3/5
f 798/3/5 797/3/5 807/3/5
f 811/3/7 809/3/7 806/3/7
f 809/4/3 810/19/3 805/3/3
f 799/3/8 803/3/8 804/3/8
f 820/5/921 819/7/921 815/6/921
f 813/8/922 814/9/922 819/7/922
f 828/5/869 824/10/869 823/6/869
f 821/8/348 828/11/348 827/7/348
f 826/12/14 825/17/14 823/6/14
f 815/6/13 817/17/13 818/12/13
f 815/6/15 819/7/15 827/7/15
f 830/14/16 832/16/16 822/13/16
f 822/13/8 832/16/8 831/15/8
f 817/3/21 8/3/21 7/3/21
f 8/3/18 817/3/18 825/3/18
f 802/3/5 804/3/5 803/3/5
f 811/3/1 812/3/1 810/3/1
f 7/3/19 6/3/19 826/3/19
f 817/17/20 815/6/20 823/6/20
f 814/13/3 813/8/3 829/18/3
f 6/3/17 5/3/17 825/3/17
f 820/11/22 828/11/22 821/8/22
f 829/18/23 813/8/23 821/8/23
f 818/12/24 826/12/24 824/10/24
f 820/5/25 816/10/25 824/10/25
f 814/9/26 822/9/26 827/7/26
f 795/2/3 796/1/3 802/19/3
f 794/3/5 798/3/5 808/3/5
f 842/3/5 854/3/5 858/3/5
f 850/19/636 844/1/636 843/2/636
f 853/3/5 854/3/5 842/3/5
f 857/3/353 858/3/353 861/3/353
f 845/3/5 857/3/5 853/3/5
f 861/3/354 858/3/354 854/3/354
f 853/3/352 860/19/352 859/4/352
f 852/3/353 851/3/353 847/3/353
f 864/21/356 866/24/356 865/20/356
f 866/24/357 868/26/357 867/23/357
f 860/3/298 853/3/298 857/3/298
f 839/3/1 791/3/1 789/3/1
f 846/3/5 858/3/5 857/3/5
f 868/26/358 870/28/358 869/25/358
f 870/28/243 872/30/243 871/27/243
f 872/30/359 874/32/359 873/29/359
f 874/32/360 876/34/360 875/31/360
f 876/34/95 878/36/95 877/33/95
f 878/36/255 880/38/255 879/35/255
f 880/38/361 882/40/361 881/37/361
f 882/40/253 884/42/253 883/39/253
f 884/42/362 886/44/362 885/41/362
f 886/44/363 888/46/363 887/43/363
f 888/46/364 890/48/364 889/45/364
f 890/48/365 892/50/365 891/47/365
f 892/50/93 894/52/93 893/49/93
f 894/52/366 864/67/366 863/51/366
f 916/5/923 912/10/923 911/6/923
f 901/8/924 916/11/924 915/7/924
f 914/12/925 913/17/925 911/6/925
f 929/3/370 922/3/370 921/3/370
f 930/3/301 921/3/301 919/3/301
f 925/6/371 927/17/371 928/12/371
f 948/5/372 947/7/372 925/6/372
f 917/8/926 918/9/926 947/7/926
f 897/3/374 898/3/374 913/3/374
f 856/3/5 920/3/5 919/3/5
f 911/6/375 925/6/375 947/7/375
f 918/13/376 952/16/376 950/14/376
f 918/13/353 917/8/353 951/15/353
f 916/5/377 948/5/377 926/10/377
f 903/3/5 855/3/5 919/3/5
f 904/3/5 903/3/5 921/3/5
f 913/17/378 927/17/378 925/6/378
f 929/3/376 923/3/376 920/3/376
f 926/10/379 928/12/379 914/12/379
f 898/3/380 895/3/380 927/3/380
f 947/7/381 918/9/381 902/9/381
f 949/18/927 951/15/927 917/8/927
f 923/4/383 924/19/383 919/3/383
f 927/3/928 895/3/928 896/3/928
f 905/3/370 909/3/370 910/3/370
f 917/8/386 948/11/386 916/11/386
f 902/13/352 950/14/352 949/18/352
f 938/5/387 937/7/387 933/6/387
f 931/8/929 932/9/929 937/7/929
f 946/5/930 942/10/930 941/6/930
f 939/8/931 946/11/931 945/7/931
f 944/12/932 943/17/932 941/6/932
f 933/6/392 935/17/392 936/12/392
f 933/6/853 937/7/853 945/7/853
f 932/13/354 986/14/354 988/16/354
f 940/13/370 988/16/370 987/15/370
f 935/3/394 898/3/394 897/3/394
f 898/3/395 935/3/395 943/3/395
f 908/3/5 910/3/5 909/3/5
f 929/3/1 930/3/1 924/3/1
f 935/17/396 933/6/396 941/6/396
f 932/13/383 931/8/383 985/18/383
f 896/3/397 895/3/397 943/3/397
f 938/11/933 946/11/933 939/8/933
f 985/18/934 931/8/934 939/8/934
f 936/12/400 944/12/400 942/10/400
f 938/5/401 934/10/401 942/10/401
f 932/9/402 940/9/402 945/7/402
f 899/2/626 900/1/626 908/19/626
f 849/3/5 851/3/5 852/3/5
f 860/3/1 862/3/1 861/3/1
f 838/3/244 837/3/244 789/3/244
f 956/54/1 964/54/1 957/53/1
f 954/56/1 962/56/1 963/55/1
f 965/58/344 967/68/344 953/57/344
f 967/42/49 968/59/49 956/54/49
f 968/59/345 966/39/345 955/55/345
f 966/39/41 965/58/41 954/56/41
f 958/60/344 959/61/344 962/56/344
f 959/61/41 960/31/41 963/55/41
f 960/31/345 961/62/345 964/54/345
f 961/62/49 958/34/49 957/53/49
f 954/56/1 953/57/1 957/57/1
f 959/23/5 958/63/5 961/62/5
f 955/55/1 963/55/1 964/54/1
f 969/53/5 972/54/5 980/54/5
f 971/55/5 970/56/5 978/56/5
f 981/58/345 983/68/345 969/57/345
f 983/42/49 984/59/49 972/54/49
f 984/59/344 982/39/344 971/55/344
f 982/39/41 981/58/41 970/56/41
f 974/60/345 975/61/345 978/56/345
f 975/61/41 976/31/41 979/55/41
f 976/31/344 977/62/344 980/54/344
f 977/62/49 974/34/49 973/53/49
f 970/56/5 969/57/5 973/57/5
f 974/63/1 977/62/1 976/31/1
f 972/54/5 971/55/5 979/55/5
f 904/3/5 922/3/5 920/3/5
f 840/3/262 792/3/262 791/3/262
f 838/3/5 790/3/5 792/3/5
f 991/3/1 835/3/1 833/3/1
f 990/3/244 989/3/244 833/3/244
f 992/3/262 836/3/262 835/3/262
f 990/3/5 834/3/5 836/3/5
f 984/3/5 983/3/5 981/3/5
f 966/3/1 968/3/1 967/3/1
f 1055/2/1 1061/2/1 1062/1/1
f 998/3/5 1010/3/5 1014/3/5
f 1006/19/408 1000/1/408 999/2/408
f 1055/3/404 1063/3/404 1065/3/404
f 1004/1/1 1003/2/1 999/2/1
f 1007/3/405 1005/3/405 999/3/405
f 1009/3/5 1010/3/5 998/3/5
f 1013/3/406 1014/3/406 1017/3/406
f 1001/3/5 1013/3/5 1009/3/5
f 1017/3/407 1014/3/407 1010/3/407
f 1009/3/408 1016/19/408 1015/4/408
f 1008/3/406 1007/3/406 1003/3/406
f 1020/21/410 1022/24/410 1021/20/410
f 1022/24/178 1024/26/178 1023/23/178
f 1016/3/233 1009/3/233 1013/3/233
f 995/3/1 839/3/1 837/3/1
f 1002/3/5 1014/3/5 1013/3/5
f 1006/3/411 1008/3/411 1004/3/411
f 1024/26/175 1026/28/175 1025/25/175
f 1028/30/412 1030/32/412 1029/29/412
f 1030/32/413 1032/34/413 1031/31/413
f 1032/34/189 1034/36/189 1033/33/189
f 1034/36/188 1036/38/188 1035/35/188
f 1036/38/414 1038/40/414 1037/37/414
f 1038/40/186 1040/42/186 1039/39/186
f 1040/42/415 1042/44/415 1041/41/415
f 1042/44/416 1044/46/416 1043/43/416
f 1044/46/417 1046/48/417 1045/45/417
f 1046/48/182 1048/50/182 1047/47/182
f 1048/50/418 1050/52/418 1049/49/418
f 1050/52/419 1020/67/419 1019/51/419
f 1072/5/420 1068/10/420 1067/6/420
f 1057/8/935 1072/11/935 1071/7/935
f 1070/12/422 1069/17/422 1067/6/422
f 1085/3/448 1078/3/448 1077/3/448
f 1086/3/236 1077/3/236 1075/3/236
f 1081/6/859 1083/17/859 1084/12/859
f 1104/5/425 1103/7/425 1081/6/425
f 1073/8/426 1074/9/426 1103/7/426
f 1053/3/653 1054/3/653 1069/3/653
f 1012/3/5 1076/3/5 1075/3/5
f 1062/3/428 1066/3/428 1064/3/428
f 1067/6/652 1081/6/652 1103/7/652
f 1074/13/430 1108/16/430 1106/14/430
f 1074/13/936 1073/8/936 1107/15/936
f 1072/5/431 1104/5/431 1082/10/431
f 1059/3/5 1011/3/5 1075/3/5
f 1060/3/5 1059/3/5 1077/3/5
f 1069/17/432 1083/17/432 1081/6/432
f 1085/3/430 1079/3/430 1076/3/430
f 1082/10/433 1084/12/433 1070/12/433
f 1084/3/434 1052/3/434 1053/3/434
f 1054/3/435 1051/3/435 1083/3/435
f 1103/7/436 1074/9/436 1058/9/436
f 1105/18/437 1107/15/437 1073/8/437
f 1079/4/438 1080/19/438 1075/3/438
f 1083/3/439 1051/3/439 1052/3/439
f 1061/3/448 1065/3/448 1066/3/448
f 1073/8/440 1104/11/440 1072/11/440
f 1058/13/403 1106/14/403 1105/18/403
f 1094/5/441 1093/7/441 1089/6/441
f 1087/8/937 1088/9/937 1093/7/937
f 1102/5/643 1098/10/643 1097/6/643
f 1095/8/938 1102/11/938 1101/7/938
f 1100/12/939 1099/17/939 1097/6/939
f 1089/6/864 1091/17/864 1092/12/864
f 1089/6/647 1093/7/647 1101/7/647
f 1142/14/407 1144/16/407 1096/13/407
f 1096/13/448 1144/16/448 1143/15/448
f 1091/3/449 1054/3/449 1053/3/449
f 1054/3/450 1091/3/450 1099/3/450
f 1066/3/5 1065/3/5 1063/3/5
f 1085/3/1 1086/3/1 1080/3/1
f 1053/3/451 1052/3/451 1100/3/451
f 1091/17/452 1089/6/452 1097/6/452
f 1088/13/438 1087/8/438 1141/18/438
f 1052/3/453 1051/3/453 1099/3/453
f 1094/11/940 1102/11/940 1095/8/940
f 1141/18/941 1087/8/941 1095/8/941
f 1092/12/456 1100/12/456 1098/10/456
f 1090/10/457 1098/10/457 1102/5/457
f 1088/9/458 1096/9/458 1101/7/458
f 1055/2/639 1056/1/639 1064/19/639
f 1006/3/5 1005/3/5 1007/3/5
f 1016/3/1 1018/3/1 1017/3/1
f 994/3/176 993/3/176 837/3/176
f 1112/54/1 1120/54/1 1113/53/1
f 1110/56/1 1118/56/1 1119/55/1
f 1121/58/459 1123/68/459 1109/57/459
f 1123/42/460 1124/59/460 1112/54/460
f 1124/59/461 1122/39/461 1111/55/461
f 1122/39/462 1121/58/462 1110/56/462
f 1114/60/459 1115/61/459 1118/56/459
f 1115/61/462 1116/31/462 1119/55/462
f 1116/31/461 1117/62/461 1120/54/461
f 1117/62/460 1114/34/460 1113/53/460
f 1109/57/1 1113/57/1 1118/56/1
f 1115/23/5 1114/63/5 1117/62/5
f 1112/54/1 1111/55/1 1119/55/1
f 1125/53/5 1128/54/5 1136/54/5
f 1127/55/5 1126/56/5 1134/56/5
f 1137/58/461 1139/68/461 1125/57/461
f 1139/42/460 1140/59/460 1128/54/460
f 1140/59/459 1138/39/459 1127/55/459
f 1138/39/462 1137/58/462 1126/56/462
f 1130/60/461 1131/61/461 1134/56/461
f 1131/61/462 1132/31/462 1135/55/462
f 1132/31/459 1133/62/459 1136/54/459
f 1133/62/460 1130/34/460 1129/53/460
f 1125/57/5 1129/57/5 1134/56/5
f 1130/63/1 1133/62/1 1132/31/1
f 1128/54/5 1127/55/5 1135/55/5
f 1012/3/5 1060/3/5 1078/3/5
f 996/3/196 840/3/196 839/3/196
f 996/3/5 994/3/5 838/3/5
f 1147/3/1 991/3/1 989/3/1
f 1146/3/176 1145/3/176 989/3/176
f 1148/3/196 992/3/196 991/3/196
f 1148/3/5 1146/3/5 990/3/5
f 1140/3/5 1139/3/5 1137/3/5
f 1122/3/1 1124/3/1 1123/3/1
f 1211/2/1 1217/2/1 1218/1/1
f 1154/3/5 1166/3/5 1170/3/5
f 1162/19/663 1156/1/663 1155/2/663
f 1211/3/464 1219/3/464 1221/3/464
f 1156/1/1 1160/1/1 1159/2/1
f 1163/3/465 1161/3/465 1155/3/465
f 1165/3/5 1166/3/5 1154/3/5
f 1169/3/489 1170/3/489 1173/3/489
f 1157/3/5 1169/3/5 1165/3/5
f 1173/3/467 1170/3/467 1166/3/467
f 1165/3/463 1172/19/463 1171/4/463
f 1164/3/489 1163/3/489 1159/3/489
f 1176/21/109 1178/24/109 1177/20/109
f 1178/24/108 1180/26/108 1179/23/108
f 1165/3/163 1169/3/163 1174/3/163
f 1151/3/1 995/3/1 993/3/1
f 1158/3/5 1170/3/5 1169/3/5
f 1162/3/468 1164/3/468 1160/3/468
f 1180/26/105 1182/28/105 1181/25/105
f 1182/28/469 1184/30/469 1183/27/469
f 1184/30/470 1186/32/470 1185/29/470
f 1186/32/471 1188/34/471 1187/31/471
f 1188/34/119 1190/36/119 1189/33/119
f 1190/36/472 1192/38/472 1191/35/472
f 1192/38/473 1194/40/473 1193/37/473
f 1194/40/474 1196/42/474 1195/39/474
f 1196/42/115 1198/44/115 1197/41/115
f 1198/44/475 1200/46/475 1199/43/475
f 1200/46/113 1202/48/113 1201/45/113
f 1202/48/112 1204/50/112 1203/47/112
f 1204/50/111 1206/52/111 1205/49/111
f 1206/52/942 1176/67/942 1175/51/942
f 1228/5/478 1224/10/478 1223/6/478
f 1213/8/943 1228/11/943 1227/7/943
f 1226/12/944 1225/17/944 1223/6/944
f 1241/3/481 1234/3/481 1233/3/481
f 1236/3/168 1242/3/168 1233/3/168
f 1237/6/945 1239/17/945 1240/12/945
f 1260/5/946 1259/7/946 1237/6/946
f 1229/8/947 1230/9/947 1259/7/947
f 1209/3/485 1210/3/485 1225/3/485
f 1168/3/5 1232/3/5 1231/3/5
f 1218/3/486 1222/3/486 1220/3/486
f 1223/6/487 1237/6/487 1259/7/487
f 1214/13/488 1230/13/488 1264/16/488
f 1230/13/489 1229/8/489 1263/15/489
f 1228/5/490 1260/5/490 1238/10/490
f 1215/3/5 1167/3/5 1231/3/5
f 1216/3/5 1215/3/5 1233/3/5
f 1225/17/491 1239/17/491 1237/6/491
f 1241/3/488 1235/3/488 1232/3/488
f 1238/10/492 1240/12/492 1226/12/492
f 1240/3/493 1208/3/493 1209/3/493
f 1210/3/494 1207/3/494 1239/3/494
f 1259/7/668 1230/9/668 1214/9/668
f 1261/18/667 1263/15/667 1229/8/667
f 1235/4/655 1236/19/655 1231/3/655
f 1239/3/498 1207/3/498 1208/3/498
f 1217/3/481 1221/3/481 1222/3/481
f 1229/8/500 1260/11/500 1228/11/500
f 1214/13/463 1262/14/463 1261/18/463
f 1250/5/501 1249/7/501 1245/6/501
f 1243/8/948 1244/9/948 1249/7/948
f 1258/5/503 1254/10/503 1253/6/503
f 1251/8/504 1258/11/504 1257/7/504
f 1256/12/949 1255/17/949 1253/6/949
f 1245/6/506 1247/17/506 1248/12/506
f 1245/6/507 1249/7/507 1257/7/507
f 1244/13/467 1298/14/467 1300/16/467
f 1252/13/481 1300/16/481 1299/15/481
f 1247/3/662 1210/3/662 1209/3/662
f 1210/3/510 1247/3/510 1255/3/510
f 1220/3/5 1222/3/5 1221/3/5
f 1235/3/1 1241/3/1 1242/3/1
f 1209/3/511 1208/3/511 1256/3/511
f 1247/17/512 1245/6/512 1253/6/512
f 1244/13/497 1243/8/497 1297/18/497
f 1208/3/513 1207/3/513 1255/3/513
f 1250/11/514 1258/11/514 1251/8/514
f 1297/18/661 1243/8/661 1251/8/661
f 1248/12/516 1256/12/516 1254/10/516
f 1250/5/517 1246/10/517 1254/10/517
f 1244/9/660 1252/9/660 1257/7/660
f 1211/2/655 1212/1/655 1220/19/655
f 1161/3/5 1163/3/5 1164/3/5
f 1171/3/1 1172/3/1 1174/3/1
f 1150/3/106 1149/3/106 993/3/106
f 1268/54/1 1276/54/1 1269/53/1
f 1266/56/1 1274/56/1 1275/55/1
f 1277/58/250 1279/68/250 1265/57/250
f 1279/42/253 1280/59/253 1268/54/253
f 1280/59/256 1278/39/256 1267/55/256
f 1278/39/357 1277/58/357 1266/56/357
f 1270/60/250 1271/61/250 1274/56/250
f 1271/61/357 1272/31/357 1275/55/357
f 1272/31/256 1273/62/256 1276/54/256
f 1273/62/253 1270/34/253 1269/53/253
f 1265/57/1 1269/57/1 1274/56/1
f 1271/23/5 1270/63/5 1273/62/5
f 1267/55/1 1275/55/1 1276/54/1
f 1281/53/5 1284/54/5 1292/54/5
f 1282/56/5 1290/56/5 1291/55/5
f 1293/58/256 1295/68/256 1281/57/256
f 1295/42/253 1296/59/253 1284/54/253
f 1296/59/250 1294/39/250 1283/55/250
f 1294/39/357 1293/58/357 1282/56/357
f 1286/60/256 1287/61/256 1290/56/256
f 1287/61/357 1288/31/357 1291/55/357
f 1288/31/250 1289/62/250 1292/54/250
f 1289/62/253 1286/34/253 1285/53/253
f 1281/57/5 1285/57/5 1290/56/5
f 1287/23/1 1286/63/1 1289/62/1
f 1284/54/5 1283/55/5 1291/55/5
f 1216/3/5 1234/3/5 1232/3/5
f 1152/3/126 996/3/126 995/3/126
f 1152/3/5 1150/3/5 994/3/5
f 1303/3/1 1147/3/1 1145/3/1
f 1302/3/106 1301/3/106 1145/3/106
f 1304/3/126 1148/3/126 1147/3/126
f 1304/3/5 1302/3/5 1146/3/5
f 1296/3/5 1295/3/5 1293/3/5
f 1278/3/1 1280/3/1 1279/3/1
f 1367/2/1 1373/2/1 1374/1/1
f 1310/3/5 1322/3/5 1326/3/5
f 1318/19/950 1312/1/950 1311/2/950
f 1367/3/520 1375/3/520 1377/3/520
f 1316/1/1 1315/2/1 1311/2/1
f 1319/3/521 1317/3/521 1311/3/521
f 1321/3/5 1322/3/5 1310/3/5
f 1325/3/522 1326/3/522 1329/3/522
f 1313/3/5 1325/3/5 1321/3/5
f 1329/3/523 1326/3/523 1322/3/523
f 1321/3/519 1328/19/519 1327/4/519
f 1320/3/522 1319/3/522 1315/3/522
f 1332/21/38 1334/24/38 1333/20/38
f 1334/24/345 1336/26/345 1335/23/345
f 1321/3/91 1325/3/91 1330/3/91
f 1307/3/1 1151/3/1 1149/3/1
f 1314/3/5 1326/3/5 1325/3/5
f 1318/3/525 1320/3/525 1316/3/525
f 1336/26/951 1338/28/951 1337/25/951
f 1338/28/527 1340/30/527 1339/27/527
f 1340/30/528 1342/32/528 1341/29/528
f 1342/32/529 1344/34/529 1343/31/529
f 1344/34/234 1346/36/234 1345/33/234
f 1346/36/530 1348/38/530 1347/35/530
f 1348/38/531 1350/40/531 1349/37/531
f 1350/40/344 1352/42/344 1351/39/344
f 1352/42/952 1354/44/952 1353/41/952
f 1354/44/532 1356/46/532 1355/43/532
f 1356/46/42 1358/48/42 1357/45/42
f 1358/48/41 1360/50/41 1359/47/41
f 1360/50/235 1362/52/235 1361/49/235
f 1362/52/533 1332/67/533 1331/51/533
f 1384/5/534 1380/10/534 1379/6/534
f 1369/8/953 1384/11/953 1383/7/953
f 1382/12/536 1381/17/536 1379/6/536
f 1397/3/537 1390/3/537 1389/3/537
f 1398/3/96 1389/3/96 1387/3/96
f 1393/6/954 1395/17/954 1396/12/954
f 1416/5/955 1415/7/955 1393/6/955
f 1385/8/956 1386/9/956 1415/7/956
f 1365/3/541 1366/3/541 1381/3/541
f 1324/3/5 1388/3/5 1387/3/5
f 1374/3/542 1378/3/542 1376/3/542
f 1379/6/957 1393/6/957 1415/7/957
f 1370/13/544 1386/13/544 1420/16/544
f 1386/13/522 1385/8/522 1419/15/522
f 1384/5/545 1416/5/545 1394/10/545
f 1371/3/5 1323/3/5 1387/3/5
f 1372/3/5 1371/3/5 1389/3/5
f 1381/17/546 1395/17/546 1393/6/546
f 1397/3/544 1391/3/544 1388/3/544
f 1394/10/547 1396/12/547 1382/12/547
f 1396/3/548 1364/3/548 1365/3/548
f 1366/3/549 1363/3/549 1395/3/549
f 1415/7/550 1386/9/550 1370/9/550
f 1417/18/958 1419/15/958 1385/8/958
f 1391/4/552 1392/19/552 1387/3/552
f 1395/3/553 1363/3/553 1364/3/553
f 1373/3/537 1377/3/537 1378/3/537
f 1385/8/555 1416/11/555 1384/11/555
f 1370/13/519 1418/14/519 1417/18/519
f 1406/5/959 1405/7/959 1401/6/959
f 1399/8/960 1400/9/960 1405/7/960
f 1414/5/558 1410/10/558 1409/6/558
f 1407/8/961 1414/11/961 1413/7/961
f 1412/12/560 1411/17/560 1409/6/560
f 1401/6/962 1403/17/962 1404/12/962
f 1401/6/963 1405/7/963 1413/7/963
f 1454/14/523 1456/16/523 1408/13/523
f 1408/13/537 1456/16/537 1455/15/537
f 1403/3/563 1366/3/563 1365/3/563
f 1366/3/564 1403/3/564 1411/3/564
f 1376/3/5 1378/3/5 1377/3/5
f 1397/3/1 1398/3/1 1392/3/1
f 1365/3/565 1364/3/565 1412/3/565
f 1403/17/566 1401/6/566 1409/6/566
f 1400/13/552 1399/8/552 1453/18/552
f 1364/3/964 1363/3/964 1411/3/964
f 1406/11/568 1414/11/568 1407/8/568
f 1453/18/965 1399/8/965 1407/8/965
f 1402/10/570 1404/12/570 1412/12/570
f 1406/5/571 1402/10/571 1410/10/571
f 1400/9/572 1408/9/572 1413/7/572
f 1367/2/669 1368/1/669 1376/19/669
f 1317/3/5 1319/3/5 1320/3/5
f 1328/3/1 1330/3/1 1329/3/1
f 1306/3/35 1305/3/35 1149/3/35
f 1424/54/1 1432/54/1 1425/53/1
f 1422/56/1 1430/56/1 1431/55/1
f 1433/58/573 1435/68/573 1421/57/573
f 1435/42/186 1436/59/186 1424/54/186
f 1436/59/413 1434/39/413 1423/55/413
f 1434/39/574 1433/58/574 1422/56/574
f 1426/60/573 1427/61/573 1430/56/573
f 1427/61/574 1428/31/574 1431/55/574
f 1428/31/413 1429/62/413 1432/54/413
f 1429/62/186 1426/34/186 1425/53/186
f 1421/57/1 1425/57/1 1430/56/1
f 1427/23/5 1426/63/5 1429/62/5
f 1423/55/1 1431/55/1 1432/54/1
f 1437/53/5 1440/54/5 1448/54/5
f 1438/56/5 1446/56/5 1447/55/5
f 1449/58/413 1451/68/413 1437/57/413
f 1451/42/186 1452/59/186 1440/54/186
f 1452/59/573 1450/39/573 1439/55/573
f 1450/39/574 1449/58/574 1438/56/574
f 1442/60/413 1443/61/413 1446/56/413
f 1443/61/574 1444/31/574 1447/55/574
f 1444/31/573 1445/62/573 1448/54/573
f 1445/62/186 1442/34/186 1441/53/186
f 1438/56/5 1437/57/5 1441/57/5
f 1443/23/1 1442/63/1 1445/62/1
f 1439/55/5 1447/55/5 1448/54/5
f 1324/3/5 1372/3/5 1390/3/5
f 1308/3/55 1152/3/55 1151/3/55
f 1308/3/5 1306/3/5 1150/3/5
f 1459/3/1 1303/3/1 1301/3/1
f 1458/3/35 1457/3/35 1301/3/35
f 1460/3/55 1304/3/55 1303/3/55
f 1460/3/5 1458/3/5 1302/3/5
f 1452/3/5 1451/3/5 1449/3/5
f 1436/3/1 1435/3/1 1433/3/1
f 1462/3/5 1474/3/5 1476/3/5
f 1470/19/575 1464/1/575 1463/2/575
f 1464/1/1 1468/1/1 1467/2/1
f 1471/3/576 1469/3/576 1463/3/576
f 1473/3/5 1474/3/5 1462/3/5
f 1475/3/577 1476/3/577 1479/3/577
f 1465/3/5 1475/3/5 1473/3/5
f 1479/3/333 1476/3/333 1474/3/333
f 1473/3/575 1478/19/575 1477/4/575
f 1472/3/577 1471/3/577 1467/3/577
f 1482/21/324 1484/24/324 1483/20/324
f 1484/24/323 1486/26/323 1485/23/323
f 1473/3/580 1475/3/580 1480/3/580
f 1466/3/5 1476/3/5 1475/3/5
f 1470/3/581 1472/3/581 1468/3/581
f 1486/26/322 1488/28/322 1487/25/322
f 1488/28/321 1490/30/321 1489/27/321
f 1490/30/320 1492/32/320 1491/29/320
f 1492/32/319 1494/34/319 1493/31/319
f 1494/34/318 1496/36/318 1495/33/318
f 1496/36/317 1498/38/317 1497/35/317
f 1498/38/316 1500/40/316 1499/37/316
f 1500/40/459 1502/42/459 1501/39/459
f 1502/42/314 1504/44/314 1503/41/314
f 1504/44/313 1506/46/313 1505/43/313
f 1506/46/312 1508/48/312 1507/45/312
f 1508/48/311 1510/50/311 1509/47/311
f 1510/50/166 1512/52/166 1511/49/166
f 1512/52/307 1482/67/307 1481/51/307
f 1520/5/966 1516/10/966 1515/6/966
f 1513/8/967 1520/11/967 1519/7/967
f 1518/12/585 1517/17/585 1515/6/585
f 1523/6/586 1525/17/586 1526/12/586
f 1528/5/968 1527/7/968 1523/6/968
f 1521/8/588 1522/9/588 1527/7/588
f 735/3/589 736/3/589 1517/3/589
f 1515/6/747 1523/6/747 1527/7/747
f 1522/13/305 1532/16/305 1530/14/305
f 1522/13/969 1521/8/969 1531/15/969
f 1520/5/591 1528/5/591 1524/10/591
f 1517/17/592 1525/17/592 1523/6/592
f 1516/10/593 1524/10/593 1526/12/593
f 1526/3/594 734/3/594 735/3/594
f 736/3/595 733/3/595 1525/3/595
f 1527/7/596 1522/9/596 1514/9/596
f 1529/18/597 1531/15/597 1521/8/597
f 1525/3/598 733/3/598 734/3/598
f 1521/8/599 1528/11/599 1520/11/599
f 1514/13/575 1530/14/575 1529/18/575
f 1469/3/5 1471/3/5 1472/3/5
f 1478/3/1 1480/3/1 1479/3/1
f 1537/53/1 1544/54/1 1536/54/1
f 1535/55/1 1543/55/1 1542/56/1
f 1533/57/95 1547/68/95 1545/58/95
f 1536/54/92 1548/59/92 1547/42/92
f 1535/55/93 1546/39/93 1548/59/93
f 1534/56/94 1545/58/94 1546/39/94
f 1542/56/95 1539/61/95 1538/60/95
f 1543/55/94 1540/31/94 1539/61/94
f 1544/54/93 1541/62/93 1540/31/93
f 1537/53/92 1538/34/92 1541/62/92
f 1534/56/1 1542/56/1 1537/57/1
f 1539/23/5 1540/31/5 1541/62/5
f 1544/54/1 1543/55/1 1535/55/1
f 1549/53/5 1553/53/5 1560/54/5
f 1559/55/5 1558/56/5 1550/56/5
f 1549/57/93 1563/68/93 1561/58/93
f 1552/54/92 1564/59/92 1563/42/92
f 1551/55/95 1562/39/95 1564/59/95
f 1550/56/94 1561/58/94 1562/39/94
f 1558/56/93 1555/61/93 1554/60/93
f 1559/55/94 1556/31/94 1555/61/94
f 1560/54/95 1557/62/95 1556/31/95
f 1553/53/92 1554/34/92 1557/62/92
f 1550/56/5 1558/56/5 1553/57/5
f 1556/31/1 1557/62/1 1554/63/1
f 1560/54/5 1559/55/5 1551/55/5
f 1561/3/5 1563/3/5 1564/3/5
f 1546/3/1 1545/3/1 1547/3/1
f 1305/3/601 1306/3/601 526/3/601
f 1308/3/4 1307/3/4 527/3/4
f 1306/3/5 1308/3/5 528/3/5
f 525/3/1 527/3/1 1307/3/1
f 1458/3/1 678/3/1 680/3/1
f 1460/3/601 680/3/601 679/3/601
f 1457/3/5 1459/3/5 679/3/5
f 1457/3/4 677/3/4 678/3/4
f 1571/2/1 1575/2/1 1576/1/1
f 1571/3/602 1577/3/602 1579/3/602
f 1587/3/603 1584/3/603 1583/3/603
f 1588/3/601 1583/3/601 1581/3/601
f 1570/3/5 1582/3/5 1581/3/5
f 1576/3/604 1580/3/604 1578/3/604
f 1573/3/5 1569/3/5 1581/3/5
f 1574/3/5 1573/3/5 1583/3/5
f 1587/3/16 1585/3/16 1582/3/16
f 1585/4/605 1586/19/605 1581/3/605
f 1575/3/603 1579/3/603 1580/3/603
f 1596/5/970 1595/7/970 1591/6/970
f 1589/8/971 1590/9/971 1595/7/971
f 1604/5/972 1600/10/972 1599/6/972
f 1597/8/609 1604/11/609 1603/7/609
f 1602/12/610 1601/17/610 1599/6/610
f 1591/6/611 1593/17/611 1594/12/611
f 1591/6/689 1595/7/689 1603/7/689
f 1606/14/7 1608/16/7 1598/13/7
f 1598/13/603 1608/16/603 1607/15/603
f 1593/3/614 4/3/614 3/3/614
f 4/3/615 1593/3/615 1601/3/615
f 1578/3/5 1580/3/5 1579/3/5
f 1587/3/1 1588/3/1 1586/3/1
f 3/3/616 2/3/616 1602/3/616
f 1593/17/617 1591/6/617 1599/6/617
f 1590/13/605 1589/8/605 1605/18/605
f 2/3/618 1/3/618 1601/3/618
f 1596/11/619 1604/11/619 1597/8/619
f 1605/18/690 1589/8/690 1597/8/690
f 1594/12/621 1602/12/621 1600/10/621
f 1596/5/622 1592/10/622 1600/10/622
f 1590/9/623 1598/9/623 1603/7/623
f 1571/2/605 1572/1/605 1578/19/605
f 1570/3/5 1574/3/5 1584/3/5
f 1675/2/1 1681/2/1 1682/1/1
f 1618/3/5 1630/3/5 1634/3/5
f 1626/19/385 1620/1/385 1619/2/385
f 1675/3/624 1683/3/624 1685/3/624
f 1620/1/1 1624/1/1 1623/2/1
f 1627/3/625 1625/3/625 1619/3/625
f 1629/3/5 1630/3/5 1618/3/5
f 1633/3/383 1634/3/383 1637/3/383
f 1621/3/5 1633/3/5 1629/3/5
f 1637/3/376 1634/3/376 1630/3/376
f 1629/3/370 1636/19/370 1635/4/370
f 1628/3/383 1627/3/383 1623/3/383
f 1640/21/361 1642/24/361 1641/20/361
f 1642/24/253 1644/26/253 1643/23/253
f 1636/3/301 1629/3/301 1633/3/301
f 1615/3/1 1567/3/1 1565/3/1
f 1622/3/5 1634/3/5 1633/3/5
f 1626/3/627 1628/3/627 1624/3/627
f 1644/26/628 1646/28/628 1645/25/628
f 1646/28/252 1648/30/252 1647/27/252
f 1648/30/364 1650/32/364 1649/29/364
f 1650/32/629 1652/34/629 1651/31/629
f 1652/34/93 1654/36/93 1653/33/93
f 1654/36/366 1656/38/366 1655/35/366
f 1656/38/356 1658/40/356 1657/37/356
f 1658/40/357 1660/42/357 1659/39/357
f 1660/42/630 1662/44/630 1661/41/630
f 1662/44/631 1664/46/631 1663/43/631
f 1664/46/359 1666/48/359 1665/45/359
f 1666/48/632 1668/50/632 1667/47/632
f 1668/50/95 1670/52/95 1669/49/95
f 1670/52/255 1640/67/255 1639/51/255
f 1692/5/973 1688/10/973 1687/6/973
f 1677/8/931 1692/11/931 1691/7/931
f 1690/12/932 1689/17/932 1687/6/932
f 1705/3/352 1698/3/352 1697/3/352
f 1706/3/298 1697/3/298 1695/3/298
f 1701/6/392 1703/17/392 1704/12/392
f 1724/5/387 1723/7/387 1701/6/387
f 1693/8/974 1694/9/974 1723/7/974
f 1673/3/397 1674/3/397 1689/3/397
f 1632/3/5 1696/3/5 1695/3/5
f 1682/3/634 1686/3/634 1684/3/634
f 1687/6/393 1701/6/393 1723/7/393
f 1694/13/354 1728/16/354 1726/14/354
f 1694/13/383 1693/8/383 1727/15/383
f 1692/5/401 1724/5/401 1702/10/401
f 1679/3/5 1631/3/5 1695/3/5
f 1680/3/5 1679/3/5 1697/3/5
f 1689/17/396 1703/17/396 1701/6/396
f 1705/3/354 1699/3/354 1696/3/354
f 1702/10/400 1704/12/400 1690/12/400
f 1704/3/635 1672/3/635 1673/3/635
f 1674/3/395 1671/3/395 1703/3/395
f 1723/7/402 1694/9/402 1678/9/402
f 1725/18/934 1727/15/934 1693/8/934
f 1699/4/353 1700/19/353 1695/3/353
f 1703/3/975 1671/3/975 1672/3/975
f 1681/3/352 1685/3/352 1686/3/352
f 1693/8/398 1724/11/398 1692/11/398
f 1678/13/370 1726/14/370 1725/18/370
f 1714/5/372 1713/7/372 1709/6/372
f 1707/8/976 1708/9/976 1713/7/976
f 1722/5/977 1718/10/977 1717/6/977
f 1715/8/924 1722/11/924 1721/7/924
f 1720/12/925 1719/17/925 1717/6/925
f 1709/6/371 1711/17/371 1712/12/371
f 1709/6/849 1713/7/849 1721/7/849
f 1708/13/376 1762/14/376 1764/16/376
f 1716/13/352 1764/16/352 1763/15/352
f 1711/3/384 1674/3/384 1673/3/384
f 1674/3/380 1711/3/380 1719/3/380
f 1684/3/5 1686/3/5 1685/3/5
f 1705/3/1 1706/3/1 1700/3/1
f 1673/3/638 1672/3/638 1720/3/638
f 1711/17/378 1709/6/378 1717/6/378
f 1708/13/353 1707/8/353 1761/18/353
f 1672/3/374 1671/3/374 1719/3/374
f 1714/11/978 1722/11/978 1715/8/978
f 1761/18/927 1707/8/927 1715/8/927
f 1712/12/379 1720/12/379 1718/10/379
f 1714/5/377 1710/10/377 1718/10/377
f 1708/9/381 1716/9/381 1721/7/381
f 1675/2/355 1676/1/355 1684/19/355
f 1625/3/5 1627/3/5 1628/3/5
f 1636/3/1 1638/3/1 1637/3/1
f 1614/3/262 1613/3/262 1565/3/262
f 1732/54/1 1740/54/1 1733/53/1
f 1730/56/1 1738/56/1 1739/55/1
f 1741/58/345 1743/68/345 1729/57/345
f 1743/42/41 1744/59/41 1732/54/41
f 1744/59/344 1742/39/344 1731/55/344
f 1742/39/49 1741/58/49 1730/56/49
f 1734/60/345 1735/61/345 1738/56/345
f 1735/61/49 1736/31/49 1739/55/49
f 1736/31/344 1737/62/344 1740/54/344
f 1737/62/41 1734/34/41 1733/53/41
f 1730/56/1 1729/57/1 1733/57/1
f 1735/23/5 1734/63/5 1737/62/5
f 1731/55/1 1739/55/1 1740/54/1
f 1745/53/5 1748/54/5 1756/54/5
f 1747/55/5 1746/56/5 1754/56/5
f 1757/58/344 1759/68/344 1745/57/344
f 1759/42/41 1760/59/41 1748/54/41
f 1760/59/345 1758/39/345 1747/55/345
f 1758/39/49 1757/58/49 1746/56/49
f 1750/60/344 1751/61/344 1754/56/344
f 1751/61/49 1752/31/49 1755/55/49
f 1752/31/345 1753/62/345 1756/54/345
f 1753/62/41 1750/34/41 1749/53/41
f 1746/56/5 1745/57/5 1749/57/5
f 1750/63/1 1753/62/1 1752/31/1
f 1748/54/5 1747/55/5 1755/55/5
f 1680/3/5 1698/3/5 1696/3/5
f 1616/3/244 1568/3/244 1567/3/244
f 1614/3/5 1566/3/5 1568/3/5
f 1767/3/1 1611/3/1 1609/3/1
f 1766/3/262 1765/3/262 1609/3/262
f 1768/3/244 1612/3/244 1611/3/244
f 1766/3/5 1610/3/5 1612/3/5
f 1760/3/5 1759/3/5 1757/3/5
f 1742/3/1 1744/3/1 1743/3/1
f 1831/2/1 1837/2/1 1838/1/1
f 1774/3/5 1786/3/5 1790/3/5
f 1782/19/423 1776/1/423 1775/2/423
f 1831/3/405 1839/3/405 1841/3/405
f 1780/1/1 1779/2/1 1775/2/1
f 1783/3/404 1781/3/404 1775/3/404
f 1785/3/5 1786/3/5 1774/3/5
f 1789/3/438 1790/3/438 1793/3/438
f 1777/3/5 1789/3/5 1785/3/5
f 1793/3/430 1790/3/430 1786/3/430
f 1785/3/423 1792/19/423 1791/4/423
f 1784/3/438 1783/3/438 1779/3/438
f 1796/21/414 1798/24/414 1797/20/414
f 1798/24/640 1800/26/640 1799/23/640
f 1792/3/236 1785/3/236 1789/3/236
f 1771/3/1 1615/3/1 1613/3/1
f 1778/3/5 1790/3/5 1789/3/5
f 1782/3/428 1784/3/428 1780/3/428
f 1800/26/185 1802/28/185 1801/25/185
f 1802/28/979 1804/30/979 1803/27/979
f 1804/30/417 1806/32/417 1805/29/417
f 1806/32/573 1808/34/573 1807/31/573
f 1808/34/418 1810/36/418 1809/33/418
f 1810/36/419 1812/38/419 1811/35/419
f 1812/38/410 1814/40/410 1813/37/410
f 1814/40/574 1816/42/574 1815/39/574
f 1816/42/641 1818/44/641 1817/41/641
f 1818/44/642 1820/46/642 1819/43/642
f 1820/46/412 1822/48/412 1821/45/412
f 1822/48/190 1824/50/190 1823/47/190
f 1824/50/189 1826/52/189 1825/49/189
f 1826/52/188 1796/67/188 1795/51/188
f 1848/5/643 1844/10/643 1843/6/643
f 1833/8/938 1848/11/938 1847/7/938
f 1846/12/445 1845/17/445 1843/6/445
f 1861/3/403 1854/3/403 1853/3/403
f 1862/3/233 1853/3/233 1851/3/233
f 1857/6/864 1859/17/864 1860/12/864
f 1880/5/441 1879/7/441 1857/6/441
f 1849/8/645 1850/9/645 1879/7/645
f 1829/3/453 1830/3/453 1845/3/453
f 1788/3/5 1852/3/5 1851/3/5
f 1838/3/411 1842/3/411 1840/3/411
f 1843/6/447 1857/6/447 1879/7/447
f 1850/13/407 1884/16/407 1882/14/407
f 1850/13/980 1849/8/980 1883/15/980
f 1848/5/457 1880/5/457 1858/10/457
f 1835/3/5 1787/3/5 1851/3/5
f 1836/3/5 1835/3/5 1853/3/5
f 1845/17/452 1859/17/452 1857/6/452
f 1861/3/407 1855/3/407 1852/3/407
f 1858/10/456 1860/12/456 1846/12/456
f 1860/3/451 1828/3/451 1829/3/451
f 1830/3/450 1827/3/450 1859/3/450
f 1879/7/648 1850/9/648 1834/9/648
f 1881/18/455 1883/15/455 1849/8/455
f 1855/4/406 1856/19/406 1851/3/406
f 1859/3/449 1827/3/449 1828/3/449
f 1837/3/403 1841/3/403 1842/3/403
f 1849/8/454 1880/11/454 1848/11/454
f 1834/13/448 1882/14/448 1881/18/448
f 1870/5/425 1869/7/425 1865/6/425
f 1863/8/981 1864/9/981 1869/7/981
f 1878/5/420 1874/10/420 1873/6/420
f 1871/8/935 1878/11/935 1877/7/935
f 1876/12/982 1875/17/982 1873/6/982
f 1865/6/859 1867/17/859 1868/12/859
f 1865/6/429 1869/7/429 1877/7/429
f 1918/14/430 1920/16/430 1872/13/430
f 1872/13/403 1920/16/403 1919/15/403
f 1867/3/439 1830/3/439 1829/3/439
f 1830/3/435 1867/3/435 1875/3/435
f 1842/3/5 1841/3/5 1839/3/5
f 1861/3/1 1862/3/1 1856/3/1
f 1829/3/434 1828/3/434 1876/3/434
f 1867/17/432 1865/6/432 1873/6/432
f 1864/13/406 1863/8/406 1917/18/406
f 1828/3/653 1827/3/653 1875/3/653
f 1870/11/983 1878/11/983 1871/8/983
f 1917/18/984 1863/8/984 1871/8/984
f 1868/12/433 1876/12/433 1874/10/433
f 1866/10/431 1874/10/431 1878/5/431
f 1864/9/654 1872/9/654 1877/7/654
f 1831/2/409 1832/1/409 1840/19/409
f 1782/3/5 1781/3/5 1783/3/5
f 1792/3/1 1794/3/1 1793/3/1
f 1770/3/196 1769/3/196 1613/3/196
f 1888/54/1 1896/54/1 1889/53/1
f 1886/56/1 1894/56/1 1895/55/1
f 1897/58/461 1899/68/461 1885/57/461
f 1899/42/462 1900/59/462 1888/54/462
f 1900/59/459 1898/39/459 1887/55/459
f 1898/39/460 1897/58/460 1886/56/460
f 1890/60/461 1891/61/461 1894/56/461
f 1891/61/460 1892/31/460 1895/55/460
f 1892/31/459 1893/62/459 1896/54/459
f 1893/62/462 1890/34/462 1889/53/462
f 1885/57/1 1889/57/1 1894/56/1
f 1891/23/5 1890/63/5 1893/62/5
f 1888/54/1 1887/55/1 1895/55/1
f 1901/53/5 1904/54/5 1912/54/5
f 1903/55/5 1902/56/5 1910/56/5
f 1913/58/459 1915/68/459 1901/57/459
f 1915/42/462 1916/59/462 1904/54/462
f 1916/59/461 1914/39/461 1903/55/461
f 1914/39/460 1913/58/460 1902/56/460
f 1906/60/459 1907/61/459 1910/56/459
f 1907/61/460 1908/31/460 1911/55/460
f 1908/31/461 1909/62/461 1912/54/461
f 1909/62/462 1906/34/462 1905/53/462
f 1901/57/5 1905/57/5 1910/56/5
f 1906/63/1 1909/62/1 1908/31/1
f 1904/54/5 1903/55/5 1911/55/5
f 1788/3/5 1836/3/5 1854/3/5
f 1772/3/176 1616/3/176 1615/3/176
f 1772/3/5 1770/3/5 1614/3/5
f 1923/3/1 1767/3/1 1765/3/1
f 1922/3/196 1921/3/196 1765/3/196
f 1924/3/176 1768/3/176 1767/3/176
f 1924/3/5 1922/3/5 1766/3/5
f 1916/3/5 1915/3/5 1913/3/5
f 1898/3/1 1900/3/1 1899/3/1
f 1987/2/1 1993/2/1 1994/1/1
f 1930/3/5 1942/3/5 1946/3/5
f 1938/19/499 1932/1/499 1931/2/499
f 1987/3/465 1995/3/465 1997/3/465
f 1932/1/1 1936/1/1 1935/2/1
f 1939/3/464 1937/3/464 1931/3/464
f 1941/3/5 1942/3/5 1930/3/5
f 1945/3/497 1946/3/497 1949/3/497
f 1933/3/5 1945/3/5 1941/3/5
f 1949/3/488 1946/3/488 1942/3/488
f 1941/3/481 1948/19/481 1947/4/481
f 1940/3/497 1939/3/497 1935/3/497
f 1952/21/473 1954/24/473 1953/20/473
f 1954/24/474 1956/26/474 1955/23/474
f 1941/3/168 1945/3/168 1950/3/168
f 1927/3/1 1771/3/1 1769/3/1
f 1934/3/5 1946/3/5 1945/3/5
f 1938/3/486 1940/3/486 1936/3/486
f 1956/26/656 1958/28/656 1957/25/656
f 1958/28/475 1960/30/475 1959/27/475
f 1960/30/657 1962/32/657 1961/29/657
f 1962/32/658 1964/34/658 1963/31/658
f 1964/34/476 1966/36/476 1965/33/476
f 1966/36/477 1968/38/477 1967/35/477
f 1968/38/109 1970/40/109 1969/37/109
f 1970/40/108 1972/42/108 1971/39/108
f 1972/42/300 1974/44/300 1973/41/300
f 1974/44/469 1976/46/469 1975/43/469
f 1976/46/121 1978/48/121 1977/45/121
f 1978/48/120 1980/50/120 1979/47/120
f 1980/50/299 1982/52/299 1981/49/299
f 1982/52/985 1952/67/985 1951/51/985
f 2004/5/503 2000/10/503 1999/6/503
f 1989/8/986 2004/11/986 2003/7/986
f 2002/12/949 2001/17/949 1999/6/949
f 2017/3/463 2010/3/463 2009/3/463
f 2012/3/163 2018/3/163 2009/3/163
f 2013/6/987 2015/17/987 2016/12/987
f 2036/5/988 2035/7/988 2013/6/988
f 2005/8/989 2006/9/989 2035/7/989
f 1985/3/513 1986/3/513 2001/3/513
f 1944/3/5 2008/3/5 2007/3/5
f 1994/3/468 1998/3/468 1996/3/468
f 1999/6/507 2013/6/507 2035/7/507
f 1990/13/467 2006/13/467 2040/16/467
f 2006/13/497 2005/8/497 2039/15/497
f 2004/5/517 2036/5/517 2014/10/517
f 1991/3/5 1943/3/5 2007/3/5
f 1992/3/5 1991/3/5 2009/3/5
f 2001/17/512 2015/17/512 2013/6/512
f 2017/3/467 2011/3/467 2008/3/467
f 2014/10/516 2016/12/516 2002/12/516
f 2016/3/511 1984/3/511 1985/3/511
f 1986/3/510 1983/3/510 2015/3/510
f 2035/7/518 2006/9/518 1990/9/518
f 2037/18/515 2039/15/515 2005/8/515
f 2011/4/466 2012/19/466 2007/3/466
f 2015/3/662 1983/3/662 1984/3/662
f 1993/3/463 1997/3/463 1998/3/463
f 2005/8/514 2036/11/514 2004/11/514
f 1990/13/481 2038/14/481 2037/18/481
f 2026/5/483 2025/7/483 2021/6/483
f 2019/8/990 2020/9/990 2025/7/990
f 2034/5/478 2030/10/478 2029/6/478
f 2027/8/664 2034/11/664 2033/7/664
f 2032/12/944 2031/17/944 2029/6/944
f 2021/6/482 2023/17/482 2024/12/482
f 2021/6/487 2025/7/487 2033/7/487
f 2020/13/488 2074/14/488 2076/16/488
f 2028/13/463 2076/16/463 2075/15/463
f 2023/3/498 1986/3/498 1985/3/498
f 1986/3/494 2023/3/494 2031/3/494
f 1996/3/5 1998/3/5 1997/3/5
f 2011/3/1 2017/3/1 2018/3/1
f 1985/3/493 1984/3/493 2032/3/493
f 2023/17/491 2021/6/491 2029/6/491
f 2020/13/489 2019/8/489 2073/18/489
f 1984/3/485 1983/3/485 2031/3/485
f 2026/11/500 2034/11/500 2027/8/500
f 2073/18/496 2019/8/496 2027/8/496
f 2024/12/492 2032/12/492 2030/10/492
f 2026/5/490 2022/10/490 2030/10/490
f 2020/9/495 2028/9/495 2033/7/495
f 1987/2/466 1988/1/466 1996/19/466
f 1937/3/5 1939/3/5 1940/3/5
f 1947/3/1 1948/3/1 1950/3/1
f 1926/3/126 1925/3/126 1769/3/126
f 2044/54/1 2052/54/1 2045/53/1
f 2042/56/1 2050/56/1 2051/55/1
f 2053/58/256 2055/68/256 2041/57/256
f 2055/42/357 2056/59/357 2044/54/357
f 2056/59/250 2054/39/250 2043/55/250
f 2054/39/253 2053/58/253 2042/56/253
f 2046/60/256 2047/61/256 2050/56/256
f 2047/61/253 2048/31/253 2051/55/253
f 2048/31/250 2049/62/250 2052/54/250
f 2049/62/357 2046/34/357 2045/53/357
f 2041/57/1 2045/57/1 2050/56/1
f 2047/23/5 2046/63/5 2049/62/5
f 2043/55/1 2051/55/1 2052/54/1
f 2057/53/5 2060/54/5 2068/54/5
f 2058/56/5 2066/56/5 2067/55/5
f 2069/58/250 2071/68/250 2057/57/250
f 2071/42/357 2072/59/357 2060/54/357
f 2072/59/256 2070/39/256 2059/55/256
f 2070/39/253 2069/58/253 2058/56/253
f 2062/60/250 2063/61/250 2066/56/250
f 2063/61/253 2064/31/253 2067/55/253
f 2064/31/256 2065/62/256 2068/54/256
f 2065/62/357 2062/34/357 2061/53/357
f 2057/57/5 2061/57/5 2066/56/5
f 2063/23/1 2062/63/1 2065/62/1
f 2060/54/5 2059/55/5 2067/55/5
f 1992/3/5 2010/3/5 2008/3/5
f 1928/3/106 1772/3/106 1771/3/106
f 1928/3/5 1926/3/5 1770/3/5
f 2079/3/1 1923/3/1 1921/3/1
f 2078/3/126 2077/3/126 1921/3/126
f 2080/3/106 1924/3/106 1923/3/106
f 2080/3/5 2078/3/5 1922/3/5
f 2072/3/5 2071/3/5 2069/3/5
f 2054/3/1 2056/3/1 2055/3/1
f 2143/2/1 2149/2/1 2150/1/1
f 2086/3/5 2098/3/5 2102/3/5
f 2094/19/991 2088/1/991 2087/2/991
f 2143/3/521 2151/3/521 2153/3/521
f 2092/1/1 2091/2/1 2087/2/1
f 2095/3/520 2093/3/520 2087/3/520
f 2097/3/5 2098/3/5 2086/3/5
f 2101/3/552 2102/3/552 2105/3/552
f 2089/3/5 2101/3/5 2097/3/5
f 2105/3/544 2102/3/544 2098/3/544
f 2097/3/537 2104/19/537 2103/4/537
f 2096/3/552 2095/3/552 2091/3/552
f 2108/21/531 2110/24/531 2109/20/531
f 2110/24/344 2112/26/344 2111/23/344
f 2097/3/96 2101/3/96 2106/3/96
f 2083/3/1 1927/3/1 1925/3/1
f 2090/3/5 2102/3/5 2101/3/5
f 2094/3/542 2096/3/542 2092/3/542
f 2112/26/992 2114/28/992 2113/25/992
f 2114/28/532 2116/30/532 2115/27/532
f 2116/30/671 2118/32/671 2117/29/671
f 2118/32/672 2120/34/672 2119/31/672
f 2120/34/235 2122/36/235 2121/33/235
f 2122/36/533 2124/38/533 2123/35/533
f 2124/38/38 2126/40/38 2125/37/38
f 2126/40/345 2128/42/345 2127/39/345
f 2128/42/993 2130/44/993 2129/41/993
f 2130/44/527 2132/46/527 2131/43/527
f 2132/46/50 2134/48/50 2133/45/50
f 2134/48/49 2136/50/49 2135/47/49
f 2136/50/234 2138/52/234 2137/49/234
f 2138/52/530 2108/67/530 2107/51/530
f 2160/5/558 2156/10/558 2155/6/558
f 2145/8/961 2160/11/961 2159/7/961
f 2158/12/560 2157/17/560 2155/6/560
f 2173/3/519 2166/3/519 2165/3/519
f 2174/3/91 2165/3/91 2163/3/91
f 2169/6/962 2171/17/962 2172/12/962
f 2192/5/959 2191/7/959 2169/6/959
f 2161/8/994 2162/9/994 2191/7/994
f 2141/3/567 2142/3/567 2157/3/567
f 2100/3/5 2164/3/5 2163/3/5
f 2150/3/525 2154/3/525 2152/3/525
f 2155/6/963 2169/6/963 2191/7/963
f 2146/13/523 2162/13/523 2196/16/523
f 2162/13/552 2161/8/552 2195/15/552
f 2160/5/571 2192/5/571 2170/10/571
f 2147/3/5 2099/3/5 2163/3/5
f 2148/3/5 2147/3/5 2165/3/5
f 2157/17/566 2171/17/566 2169/6/566
f 2173/3/523 2167/3/523 2164/3/523
f 2170/10/570 2172/12/570 2158/12/570
f 2172/3/565 2140/3/565 2141/3/565
f 2142/3/564 2139/3/564 2171/3/564
f 2191/7/572 2162/9/572 2146/9/572
f 2193/18/965 2195/15/965 2161/8/965
f 2167/4/522 2168/19/522 2163/3/522
f 2171/3/563 2139/3/563 2140/3/563
f 2149/3/519 2153/3/519 2154/3/519
f 2161/8/568 2192/11/568 2160/11/568
f 2146/13/537 2194/14/537 2193/18/537
f 2182/5/955 2181/7/955 2177/6/955
f 2175/8/995 2176/9/995 2181/7/995
f 2190/5/534 2186/10/534 2185/6/534
f 2183/8/953 2190/11/953 2189/7/953
f 2188/12/536 2187/17/536 2185/6/536
f 2177/6/954 2179/17/954 2180/12/954
f 2177/6/957 2181/7/957 2189/7/957
f 2230/14/544 2232/16/544 2184/13/544
f 2184/13/519 2232/16/519 2231/15/519
f 2179/3/553 2142/3/553 2141/3/553
f 2142/3/549 2179/3/549 2187/3/549
f 2152/3/5 2154/3/5 2153/3/5
f 2173/3/1 2174/3/1 2168/3/1
f 2141/3/548 2140/3/548 2188/3/548
f 2179/17/546 2177/6/546 2185/6/546
f 2176/13/522 2175/8/522 2229/18/522
f 2140/3/996 2139/3/996 2187/3/996
f 2182/11/555 2190/11/555 2183/8/555
f 2229/18/958 2175/8/958 2183/8/958
f 2178/10/547 2180/12/547 2188/12/547
f 2182/5/545 2178/10/545 2186/10/545
f 2176/9/550 2184/9/550 2189/7/550
f 2143/2/524 2144/1/524 2152/19/524
f 2093/3/5 2095/3/5 2096/3/5
f 2104/3/1 2106/3/1 2105/3/1
f 2082/3/55 2081/3/55 1925/3/55
f 2200/54/1 2208/54/1 2201/53/1
f 2198/56/1 2206/56/1 2207/55/1
f 2209/58/413 2211/68/413 2197/57/413
f 2211/42/574 2212/59/574 2200/54/574
f 2212/59/573 2210/39/573 2199/55/573
f 2210/39/186 2209/58/186 2198/56/186
f 2202/60/413 2203/61/413 2206/56/413
f 2203/61/186 2204/31/186 2207/55/186
f 2204/31/573 2205/62/573 2208/54/573
f 2205/62/574 2202/34/574 2201/53/574
f 2197/57/1 2201/57/1 2206/56/1
f 2203/23/5 2202/63/5 2205/62/5
f 2199/55/1 2207/55/1 2208/54/1
f 2213/53/5 2216/54/5 2224/54/5
f 2214/56/5 2222/56/5 2223/55/5
f 2225/58/573 2227/68/573 2213/57/573
f 2227/42/574 2228/59/574 2216/54/574
f 2228/59/413 2226/39/413 2215/55/413
f 2226/39/186 2225/58/186 2214/56/186
f 2218/60/573 2219/61/573 2222/56/573
f 2219/61/186 2220/31/186 2223/55/186
f 2220/31/413 2221/62/413 2224/54/413
f 2221/62/574 2218/34/574 2217/53/574
f 2214/56/5 2213/57/5 2217/57/5
f 2219/23/1 2218/63/1 2221/62/1
f 2215/55/5 2223/55/5 2224/54/5
f 2100/3/5 2148/3/5 2166/3/5
f 2084/3/35 1928/3/35 1927/3/35
f 2084/3/5 2082/3/5 1926/3/5
f 2235/3/1 2079/3/1 2077/3/1
f 2234/3/55 2233/3/55 2077/3/55
f 2236/3/35 2080/3/35 2079/3/35
f 2236/3/5 2234/3/5 2078/3/5
f 2228/3/5 2227/3/5 2225/3/5
f 2212/3/1 2211/3/1 2209/3/1
f 2238/3/5 2250/3/5 2252/3/5
f 2246/19/304 2240/1/304 2239/2/304
f 2240/1/1 2244/1/1 2243/2/1
f 2247/3/303 2245/3/303 2239/3/303
f 2249/3/5 2250/3/5 2238/3/5
f 2251/3/302 2252/3/302 2255/3/302
f 2241/3/5 2251/3/5 2249/3/5
f 2255/3/305 2252/3/305 2250/3/305
f 2249/3/304 2254/19/304 2253/4/304
f 2248/3/302 2247/3/302 2243/3/302
f 2258/21/744 2260/24/744 2259/20/744
f 2260/24/315 2262/26/315 2261/23/315
f 2249/3/309 2251/3/309 2256/3/309
f 2242/3/5 2252/3/5 2251/3/5
f 2246/3/310 2248/3/310 2244/3/310
f 2262/26/678 2264/28/678 2263/25/678
f 2264/28/313 2266/30/313 2265/27/313
f 2266/30/312 2268/32/312 2267/29/312
f 2268/32/679 2270/34/679 2269/31/679
f 2270/34/308 2272/36/308 2271/33/308
f 2272/36/307 2274/38/307 2273/35/307
f 2274/38/579 2276/40/579 2275/37/579
f 2276/40/461 2278/42/461 2277/39/461
f 2278/42/680 2280/44/680 2279/41/680
f 2280/44/321 2282/46/321 2281/43/321
f 2282/46/320 2284/48/320 2283/45/320
f 2284/48/681 2286/50/681 2285/47/681
f 2286/50/164 2288/52/164 2287/49/164
f 2288/52/317 2258/67/317 2257/51/317
f 2300/5/919 2296/10/919 2295/6/919
f 2293/8/997 2300/11/997 2299/7/997
f 2298/12/328 2297/17/328 2295/6/328
f 2303/6/327 2305/17/327 2306/12/327
f 2308/5/917 2307/7/917 2303/6/917
f 2301/8/684 2302/9/684 2307/7/684
f 2291/3/342 2292/3/342 2297/3/342
f 2295/6/332 2303/6/332 2307/7/332
f 2302/13/333 2312/16/333 2310/14/333
f 2302/13/920 2301/8/920 2311/15/920
f 2300/5/335 2308/5/335 2304/10/335
f 2297/17/336 2305/17/336 2303/6/336
f 2296/10/337 2304/10/337 2306/12/337
f 2306/3/338 2290/3/338 2291/3/338
f 2292/3/339 2289/3/339 2305/3/339
f 2307/7/340 2302/9/340 2294/9/340
f 2309/18/341 2311/15/341 2301/8/341
f 2305/3/331 2289/3/331 2290/3/331
f 2301/8/343 2308/11/343 2300/11/343
f 2294/13/304 2310/14/304 2309/18/304
f 2245/3/5 2247/3/5 2248/3/5
f 2254/3/1 2256/3/1 2255/3/1
f 2317/53/1 2324/54/1 2316/54/1
f 2315/55/1 2323/55/1 2322/56/1
f 2313/57/93 2327/68/93 2325/58/93
f 2316/54/94 2328/59/94 2327/42/94
f 2315/55/95 2326/39/95 2328/59/95
f 2314/56/92 2325/58/92 2326/39/92
f 2322/56/93 2319/61/93 2318/60/93
f 2323/55/92 2320/31/92 2319/61/92
f 2324/54/95 2321/62/95 2320/31/95
f 2317/53/94 2318/34/94 2321/62/94
f 2314/56/1 2322/56/1 2317/57/1
f 2319/23/5 2320/31/5 2321/62/5
f 2324/54/1 2323/55/1 2315/55/1
f 2329/53/5 2333/53/5 2340/54/5
f 2339/55/5 2338/56/5 2330/56/5
f 2329/57/95 2343/68/95 2341/58/95
f 2332/54/94 2344/59/94 2343/42/94
f 2331/55/93 2342/39/93 2344/59/93
f 2330/56/92 2341/58/92 2342/39/92
f 2338/56/95 2335/61/95 2334/60/95
f 2339/55/92 2336/31/92 2335/61/92
f 2340/54/93 2337/62/93 2336/31/93
f 2333/53/94 2334/34/94 2337/62/94
f 2330/56/5 2338/56/5 2333/57/5
f 2336/31/1 2337/62/1 2334/63/1
f 2340/54/5 2339/55/5 2331/55/5
f 2341/3/5 2343/3/5 2344/3/5
f 2326/3/1 2325/3/1 2327/3/1
f 2356/1/1 2355/2/1 2351/2/1
f 2359/3/602 2357/3/602 2351/3/602
f 2363/3/605 2364/3/605 2367/3/605
f 2361/3/601 2363/3/601 2368/3/601
f 2361/3/5 2362/3/5 2350/3/5
f 2358/3/604 2360/3/604 2356/3/604
f 2353/3/5 2363/3/5 2361/3/5
f 2354/3/5 2364/3/5 2363/3/5
f 2367/3/16 2364/3/16 2362/3/16
f 2361/3/603 2366/19/603 2365/4/603
f 2360/3/605 2359/3/605 2355/3/605
f 2378/5/972 2374/10/972 2373/6/972
f 2371/8/998 2378/11/998 2377/7/998
f 2386/5/999 2385/7/999 2381/6/999
f 2379/8/688 2380/9/688 2385/7/688
f 2381/6/611 2383/17/611 2384/12/611
f 2376/12/610 2375/17/610 2373/6/610
f 2373/6/612 2381/6/612 2385/7/612
f 2380/13/7 2390/16/7 2388/14/7
f 2380/13/1000 2379/8/1000 2389/15/1000
f 7/3/618 8/3/618 2375/3/618
f 8/3/615 5/3/615 2383/3/615
f 2358/3/5 2357/3/5 2359/3/5
f 2366/3/1 2368/3/1 2367/3/1
f 2384/3/616 6/3/616 7/3/616
f 2375/17/617 2383/17/617 2381/6/617
f 2372/13/603 2388/14/603 2387/18/603
f 2383/3/614 5/3/614 6/3/614
f 2379/8/619 2386/11/619 2378/11/619
f 2387/18/620 2389/15/620 2379/8/620
f 2382/10/621 2384/12/621 2376/12/621
f 2378/5/622 2386/5/622 2382/10/622
f 2385/7/623 2380/9/623 2372/9/623
f 2358/19/603 2352/1/603 2351/2/603
f 2350/3/5 2362/3/5 2364/3/5
f 2400/3/5 2404/3/5 2416/3/5
f 2401/2/72 2402/1/72 2408/19/72
f 2400/3/5 2412/3/5 2411/3/5
f 2419/3/70 2416/3/70 2415/3/70
f 2403/3/5 2399/3/5 2411/3/5
f 2419/3/62 2417/3/62 2412/3/62
f 2417/4/54 2418/19/54 2411/3/54
f 2405/3/70 2409/3/70 2410/3/70
f 2423/20/43 2424/24/43 2422/21/43
f 2425/23/44 2426/26/44 2424/24/44
f 2418/3/55 2420/3/55 2415/3/55
f 2345/3/1 2347/3/1 2397/3/1
f 2404/3/5 2403/3/5 2415/3/5
f 2427/25/692 2428/28/692 2426/26/692
f 2429/27/531 2430/30/531 2428/28/531
f 2431/29/47 2432/32/47 2430/30/47
f 2433/31/693 2434/34/693 2432/32/693
f 2435/33/49 2436/36/49 2434/34/49
f 2437/35/50 2438/38/50 2436/36/50
f 2439/37/33 2440/40/33 2438/38/33
f 2441/39/34 2442/42/34 2440/40/34
f 2443/41/694 2444/44/694 2442/42/694
f 2445/43/695 2446/46/695 2444/44/695
f 2447/45/39 2448/48/39 2446/46/39
f 2449/47/696 2450/50/696 2448/48/696
f 2451/49/41 2452/52/41 2450/50/41
f 2421/51/42 2422/67/42 2452/52/42
f 2474/5/880 2473/7/880 2469/6/880
f 2459/8/1001 2460/9/1001 2473/7/1001
f 2469/6/882 2471/17/882 2472/12/882
f 2479/3/27 2480/3/27 2487/3/27
f 2477/3/35 2479/3/35 2488/3/35
f 2486/12/79 2485/17/79 2483/6/79
f 2506/5/74 2484/10/74 2483/6/74
f 2475/8/879 2506/11/879 2505/7/879
f 2471/3/85 2456/3/85 2455/3/85
f 2477/3/5 2478/3/5 2414/3/5
f 2469/6/699 2473/7/699 2505/7/699
f 2508/14/31 2510/16/31 2476/13/31
f 2476/13/70 2510/16/70 2509/15/70
f 2474/5/89 2470/10/89 2484/10/89
f 2461/3/5 2479/3/5 2477/3/5
f 2462/3/5 2480/3/5 2479/3/5
f 2471/17/84 2469/6/84 2483/6/84
f 2487/3/31 2480/3/31 2478/3/31
f 2472/12/88 2486/12/88 2484/10/88
f 2455/3/83 2454/3/83 2486/3/83
f 2456/3/82 2471/3/82 2485/3/82
f 2460/9/90 2476/9/90 2505/7/90
f 2507/18/884 2459/8/884 2475/8/884
f 2477/3/30 2482/19/30 2481/4/30
f 2454/3/1002 2453/3/1002 2485/3/1002
f 2468/3/27 2467/3/27 2463/3/27
f 2474/11/86 2506/11/86 2475/8/86
f 2460/13/54 2459/8/54 2507/18/54
f 2496/5/57 2492/10/57 2491/6/57
f 2489/8/876 2496/11/876 2495/7/876
f 2504/5/873 2503/7/873 2499/6/873
f 2497/8/1003 2498/9/1003 2503/7/1003
f 2499/6/875 2501/17/875 2502/12/875
f 2494/12/56 2493/17/56 2491/6/56
f 2491/6/61 2499/6/61 2503/7/61
f 2490/13/62 2498/13/62 2546/16/62
f 2498/13/27 2497/8/27 2545/15/27
f 2455/3/71 2456/3/71 2493/3/71
f 2456/3/67 2453/3/67 2501/3/67
f 2466/3/5 2465/3/5 2467/3/5
f 2482/3/1 2488/3/1 2487/3/1
f 2502/3/66 2454/3/66 2455/3/66
f 2493/17/64 2501/17/64 2499/6/64
f 2490/13/30 2544/14/30 2543/18/30
f 2501/3/59 2453/3/59 2454/3/59
f 2497/8/1004 2504/11/1004 2496/11/1004
f 2543/18/877 2545/15/877 2497/8/877
f 2500/10/65 2502/12/65 2494/12/65
f 2496/5/63 2504/5/63 2500/10/63
f 2503/7/68 2498/9/68 2490/9/68
f 2466/19/32 2458/1/32 2457/2/32
f 2410/3/5 2409/3/5 2407/3/5
f 2419/3/1 2420/3/1 2418/3/1
f 2345/3/96 2395/3/96 2396/3/96
f 2515/53/1 2522/54/1 2514/54/1
f 2521/55/1 2520/56/1 2512/56/1
f 2511/57/94 2525/68/94 2523/58/94
f 2514/54/95 2526/59/95 2525/42/95
f 2513/55/92 2524/39/92 2526/59/92
f 2512/56/93 2523/58/93 2524/39/93
f 2520/56/94 2517/61/94 2516/60/94
f 2521/55/93 2518/31/93 2517/61/93
f 2522/54/92 2519/62/92 2518/31/92
f 2515/53/95 2516/34/95 2519/62/95
f 2520/56/1 2515/57/1 2511/57/1
f 2517/23/5 2518/31/5 2519/62/5
f 2522/54/1 2521/55/1 2513/55/1
f 2527/53/5 2531/53/5 2538/54/5
f 2529/55/5 2537/55/5 2536/56/5
f 2527/57/92 2541/68/92 2539/58/92
f 2530/54/95 2542/59/95 2541/42/95
f 2529/55/94 2540/39/94 2542/59/94
f 2528/56/93 2539/58/93 2540/39/93
f 2536/56/92 2533/61/92 2532/60/92
f 2537/55/93 2534/31/93 2533/61/93
f 2538/54/94 2535/62/94 2534/31/94
f 2531/53/95 2532/34/95 2535/62/95
f 2528/56/5 2536/56/5 2531/57/5
f 2534/31/1 2535/62/1 2532/63/1
f 2538/54/5 2537/55/5 2529/55/5
f 2478/3/5 2480/3/5 2462/3/5
f 2347/3/91 2348/3/91 2398/3/91
f 2348/3/5 2346/3/5 2396/3/5
f 2391/3/1 2393/3/1 2549/3/1
f 2391/3/96 2547/3/96 2548/3/96
f 2393/3/91 2394/3/91 2550/3/91
f 2394/3/5 2392/3/5 2548/3/5
f 2539/3/5 2541/3/5 2542/3/5
f 2524/3/1 2523/3/1 2525/3/1
f 2620/1/1 2619/2/1 2613/2/1
f 2556/3/5 2560/3/5 2572/3/5
f 2557/2/125 2558/1/125 2564/19/125
f 2623/3/99 2621/3/99 2613/3/99
f 2557/2/1 2561/2/1 2562/1/1
f 2557/3/98 2563/3/98 2565/3/98
f 2556/3/5 2568/3/5 2567/3/5
f 2575/3/142 2572/3/142 2571/3/142
f 2559/3/5 2555/3/5 2567/3/5
f 2575/3/133 2573/3/133 2568/3/133
f 2573/4/125 2574/19/125 2567/3/125
f 2561/3/142 2565/3/142 2566/3/142
f 2579/20/114 2580/24/114 2578/21/114
f 2581/23/656 2582/26/656 2580/24/656
f 2574/3/126 2576/3/126 2571/3/126
f 2395/3/1 2397/3/1 2553/3/1
f 2560/3/5 2559/3/5 2571/3/5
f 2562/3/131 2566/3/131 2564/3/131
f 2583/25/474 2584/28/474 2582/26/474
f 2587/29/118 2588/32/118 2586/30/118
f 2589/31/299 2590/34/299 2588/32/299
f 2591/33/120 2592/36/120 2590/34/120
f 2593/35/121 2594/38/121 2592/36/121
f 2595/37/104 2596/40/104 2594/38/104
f 2597/39/300 2598/42/300 2596/40/300
f 2599/41/705 2600/44/705 2598/42/705
f 2601/43/706 2602/46/706 2600/44/706
f 2603/45/110 2604/48/110 2602/46/110
f 2605/47/476 2606/50/476 2604/48/476
f 2607/49/112 2608/52/112 2606/50/112
f 2577/51/113 2578/67/113 2608/52/113
f 2630/5/147 2629/7/147 2625/6/147
f 2615/8/1005 2616/9/1005 2629/7/1005
f 2625/6/149 2627/17/149 2628/12/149
f 2635/3/97 2636/3/97 2643/3/97
f 2633/3/106 2635/3/106 2644/3/106
f 2642/12/892 2641/17/892 2639/6/892
f 2662/5/145 2640/10/145 2639/6/145
f 2631/8/707 2662/11/707 2661/7/707
f 2627/3/157 2612/3/157 2611/3/157
f 2633/3/5 2634/3/5 2570/3/5
f 2622/3/107 2624/3/107 2620/3/107
f 2625/6/151 2629/7/151 2661/7/151
f 2664/14/101 2666/16/101 2632/13/101
f 2632/13/142 2666/16/142 2665/15/142
f 2630/5/161 2626/10/161 2640/10/161
f 2617/3/5 2635/3/5 2633/3/5
f 2618/3/5 2636/3/5 2635/3/5
f 2627/17/156 2625/6/156 2639/6/156
f 2643/3/101 2636/3/101 2634/3/101
f 2628/12/160 2642/12/160 2640/10/160
f 2611/3/155 2610/3/155 2642/3/155
f 2612/3/154 2627/3/154 2641/3/154
f 2616/9/711 2632/9/711 2661/7/711
f 2663/18/712 2615/8/712 2631/8/712
f 2633/3/100 2638/19/100 2637/4/100
f 2610/3/153 2609/3/153 2641/3/153
f 2624/3/97 2623/3/97 2619/3/97
f 2630/11/158 2662/11/158 2631/8/158
f 2616/13/152 2615/8/152 2663/18/152
f 2652/5/128 2648/10/128 2647/6/128
f 2645/8/1006 2652/11/1006 2651/7/1006
f 2660/5/1007 2659/7/1007 2655/6/1007
f 2653/8/1008 2654/9/1008 2659/7/1008
f 2655/6/1009 2657/17/1009 2658/12/1009
f 2650/12/887 2649/17/887 2647/6/887
f 2647/6/132 2655/6/132 2659/7/132
f 2654/13/133 2702/16/133 2700/14/133
f 2654/13/97 2653/8/97 2701/15/97
f 2611/3/143 2612/3/143 2649/3/143
f 2612/3/139 2609/3/139 2657/3/139
f 2621/3/5 2623/3/5 2624/3/5
f 2638/3/1 2644/3/1 2643/3/1
f 2658/3/138 2610/3/138 2611/3/138
f 2649/17/136 2657/17/136 2655/6/136
f 2646/13/100 2700/14/100 2699/18/100
f 2657/3/715 2609/3/715 2610/3/715
f 2653/8/1010 2660/11/1010 2652/11/1010
f 2699/18/141 2701/15/141 2653/8/141
f 2656/10/137 2658/12/137 2650/12/137
f 2652/5/135 2660/5/135 2656/10/135
f 2659/7/717 2654/9/717 2646/9/717
f 2622/19/103 2614/1/103 2613/2/103
f 2564/3/5 2566/3/5 2565/3/5
f 2575/3/1 2576/3/1 2574/3/1
f 2395/3/168 2551/3/168 2552/3/168
f 2671/53/1 2678/54/1 2670/54/1
f 2677/55/1 2676/56/1 2668/56/1
f 2667/57/166 2681/68/166 2679/58/166
f 2670/54/167 2682/59/167 2681/42/167
f 2669/55/164 2680/39/164 2682/59/164
f 2668/56/165 2679/58/165 2680/39/165
f 2676/56/166 2673/61/166 2672/60/166
f 2677/55/165 2674/31/165 2673/61/165
f 2678/54/164 2675/62/164 2674/31/164
f 2671/53/167 2672/34/167 2675/62/167
f 2676/56/1 2671/57/1 2667/57/1
f 2673/23/5 2674/31/5 2675/62/5
f 2670/54/1 2678/54/1 2677/55/1
f 2687/53/5 2694/54/5 2686/54/5
f 2685/55/5 2693/55/5 2692/56/5
f 2683/57/164 2697/68/164 2695/58/164
f 2686/54/167 2698/59/167 2697/42/167
f 2685/55/166 2696/39/166 2698/59/166
f 2684/56/165 2695/58/165 2696/39/165
f 2692/56/164 2689/61/164 2688/60/164
f 2693/55/165 2690/31/165 2689/61/165
f 2694/54/166 2691/62/166 2690/31/166
f 2687/53/167 2688/34/167 2691/62/167
f 2692/56/5 2687/57/5 2683/57/5
f 2690/31/1 2691/62/1 2688/63/1
f 2686/54/5 2694/54/5 2693/55/5
f 2570/3/5 2634/3/5 2636/3/5
f 2397/3/163 2398/3/163 2554/3/163
f 2554/3/5 2398/3/5 2396/3/5
f 2547/3/1 2549/3/1 2705/3/1
f 2547/3/168 2703/3/168 2704/3/168
f 2549/3/163 2550/3/163 2706/3/163
f 2706/3/5 2550/3/5 2548/3/5
f 2695/3/5 2697/3/5 2698/3/5
f 2680/3/1 2679/3/1 2681/3/1
f 2776/1/1 2775/2/1 2769/2/1
f 2712/3/5 2716/3/5 2728/3/5
f 2713/2/214 2714/1/214 2720/19/214
f 2779/3/171 2777/3/171 2769/3/171
f 2714/1/1 2713/2/1 2717/2/1
f 2713/3/170 2719/3/170 2721/3/170
f 2712/3/5 2724/3/5 2723/3/5
f 2731/3/212 2728/3/212 2727/3/212
f 2715/3/5 2711/3/5 2723/3/5
f 2731/3/203 2729/3/203 2724/3/203
f 2729/4/195 2730/19/195 2723/3/195
f 2717/3/212 2721/3/212 2722/3/212
f 2735/20/184 2736/24/184 2734/21/184
f 2737/23/185 2738/26/185 2736/24/185
f 2732/3/196 2727/3/196 2723/3/196
f 2551/3/1 2553/3/1 2709/3/1
f 2716/3/5 2715/3/5 2727/3/5
f 2718/3/201 2722/3/201 2720/3/201
f 2739/25/640 2740/28/640 2738/26/640
f 2741/27/187 2742/30/187 2740/28/187
f 2743/29/719 2744/32/719 2742/30/719
f 2745/31/720 2746/34/720 2744/32/720
f 2747/33/190 2748/36/190 2746/34/190
f 2749/35/191 2750/38/191 2748/36/191
f 2751/37/174 2752/40/174 2750/38/174
f 2753/39/175 2754/42/175 2752/40/175
f 2755/41/574 2756/44/574 2754/42/574
f 2757/43/179 2758/46/179 2756/44/179
f 2759/45/419 2760/48/419 2758/46/419
f 2761/47/418 2762/50/418 2760/48/418
f 2763/49/573 2764/52/573 2762/50/573
f 2733/51/1011 2734/67/1011 2764/52/1011
f 2786/5/218 2785/7/218 2781/6/218
f 2771/8/1012 2772/9/1012 2785/7/1012
f 2781/6/900 2783/17/900 2784/12/900
f 2791/3/169 2792/3/169 2799/3/169
f 2794/3/176 2789/3/176 2791/3/176
f 2798/12/1013 2797/17/1013 2795/6/1013
f 2818/5/216 2796/10/216 2795/6/216
f 2787/8/899 2818/11/899 2817/7/899
f 2783/3/227 2768/3/227 2767/3/227
f 2789/3/5 2790/3/5 2726/3/5
f 2778/3/177 2780/3/177 2776/3/177
f 2781/6/222 2785/7/222 2817/7/222
f 2772/13/173 2820/14/173 2822/16/173
f 2788/13/212 2822/16/212 2821/15/212
f 2786/5/231 2782/10/231 2796/10/231
f 2773/3/5 2791/3/5 2789/3/5
f 2774/3/5 2792/3/5 2791/3/5
f 2783/17/226 2781/6/226 2795/6/226
f 2799/3/173 2792/3/173 2790/3/173
f 2784/12/230 2798/12/230 2796/10/230
f 2767/3/225 2766/3/225 2798/3/225
f 2768/3/224 2783/3/224 2797/3/224
f 2772/9/232 2788/9/232 2817/7/232
f 2819/18/229 2771/8/229 2787/8/229
f 2789/3/172 2794/19/172 2793/4/172
f 2766/3/726 2765/3/726 2797/3/726
f 2780/3/169 2779/3/169 2775/3/169
f 2786/11/228 2818/11/228 2787/8/228
f 2772/13/195 2771/8/195 2819/18/195
f 2808/5/728 2804/10/728 2803/6/728
f 2801/8/898 2808/11/898 2807/7/898
f 2816/5/192 2815/7/192 2811/6/192
f 2809/8/730 2810/9/730 2815/7/730
f 2811/6/896 2813/17/896 2814/12/896
f 2806/12/197 2805/17/197 2803/6/197
f 2803/6/202 2811/6/202 2815/7/202
f 2810/13/203 2858/16/203 2856/14/203
f 2810/13/1014 2809/8/1014 2857/15/1014
f 2767/3/213 2768/3/213 2805/3/213
f 2768/3/209 2765/3/209 2813/3/209
f 2778/3/5 2777/3/5 2779/3/5
f 2793/3/1 2794/3/1 2800/3/1
f 2814/3/208 2766/3/208 2767/3/208
f 2805/17/206 2813/17/206 2811/6/206
f 2802/13/204 2856/14/204 2855/18/204
f 2813/3/200 2765/3/200 2766/3/200
f 2809/8/215 2816/11/215 2808/11/215
f 2855/18/211 2857/15/211 2809/8/211
f 2812/10/207 2814/12/207 2806/12/207
f 2808/5/205 2816/5/205 2812/10/205
f 2815/7/210 2810/9/210 2802/9/210
f 2778/19/172 2770/1/172 2769/2/172
f 2722/3/5 2721/3/5 2719/3/5
f 2729/3/1 2731/3/1 2732/3/1
f 2551/3/236 2707/3/236 2708/3/236
f 2827/53/1 2834/54/1 2826/54/1
f 2833/55/1 2832/56/1 2824/56/1
f 2823/57/235 2837/68/235 2835/58/235
f 2826/54/34 2838/59/34 2837/42/34
f 2825/55/234 2836/39/234 2838/59/234
f 2824/56/44 2835/58/44 2836/39/44
f 2832/56/235 2829/61/235 2828/60/235
f 2833/55/44 2830/31/44 2829/61/44
f 2834/54/234 2831/62/234 2830/31/234
f 2827/53/34 2828/34/34 2831/62/34
f 2832/56/1 2827/57/1 2823/57/1
f 2829/23/5 2830/31/5 2831/62/5
f 2834/54/1 2833/55/1 2825/55/1
f 2839/53/5 2843/53/5 2850/54/5
f 2849/55/5 2848/56/5 2840/56/5
f 2839/57/234 2853/68/234 2851/58/234
f 2842/54/34 2854/59/34 2853/42/34
f 2841/55/235 2852/39/235 2854/59/235
f 2840/56/44 2851/58/44 2852/39/44
f 2848/56/234 2845/61/234 2844/60/234
f 2849/55/44 2846/31/44 2845/61/44
f 2850/54/235 2847/62/235 2846/31/235
f 2843/53/34 2844/34/34 2847/62/34
f 2840/56/5 2848/56/5 2843/57/5
f 2845/23/1 2846/31/1 2847/62/1
f 2842/54/5 2850/54/5 2849/55/5
f 2790/3/5 2792/3/5 2774/3/5
f 2553/3/233 2554/3/233 2710/3/233
f 2554/3/5 2552/3/5 2708/3/5
f 2703/3/1 2705/3/1 2861/3/1
f 2703/3/236 2859/3/236 2860/3/236
f 2705/3/233 2706/3/233 2862/3/233
f 2706/3/5 2704/3/5 2860/3/5
f 2851/3/5 2853/3/5 2854/3/5
f 2836/3/1 2835/3/1 2837/3/1
f 2932/1/1 2931/2/1 2925/2/1
f 2868/3/5 2872/3/5 2884/3/5
f 2869/2/1015 2870/1/1015 2876/19/1015
f 2935/3/239 2933/3/239 2925/3/239
f 2869/2/1 2873/2/1 2874/1/1
f 2869/3/238 2875/3/238 2877/3/238
f 2868/3/5 2880/3/5 2879/3/5
f 2887/3/277 2884/3/277 2883/3/277
f 2871/3/5 2867/3/5 2879/3/5
f 2887/3/269 2885/3/269 2880/3/269
f 2885/4/261 2886/19/261 2879/3/261
f 2873/3/277 2877/3/277 2878/3/277
f 2891/20/252 2892/24/252 2890/21/252
f 2893/23/92 2894/26/92 2892/24/92
f 2888/3/262 2883/3/262 2879/3/262
f 2707/3/1 2709/3/1 2865/3/1
f 2872/3/5 2871/3/5 2883/3/5
f 2874/3/267 2878/3/267 2876/3/267
f 2895/25/1016 2896/28/1016 2894/26/1016
f 2897/27/254 2898/30/254 2896/28/254
f 2899/29/736 2900/32/736 2898/30/736
f 2901/31/737 2902/34/737 2900/32/737
f 2903/33/256 2904/36/256 2902/34/256
f 2905/35/257 2906/38/257 2904/36/257
f 2907/37/243 2908/40/243 2906/38/243
f 2909/39/94 2910/42/94 2908/40/94
f 2911/41/1017 2912/44/1017 2910/42/1017
f 2913/43/247 2914/46/247 2912/44/247
f 2915/45/366 2916/48/366 2914/46/366
f 2917/47/93 2918/50/93 2916/48/93
f 2919/49/250 2920/52/250 2918/50/250
f 2889/51/251 2890/67/251 2920/52/251
f 2942/5/283 2941/7/283 2937/6/283
f 2927/8/1018 2928/9/1018 2941/7/1018
f 2937/6/285 2939/17/285 2940/12/285
f 2947/3/237 2948/3/237 2955/3/237
f 2945/3/244 2947/3/244 2956/3/244
f 2954/12/914 2953/17/914 2951/6/914
f 2974/5/911 2952/10/911 2951/6/911
f 2943/8/912 2974/11/912 2973/7/912
f 2939/3/292 2924/3/292 2923/3/292
f 2945/3/5 2946/3/5 2882/3/5
f 2934/3/245 2936/3/245 2932/3/245
f 2937/6/915 2941/7/915 2973/7/915
f 2928/13/241 2976/14/241 2978/16/241
f 2944/13/277 2978/16/277 2977/15/277
f 2942/5/296 2938/10/296 2952/10/296
f 2929/3/5 2947/3/5 2945/3/5
f 2930/3/5 2948/3/5 2947/3/5
f 2939/17/291 2937/6/291 2951/6/291
f 2955/3/241 2948/3/241 2946/3/241
f 2940/12/295 2954/12/295 2952/10/295
f 2923/3/290 2922/3/290 2954/3/290
f 2924/3/289 2939/3/289 2953/3/289
f 2928/9/297 2944/9/297 2973/7/297
f 2975/18/916 2927/8/916 2943/8/916
f 2945/3/240 2950/19/240 2949/4/240
f 2922/3/288 2921/3/288 2953/3/288
f 2936/3/237 2935/3/237 2931/3/237
f 2942/11/293 2974/11/293 2943/8/293
f 2928/13/261 2927/8/261 2975/18/261
f 2964/5/907 2960/10/907 2959/6/907
f 2957/8/908 2964/11/908 2963/7/908
f 2972/5/258 2971/7/258 2967/6/258
f 2965/8/1019 2966/9/1019 2971/7/1019
f 2967/6/742 2969/17/742 2970/12/742
f 2962/12/906 2961/17/906 2959/6/906
f 2959/6/909 2967/6/909 2971/7/909
f 2966/13/269 3014/16/269 3012/14/269
f 2966/13/237 2965/8/237 3013/15/237
f 2923/3/278 2924/3/278 2961/3/278
f 2924/3/274 2921/3/274 2969/3/274
f 2934/3/5 2933/3/5 2935/3/5
f 2950/3/1 2956/3/1 2955/3/1
f 2970/3/273 2922/3/273 2923/3/273
f 2961/17/271 2969/17/271 2967/6/271
f 2958/13/240 3012/14/240 3011/18/240
f 2969/3/266 2921/3/266 2922/3/266
f 2965/8/280 2972/11/280 2964/11/280
f 3011/18/910 3013/15/910 2965/8/910
f 2960/10/272 2968/10/272 2970/12/272
f 2964/5/270 2972/5/270 2968/10/270
f 2971/7/275 2966/9/275 2958/9/275
f 2934/19/242 2926/1/242 2925/2/242
f 2878/3/5 2877/3/5 2875/3/5
f 2885/3/1 2887/3/1 2888/3/1
f 2707/3/301 2863/3/301 2864/3/301
f 2983/53/1 2990/54/1 2982/54/1
f 2989/55/1 2988/56/1 2980/56/1
f 2979/57/111 2993/68/111 2991/58/111
f 2982/54/300 2994/59/300 2993/42/300
f 2981/55/299 2992/39/299 2994/59/299
f 2980/56/115 2991/58/115 2992/39/115
f 2988/56/111 2985/61/111 2984/60/111
f 2989/55/115 2986/31/115 2985/61/115
f 2990/54/299 2987/62/299 2986/31/299
f 2983/53/300 2984/34/300 2987/62/300
f 2988/56/1 2983/57/1 2979/57/1
f 2985/23/5 2986/31/5 2987/62/5
f 2990/54/1 2989/55/1 2981/55/1
f 2995/53/5 2999/53/5 3006/54/5
f 3005/55/5 3004/56/5 2996/56/5
f 2995/57/299 3009/68/299 3007/58/299
f 2998/54/300 3010/59/300 3009/42/300
f 2997/55/111 3008/39/111 3010/59/111
f 2996/56/115 3007/58/115 3008/39/115
f 3004/56/299 3001/61/299 3000/60/299
f 3005/55/115 3002/31/115 3001/61/115
f 3006/54/111 3003/62/111 3002/31/111
f 2999/53/300 3000/34/300 3003/62/300
f 2996/56/5 3004/56/5 2999/57/5
f 3001/23/1 3002/31/1 3003/62/1
f 3006/54/5 3005/55/5 2997/55/5
f 2882/3/5 2946/3/5 2948/3/5
f 2709/3/298 2710/3/298 2866/3/298
f 2866/3/5 2710/3/5 2708/3/5
f 2859/3/1 2861/3/1 3017/3/1
f 2859/3/301 3015/3/301 3016/3/301
f 2861/3/298 2862/3/298 3018/3/298
f 3018/3/5 2862/3/5 2860/3/5
f 3007/3/5 3009/3/5 3010/3/5
f 2991/3/1 2993/3/1 2994/3/1
f 3020/3/5 3024/3/5 3034/3/5
f 3021/2/577 3022/1/577 3028/19/577
f 3022/1/1 3021/2/1 3025/2/1
f 3021/3/576 3027/3/576 3029/3/576
f 3020/3/5 3032/3/5 3031/3/5
f 3037/3/575 3034/3/575 3033/3/575
f 3023/3/5 3019/3/5 3031/3/5
f 3037/3/333 3035/3/333 3032/3/333
f 3035/4/577 3036/19/577 3031/3/577
f 3025/3/575 3029/3/575 3030/3/575
f 3041/20/682 3042/24/682 3040/21/682
f 3043/23/318 3044/26/318 3042/24/318
f 3038/3/580 3033/3/580 3031/3/580
f 3024/3/5 3023/3/5 3033/3/5
f 3026/3/581 3030/3/581 3028/3/581
f 3045/25/681 3046/28/681 3044/26/681
f 3047/27/320 3048/30/320 3046/28/320
f 3049/29/321 3050/32/321 3048/30/321
f 3051/31/680 3052/34/680 3050/32/680
f 3053/33/323 3054/36/323 3052/34/323
f 3055/35/579 3056/38/579 3054/36/579
f 3057/37/307 3058/40/307 3056/38/307
f 3059/39/166 3060/42/166 3058/40/166
f 3061/41/679 3062/44/679 3060/42/679
f 3063/43/312 3064/46/312 3062/44/312
f 3065/45/313 3066/48/313 3064/46/313
f 3067/47/678 3068/50/678 3066/48/678
f 3069/49/459 3070/52/459 3068/50/459
f 3039/51/316 3040/67/316 3070/52/316
f 3078/5/968 3077/7/968 3073/6/968
f 3071/8/1020 3072/9/1020 3077/7/1020
f 3073/6/586 3075/17/586 3076/12/586
f 3084/12/585 3083/17/585 3081/6/585
f 3086/5/966 3082/10/966 3081/6/966
f 3079/8/746 3086/11/746 3085/7/746
f 3075/3/598 2292/3/598 2291/3/598
f 3073/6/590 3077/7/590 3085/7/590
f 3088/14/305 3090/16/305 3080/13/305
f 3080/13/575 3090/16/575 3089/15/575
f 3078/5/591 3074/10/591 3082/10/591
f 3075/17/592 3073/6/592 3081/6/592
f 3074/10/593 3076/12/593 3084/12/593
f 2291/3/594 2290/3/594 3084/3/594
f 2292/3/595 3075/3/595 3083/3/595
f 3072/9/596 3080/9/596 3085/7/596
f 3087/18/597 3071/8/597 3079/8/597
f 2290/3/589 2289/3/589 3083/3/589
f 3078/11/599 3086/11/599 3079/8/599
f 3072/13/969 3071/8/969 3087/18/969
f 3030/3/5 3029/3/5 3027/3/5
f 3037/3/1 3038/3/1 3036/3/1
f 3094/54/1 3102/54/1 3095/53/1
f 3093/55/1 3092/56/1 3100/56/1
f 3103/58/49 3105/68/49 3091/57/49
f 3105/42/345 3106/59/345 3094/54/345
f 3106/59/41 3104/39/41 3093/55/41
f 3104/39/344 3103/58/344 3092/56/344
f 3096/60/49 3097/61/49 3100/56/49
f 3097/61/344 3098/31/344 3101/55/344
f 3098/31/41 3099/62/41 3102/54/41
f 3099/62/345 3096/34/345 3095/53/345
f 3092/56/1 3091/57/1 3095/57/1
f 3097/23/5 3096/63/5 3099/62/5
f 3093/55/1 3101/55/1 3102/54/1
f 3107/53/5 3110/54/5 3118/54/5
f 3108/56/5 3116/56/5 3117/55/5
f 3119/58/41 3121/68/41 3107/57/41
f 3121/42/345 3122/59/345 3110/54/345
f 3122/59/49 3120/39/49 3109/55/49
f 3120/39/344 3119/58/344 3108/56/344
f 3112/60/41 3113/61/41 3116/56/41
f 3113/61/344 3114/31/344 3117/55/344
f 3114/31/49 3115/62/49 3118/54/49
f 3115/62/345 3112/34/345 3111/53/345
f 3108/56/5 3107/57/5 3111/57/5
f 3112/63/1 3115/62/1 3114/31/1
f 3109/55/5 3117/55/5 3118/54/5
f 3122/3/5 3121/3/5 3119/3/5
f 3104/3/1 3106/3/1 3105/3/1
f 2082/3/4 2864/3/4 2863/3/4
f 2083/3/601 2865/3/601 2866/3/601
f 2082/3/5 2084/3/5 2866/3/5
f 2863/3/1 2865/3/1 2083/3/1
f 2236/3/1 2234/3/1 3016/3/1
f 2235/3/4 2236/3/4 3018/3/4
f 2233/3/5 2235/3/5 3017/3/5
f 2234/3/601 2233/3/601 3015/3/601
f 11/3/309 1567/3/309 1568/3/309
f 12/3/5 1568/3/5 1566/3/5
f 10/3/580 1566/3/580 1565/3/580
f 9/3/1 1565/3/1 1567/3/1
f 1612/3/5 1610/3/5 54/3/5
f 54/3/580 1610/3/580 1609/3/580
f 53/3/1 1609/3/1 1611/3/1
f 55/3/309 1611/3/309 1612/3/309
f 2348/3/580 2347/3/580 791/3/580
f 2348/3/5 792/3/5 790/3/5
f 2346/3/309 790/3/309 789/3/309
f 2345/3/1 789/3/1 791/3/1
f 834/3/5 2392/3/5 2394/3/5
f 2392/3/309 834/3/309 833/3/309
f 2391/3/1 833/3/1 835/3/1
f 2393/3/580 835/3/580 836/3/580
f 3134/3/1021 3128/3/1021 3126/3/1021
f 3128/3/309 3124/3/309 3127/3/309
f 3134/3/748 2369/3/748 3124/3/748
f 3133/3/748 3126/3/748 3123/3/748
f 3151/3/750 3138/3/750 3129/3/750
f 3152/3/750 3151/3/750 3131/3/750
f 3130/3/750 3137/3/750 3152/3/750
f 3132/3/309 3125/3/309 3127/3/309
f 3152/3/1022 3144/3/1022 3142/3/1022
f 3144/3/244 3140/3/244 3143/3/244
f 3152/3/753 3137/3/753 3140/3/753
f 3151/3/753 3142/3/753 3139/3/753
f 3150/3/757 3149/3/757 3147/3/757
f 3146/3/757 3135/3/757 3150/3/757
f 3148/3/244 3141/3/244 3143/3/244
f 897/3/638 914/3/638 928/3/638
f 897/3/635 896/3/635 944/3/635
f 1049/66/1 1019/69/1 1021/70/1
f 1021/70/1 1023/71/1 1025/25/1
f 1025/25/174 1026/28/174 1028/30/174
f 1027/72/1 1029/73/1 1031/74/1
f 1025/25/1023 1028/30/1023 1027/72/1023
f 1049/66/1 1021/70/1 1025/25/1
f 1045/75/1 1047/76/1 1049/66/1
f 1041/65/1 1043/77/1 1045/75/1
f 1037/78/1 1039/79/1 1041/65/1
f 1033/64/1 1035/80/1 1037/78/1
f 1027/72/1 1031/74/1 1033/64/1
f 1049/66/1 1025/25/1 1027/72/1
f 1041/65/1 1045/75/1 1049/66/1
f 1033/64/1 1037/78/1 1041/65/1
f 1049/66/1 1027/72/1 1033/64/1
f 3145/3/757 3147/3/757 3149/3/757
f 3150/3/1024 3158/3/1024 3156/3/1024
f 3158/3/176 3154/3/176 3157/3/176
f 3150/3/758 3135/3/758 3154/3/758
f 3149/3/758 3156/3/758 3153/3/758
f 3179/3/760 3166/3/760 3159/3/760
f 3180/3/760 3179/3/760 3161/3/760
f 3160/3/760 3165/3/760 3180/3/760
f 3162/3/176 3155/3/176 3157/3/176
f 3180/3/1025 3172/3/1025 3170/3/1025
f 3172/3/106 3168/3/106 3171/3/106
f 3180/3/763 3165/3/763 3168/3/763
f 3179/3/763 3170/3/763 3167/3/763
f 3178/3/767 3177/3/767 3175/3/767
f 3174/3/767 3163/3/767 3178/3/767
f 3176/3/106 3169/3/106 3171/3/106
f 3173/3/767 3175/3/767 3177/3/767
f 3178/3/1026 3186/3/1026 3184/3/1026
f 3186/3/35 3182/3/35 3185/3/35
f 3178/3/768 3163/3/768 3182/3/768
f 3177/3/768 3184/3/768 3181/3/768
f 3207/3/770 3194/3/770 3187/3/770
f 3208/3/770 3207/3/770 3189/3/770
f 3188/3/770 3193/3/770 3208/3/770
f 3190/3/35 3183/3/35 3185/3/35
f 3208/3/1027 3200/3/1027 3198/3/1027
f 3200/3/601 3196/3/601 3199/3/601
f 3208/3/773 3193/3/773 3196/3/773
f 3207/3/773 3198/3/773 3195/3/773
f 3206/3/777 3205/3/777 3203/3/777
f 3202/3/777 3191/3/777 3206/3/777
f 3204/3/601 3197/3/601 3199/3/601
f 3201/3/777 3203/3/777 3205/3/777
f 3206/3/1028 3214/3/1028 3212/3/1028
f 3214/3/298 3210/3/298 3213/3/298
f 3206/3/778 3191/3/778 3210/3/778
f 3205/3/778 3212/3/778 3209/3/778
f 3235/3/780 3222/3/780 3215/3/780
f 3236/3/780 3235/3/780 3217/3/780
f 3216/3/780 3221/3/780 3236/3/780
f 3218/3/298 3211/3/298 3213/3/298
f 3236/3/1029 3228/3/1029 3226/3/1029
f 3228/3/233 3224/3/233 3227/3/233
f 3236/3/783 3221/3/783 3224/3/783
f 3235/3/783 3226/3/783 3223/3/783
f 3234/3/787 3233/3/787 3231/3/787
f 3230/3/787 3219/3/787 3234/3/787
f 3232/3/233 3225/3/233 3227/3/233
f 3229/3/787 3231/3/787 3233/3/787
f 3234/3/1030 3242/3/1030 3240/3/1030
f 3242/3/163 3238/3/163 3241/3/163
f 3234/3/788 3219/3/788 3238/3/788
f 3233/3/788 3240/3/788 3237/3/788
f 3263/3/790 3250/3/790 3243/3/790
f 3264/3/790 3263/3/790 3245/3/790
f 3244/3/790 3249/3/790 3264/3/790
f 3246/3/163 3239/3/163 3241/3/163
f 3264/3/1031 3256/3/1031 3254/3/1031
f 3256/3/91 3252/3/91 3255/3/91
f 3264/3/793 3249/3/793 3252/3/793
f 3263/3/793 3254/3/793 3251/3/793
f 3262/3/797 3261/3/797 3259/3/797
f 3258/3/797 3247/3/797 3262/3/797
f 3260/3/91 3253/3/91 3255/3/91
f 3257/3/797 3259/3/797 3261/3/797
f 3262/3/1032 3270/3/1032 3268/3/1032
f 3270/3/580 3266/3/580 3269/3/580
f 3262/3/798 3247/3/798 3266/3/798
f 3261/3/798 3268/3/798 3265/3/798
f 3291/3/800 3278/3/800 3271/3/800
f 3292/3/800 3291/3/800 3273/3/800
f 3272/3/800 3277/3/800 3292/3/800
f 3274/3/580 3267/3/580 3269/3/580
f 3292/3/1033 3284/3/1033 3282/3/1033
f 3284/3/262 3280/3/262 3283/3/262
f 3292/3/803 3277/3/803 3280/3/803
f 3291/3/803 3282/3/803 3279/3/803
f 3290/3/807 3289/3/807 3287/3/807
f 3286/3/807 3275/3/807 3290/3/807
f 3288/3/262 3281/3/262 3283/3/262
f 3285/3/807 3287/3/807 3289/3/807
f 3290/3/1034 3298/3/1034 3296/3/1034
f 3298/3/196 3294/3/196 3297/3/196
f 3290/3/808 3275/3/808 3294/3/808
f 3289/3/808 3296/3/808 3293/3/808
f 3319/3/810 3306/3/810 3299/3/810
f 3320/3/810 3319/3/810 3301/3/810
f 3300/3/810 3305/3/810 3320/3/810
f 3302/3/196 3295/3/196 3297/3/196
f 3320/3/1035 3312/3/1035 3310/3/1035
f 3312/3/126 3308/3/126 3311/3/126
f 3320/3/813 3305/3/813 3308/3/813
f 3319/3/813 3310/3/813 3307/3/813
f 3318/3/817 3317/3/817 3315/3/817
f 3314/3/817 3303/3/817 3318/3/817
f 3316/3/126 3309/3/126 3311/3/126
f 3313/3/817 3315/3/817 3317/3/817
f 3318/3/1036 3326/3/1036 3324/3/1036
f 3326/3/55 3322/3/55 3325/3/55
f 3318/3/818 3303/3/818 3322/3/818
f 3317/3/818 3324/3/818 3321/3/818
f 3347/3/820 3334/3/820 3327/3/820
f 3348/3/820 3347/3/820 3329/3/820
f 3328/3/820 3333/3/820 3348/3/820
f 3330/3/55 3323/3/55 3325/3/55
f 3348/3/1037 3340/3/1037 3338/3/1037
f 3340/3/4 3336/3/4 3339/3/4
f 3348/3/823 3333/3/823 3336/3/823
f 3347/3/823 3338/3/823 3335/3/823
f 3346/3/827 3345/3/827 3343/3/827
f 3342/3/827 3331/3/827 3346/3/827
f 3344/3/4 3337/3/4 3339/3/4
f 3341/3/827 3343/3/827 3345/3/827
f 3346/3/1038 3354/3/1038 3352/3/1038
f 3354/3/301 3350/3/301 3353/3/301
f 3346/3/828 3331/3/828 3350/3/828
f 3345/3/828 3352/3/828 3349/3/828
f 3375/3/830 3362/3/830 3355/3/830
f 3376/3/830 3375/3/830 3357/3/830
f 3356/3/830 3361/3/830 3376/3/830
f 3358/3/301 3351/3/301 3353/3/301
f 3376/3/1039 3368/3/1039 3366/3/1039
f 3368/3/236 3364/3/236 3367/3/236
f 3376/3/833 3361/3/833 3364/3/833
f 3375/3/833 3366/3/833 3363/3/833
f 3374/3/837 3373/3/837 3371/3/837
f 3370/3/837 3359/3/837 3374/3/837
f 3372/3/236 3365/3/236 3367/3/236
f 3369/3/837 3371/3/837 3373/3/837
f 3374/3/1040 3382/3/1040 3380/3/1040
f 3382/3/168 3378/3/168 3381/3/168
f 3374/3/838 3359/3/838 3378/3/838
f 3373/3/838 3380/3/838 3377/3/838
f 3399/3/840 3388/3/840 3383/3/840
f 3400/3/840 3399/3/840 3385/3/840
f 3384/3/840 3387/3/840 3400/3/840
f 3386/3/168 3379/3/168 3381/3/168
f 3400/3/1041 3394/3/1041 3392/3/1041
f 3394/3/96 3390/3/96 3393/3/96
f 3400/3/843 3387/3/843 3390/3/843
f 3399/3/843 3392/3/843 3389/3/843
f 3134/3/847 3133/3/847 3397/3/847
f 3396/3/847 2369/3/847 3134/3/847
f 3398/3/96 3391/3/96 3393/3/96
f 3395/3/847 3397/3/847 3133/3/847
f 850/3/634 852/3/634 848/3/634
f 906/3/627 910/3/627 908/3/627
f 3420/1/1 3419/2/1 3415/2/1
f 3423/3/2 3421/3/2 3415/3/2
f 3427/3/3 3428/3/3 3431/3/3
f 3425/3/4 3427/3/4 3432/3/4
f 3425/3/5 3426/3/5 3414/3/5
f 3422/3/6 3424/3/6 3420/3/6
f 3417/3/5 3427/3/5 3425/3/5
f 3418/3/5 3428/3/5 3427/3/5
f 3431/3/7 3428/3/7 3426/3/7
f 3425/3/8 3430/19/8 3429/4/8
f 3424/3/3 3423/3/3 3419/3/3
f 3440/5/869 3436/10/869 3435/6/869
f 3433/8/870 3440/11/870 3439/7/870
f 3448/5/871 3447/7/871 3443/6/871
f 3441/8/12 3442/9/12 3447/7/12
f 3443/6/13 3445/17/13 3446/12/13
f 3438/12/14 3437/17/14 3435/6/14
f 3435/6/349 3443/6/349 3447/7/349
f 3442/13/16 3452/16/16 3450/14/16
f 3442/13/872 3441/8/872 3451/15/872
f 3403/3/17 3404/3/17 3437/3/17
f 3404/3/18 3401/3/18 3445/3/18
f 3422/3/5 3421/3/5 3423/3/5
f 3430/3/1 3432/3/1 3431/3/1
f 3446/3/19 3402/3/19 3403/3/19
f 3437/17/20 3445/17/20 3443/6/20
f 3434/13/8 3450/14/8 3449/18/8
f 3445/3/21 3401/3/21 3402/3/21
f 3441/8/22 3448/11/22 3440/11/22
f 3449/18/351 3451/15/351 3441/8/351
f 3444/10/24 3446/12/24 3438/12/24
f 3440/5/25 3448/5/25 3444/10/25
f 3447/7/26 3442/9/26 3434/9/26
f 3422/19/8 3416/1/8 3415/2/8
f 3414/3/5 3426/3/5 3428/3/5
f 3522/1/1 3521/2/1 3515/2/1
f 3458/3/5 3462/3/5 3474/3/5
f 3459/2/700 3460/1/700 3466/19/700
f 3525/3/28 3523/3/28 3515/3/28
f 3460/1/1 3459/2/1 3463/2/1
f 3459/3/29 3465/3/29 3467/3/29
f 3458/3/5 3470/3/5 3469/3/5
f 3477/3/30 3474/3/30 3473/3/30
f 3461/3/5 3457/3/5 3469/3/5
f 3477/3/31 3475/3/31 3470/3/31
f 3475/4/27 3476/19/27 3469/3/27
f 3463/3/30 3467/3/30 3468/3/30
f 3481/20/33 3482/24/33 3480/21/33
f 3483/23/34 3484/26/34 3482/24/34
f 3478/3/35 3473/3/35 3469/3/35
f 3409/3/1 3411/3/1 3455/3/1
f 3462/3/5 3461/3/5 3473/3/5
f 3464/3/36 3468/3/36 3466/3/36
f 3485/25/37 3486/28/37 3484/26/37
f 3487/27/38 3488/30/38 3486/28/38
f 3489/29/39 3490/32/39 3488/30/39
f 3491/31/40 3492/34/40 3490/32/40
f 3493/33/41 3494/36/41 3492/34/41
f 3495/35/42 3496/38/42 3494/36/42
f 3497/37/43 3498/40/43 3496/38/43
f 3499/39/44 3500/42/44 3498/40/44
f 3501/41/45 3502/44/45 3500/42/45
f 3503/43/46 3504/46/46 3502/44/46
f 3505/45/47 3506/48/47 3504/46/47
f 3507/47/48 3508/50/48 3506/48/48
f 3509/49/49 3510/52/49 3508/50/49
f 3479/51/50 3480/67/50 3510/52/50
f 3532/5/873 3531/7/873 3527/6/873
f 3517/8/874 3518/9/874 3531/7/874
f 3527/6/875 3529/17/875 3530/12/875
f 3537/3/54 3538/3/54 3545/3/54
f 3535/3/55 3537/3/55 3546/3/55
f 3544/12/56 3543/17/56 3541/6/56
f 3564/5/57 3542/10/57 3541/6/57
f 3533/8/876 3564/11/876 3563/7/876
f 3529/3/59 3514/3/59 3513/3/59
f 3535/3/5 3536/3/5 3472/3/5
f 3524/3/60 3526/3/60 3522/3/60
f 3527/6/703 3531/7/703 3563/7/703
f 3566/14/62 3568/16/62 3534/13/62
f 3534/13/30 3568/16/30 3567/15/30
f 3532/5/63 3528/10/63 3542/10/63
f 3519/3/5 3537/3/5 3535/3/5
f 3520/3/5 3538/3/5 3537/3/5
f 3529/17/64 3527/6/64 3541/6/64
f 3545/3/62 3538/3/62 3536/3/62
f 3530/12/65 3544/12/65 3542/10/65
f 3513/3/66 3512/3/66 3544/3/66
f 3514/3/67 3529/3/67 3543/3/67
f 3518/9/68 3534/9/68 3563/7/68
f 3565/18/877 3517/8/877 3533/8/877
f 3535/3/70 3540/19/70 3539/4/70
f 3512/3/878 3511/3/878 3543/3/878
f 3526/3/54 3525/3/54 3521/3/54
f 3532/11/73 3564/11/73 3533/8/73
f 3518/13/27 3517/8/27 3565/18/27
f 3554/5/74 3550/10/74 3549/6/74
f 3547/8/879 3554/11/879 3553/7/879
f 3562/5/880 3561/7/880 3557/6/880
f 3555/8/881 3556/9/881 3561/7/881
f 3557/6/882 3559/17/882 3560/12/882
f 3552/12/79 3551/17/79 3549/6/79
f 3549/6/699 3557/6/699 3561/7/699
f 3556/13/31 3588/16/31 3586/14/31
f 3556/13/54 3555/8/54 3587/15/54
f 3513/3/81 3514/3/81 3551/3/81
f 3514/3/82 3511/3/82 3559/3/82
f 3524/3/5 3523/3/5 3525/3/5
f 3540/3/1 3546/3/1 3545/3/1
f 3560/3/83 3512/3/83 3513/3/83
f 3551/17/84 3559/17/84 3557/6/84
f 3548/13/70 3586/14/70 3585/18/70
f 3559/3/85 3511/3/85 3512/3/85
f 3555/8/883 3562/11/883 3554/11/883
f 3585/18/884 3587/15/884 3555/8/884
f 3558/10/88 3560/12/88 3552/12/88
f 3554/5/89 3562/5/89 3558/10/89
f 3561/7/90 3556/9/90 3548/9/90
f 3524/19/691 3516/1/691 3515/2/691
f 3468/3/5 3467/3/5 3465/3/5
f 3477/3/1 3478/3/1 3476/3/1
f 3409/3/91 3453/3/91 3454/3/91
f 3569/53/5 3573/53/5 3580/54/5
f 3571/55/5 3579/55/5 3578/56/5
f 3569/57/94 3583/68/94 3581/58/94
f 3572/54/93 3584/59/93 3583/42/93
f 3571/55/92 3582/39/92 3584/59/92
f 3570/56/95 3581/58/95 3582/39/95
f 3578/56/94 3575/61/94 3574/60/94
f 3579/55/95 3576/31/95 3575/61/95
f 3580/54/92 3577/62/92 3576/31/92
f 3573/53/93 3574/34/93 3577/62/93
f 3570/56/5 3578/56/5 3573/57/5
f 3576/31/1 3577/62/1 3574/63/1
f 3580/54/5 3579/55/5 3571/55/5
f 3536/3/5 3538/3/5 3520/3/5
f 3411/3/96 3412/3/96 3456/3/96
f 3412/3/5 3410/3/5 3454/3/5
f 3581/3/5 3583/3/5 3584/3/5
f 3658/1/1 3657/2/1 3651/2/1
f 3594/3/5 3598/3/5 3610/3/5
f 3595/2/102 3596/1/102 3602/19/102
f 3661/3/98 3659/3/98 3651/3/98
f 3595/2/1 3599/2/1 3600/1/1
f 3595/3/99 3601/3/99 3603/3/99
f 3594/3/5 3606/3/5 3605/3/5
f 3613/3/100 3610/3/100 3609/3/100
f 3597/3/5 3593/3/5 3605/3/5
f 3613/3/101 3611/3/101 3606/3/101
f 3611/4/102 3612/19/102 3605/3/102
f 3599/3/100 3603/3/100 3604/3/100
f 3617/20/104 3618/24/104 3616/21/104
f 3619/23/105 3620/26/105 3618/24/105
f 3612/3/106 3614/3/106 3609/3/106
f 3453/3/1 3455/3/1 3591/3/1
f 3598/3/5 3597/3/5 3609/3/5
f 3600/3/107 3604/3/107 3602/3/107
f 3621/25/108 3622/28/108 3620/26/108
f 3623/27/885 3624/30/885 3622/28/885
f 3625/29/110 3626/32/110 3624/30/110
f 3627/31/111 3628/34/111 3626/32/111
f 3629/33/112 3630/36/112 3628/34/112
f 3631/35/113 3632/38/113 3630/36/113
f 3633/37/114 3634/40/114 3632/38/114
f 3635/39/115 3636/42/115 3634/40/115
f 3637/41/116 3638/44/116 3636/42/116
f 3639/43/117 3640/46/117 3638/44/117
f 3641/45/118 3642/48/118 3640/46/118
f 3643/47/119 3644/50/119 3642/48/119
f 3645/49/120 3646/52/120 3644/50/120
f 3615/51/121 3616/67/121 3646/52/121
f 3668/5/122 3667/7/122 3663/6/122
f 3653/8/886 3654/9/886 3667/7/886
f 3663/6/1009 3665/17/1009 3666/12/1009
f 3673/3/125 3674/3/125 3681/3/125
f 3671/3/126 3673/3/126 3682/3/126
f 3680/12/887 3679/17/887 3677/6/887
f 3700/5/128 3678/10/128 3677/6/128
f 3669/8/129 3700/11/129 3699/7/129
f 3665/3/715 3650/3/715 3649/3/715
f 3671/3/5 3672/3/5 3608/3/5
f 3660/3/131 3662/3/131 3658/3/131
f 3663/6/714 3667/7/714 3699/7/714
f 3702/14/133 3704/16/133 3670/13/133
f 3670/13/100 3704/16/100 3703/15/100
f 3668/5/135 3664/10/135 3678/10/135
f 3655/3/5 3673/3/5 3671/3/5
f 3656/3/5 3674/3/5 3673/3/5
f 3665/17/136 3663/6/136 3677/6/136
f 3681/3/133 3674/3/133 3672/3/133
f 3666/12/137 3680/12/137 3678/10/137
f 3649/3/138 3648/3/138 3680/3/138
f 3650/3/139 3665/3/139 3679/3/139
f 3654/9/140 3670/9/140 3699/7/140
f 3701/18/141 3653/8/141 3669/8/141
f 3671/3/142 3676/19/142 3675/4/142
f 3648/3/143 3647/3/143 3679/3/143
f 3662/3/152 3661/3/152 3657/3/152
f 3668/11/144 3700/11/144 3669/8/144
f 3654/13/97 3653/8/97 3701/18/97
f 3690/5/145 3686/10/145 3685/6/145
f 3683/8/707 3690/11/707 3689/7/707
f 3698/5/889 3697/7/889 3693/6/889
f 3691/8/890 3692/9/890 3697/7/890
f 3693/6/891 3695/17/891 3696/12/891
f 3688/12/892 3687/17/892 3685/6/892
f 3685/6/709 3693/6/709 3697/7/709
f 3692/13/101 3724/16/101 3722/14/101
f 3692/13/152 3691/8/152 3723/15/152
f 3649/3/153 3650/3/153 3687/3/153
f 3650/3/154 3647/3/154 3695/3/154
f 3659/3/5 3661/3/5 3662/3/5
f 3676/3/1 3682/3/1 3681/3/1
f 3696/3/155 3648/3/155 3649/3/155
f 3687/17/156 3695/17/156 3693/6/156
f 3684/13/142 3722/14/142 3721/18/142
f 3695/3/157 3647/3/157 3648/3/157
f 3691/8/158 3698/11/158 3690/11/158
f 3721/18/712 3723/15/712 3691/8/712
f 3694/10/160 3696/12/160 3688/12/160
f 3698/5/161 3694/10/161 3686/10/161
f 3697/7/162 3692/9/162 3684/9/162
f 3660/19/704 3652/1/704 3651/2/704
f 3602/3/5 3604/3/5 3603/3/5
f 3613/3/1 3614/3/1 3612/3/1
f 3453/3/163 3589/3/163 3590/3/163
f 3709/53/5 3716/54/5 3708/54/5
f 3707/55/5 3715/55/5 3714/56/5
f 3705/57/166 3719/68/166 3717/58/166
f 3708/54/165 3720/59/165 3719/42/165
f 3707/55/164 3718/39/164 3720/59/164
f 3706/56/167 3717/58/167 3718/39/167
f 3714/56/166 3711/61/166 3710/60/166
f 3715/55/167 3712/31/167 3711/61/167
f 3716/54/164 3713/62/164 3712/31/164
f 3709/53/165 3710/34/165 3713/62/165
f 3714/56/5 3709/57/5 3705/57/5
f 3712/31/1 3713/62/1 3710/63/1
f 3708/54/5 3716/54/5 3715/55/5
f 3608/3/5 3672/3/5 3674/3/5
f 3455/3/168 3456/3/168 3592/3/168
f 3592/3/5 3456/3/5 3454/3/5
f 3717/3/5 3719/3/5 3720/3/5
f 3794/1/1 3793/2/1 3787/2/1
f 3730/3/5 3734/3/5 3746/3/5
f 3731/2/727 3732/1/727 3738/19/727
f 3797/3/170 3795/3/170 3787/3/170
f 3732/1/1 3731/2/1 3735/2/1
f 3731/3/171 3737/3/171 3739/3/171
f 3730/3/5 3742/3/5 3741/3/5
f 3749/3/172 3746/3/172 3745/3/172
f 3733/3/5 3729/3/5 3741/3/5
f 3749/3/173 3747/3/173 3742/3/173
f 3747/4/169 3748/19/169 3741/3/169
f 3735/3/204 3739/3/204 3740/3/204
f 3753/20/174 3754/24/174 3752/21/174
f 3755/23/175 3756/26/175 3754/24/175
f 3750/3/176 3745/3/176 3741/3/176
f 3589/3/1 3591/3/1 3727/3/1
f 3734/3/5 3733/3/5 3745/3/5
f 3736/3/177 3740/3/177 3738/3/177
f 3757/25/178 3758/28/178 3756/26/178
f 3759/27/179 3760/30/179 3758/28/179
f 3761/29/180 3762/32/180 3760/30/180
f 3763/31/181 3764/34/181 3762/32/181
f 3765/33/182 3766/36/182 3764/34/182
f 3767/35/183 3768/38/183 3766/36/183
f 3769/37/184 3770/40/184 3768/38/184
f 3771/39/185 3772/42/185 3770/40/185
f 3773/41/186 3774/44/186 3772/42/186
f 3775/43/187 3776/46/187 3774/44/187
f 3777/45/188 3778/48/188 3776/46/188
f 3779/47/189 3780/50/189 3778/48/189
f 3781/49/413 3782/52/413 3780/50/413
f 3751/51/894 3752/67/894 3782/52/894
f 3804/5/192 3803/7/192 3799/6/192
f 3789/8/895 3790/9/895 3803/7/895
f 3799/6/896 3801/17/896 3802/12/896
f 3809/3/195 3810/3/195 3817/3/195
f 3812/3/196 3807/3/196 3809/3/196
f 3816/12/897 3815/17/897 3813/6/897
f 3836/5/728 3814/10/728 3813/6/728
f 3805/8/898 3836/11/898 3835/7/898
f 3801/3/200 3786/3/200 3785/3/200
f 3807/3/5 3808/3/5 3744/3/5
f 3796/3/201 3798/3/201 3794/3/201
f 3799/6/202 3803/7/202 3835/7/202
f 3838/14/203 3840/16/203 3806/13/203
f 3806/13/204 3840/16/204 3839/15/204
f 3804/5/205 3800/10/205 3814/10/205
f 3791/3/5 3809/3/5 3807/3/5
f 3792/3/5 3810/3/5 3809/3/5
f 3801/17/206 3799/6/206 3813/6/206
f 3817/3/203 3810/3/203 3808/3/203
f 3802/12/207 3816/12/207 3814/10/207
f 3785/3/208 3784/3/208 3816/3/208
f 3786/3/209 3801/3/209 3815/3/209
f 3790/9/733 3806/9/733 3835/7/733
f 3837/18/732 3789/8/732 3805/8/732
f 3807/3/718 3812/19/718 3811/4/718
f 3784/3/213 3783/3/213 3815/3/213
f 3798/3/195 3797/3/195 3793/3/195
f 3804/11/215 3836/11/215 3805/8/215
f 3790/13/169 3789/8/169 3837/18/169
f 3826/5/216 3822/10/216 3821/6/216
f 3819/8/899 3826/11/899 3825/7/899
f 3834/5/218 3833/7/218 3829/6/218
f 3827/8/219 3828/9/219 3833/7/219
f 3829/6/900 3831/17/900 3832/12/900
f 3824/12/221 3823/17/221 3821/6/221
f 3821/6/222 3829/6/222 3833/7/222
f 3828/13/173 3860/16/173 3858/14/173
f 3828/13/901 3827/8/901 3859/15/901
f 3785/3/726 3786/3/726 3823/3/726
f 3786/3/224 3783/3/224 3831/3/224
f 3796/3/5 3795/3/5 3797/3/5
f 3811/3/1 3812/3/1 3818/3/1
f 3832/3/225 3784/3/225 3785/3/225
f 3823/17/226 3831/17/226 3829/6/226
f 3820/13/212 3858/14/212 3857/18/212
f 3831/3/227 3783/3/227 3784/3/227
f 3827/8/228 3834/11/228 3826/11/228
f 3857/18/725 3859/15/725 3827/8/725
f 3830/10/230 3832/12/230 3824/12/230
f 3826/5/231 3834/5/231 3830/10/231
f 3833/7/724 3828/9/724 3820/9/724
f 3796/19/718 3788/1/718 3787/2/718
f 3740/3/5 3739/3/5 3737/3/5
f 3747/3/1 3749/3/1 3750/3/1
f 3589/3/233 3725/3/233 3726/3/233
f 3841/53/5 3845/53/5 3852/54/5
f 3851/55/5 3850/56/5 3842/56/5
f 3841/57/235 3855/68/235 3853/58/235
f 3844/54/44 3856/59/44 3855/42/44
f 3843/55/234 3854/39/234 3856/59/234
f 3842/56/34 3853/58/34 3854/39/34
f 3850/56/235 3847/61/235 3846/60/235
f 3851/55/34 3848/31/34 3847/61/34
f 3852/54/234 3849/62/234 3848/31/234
f 3845/53/44 3846/34/44 3849/62/44
f 3842/56/5 3850/56/5 3845/57/5
f 3847/23/1 3848/31/1 3849/62/1
f 3844/54/5 3852/54/5 3851/55/5
f 3808/3/5 3810/3/5 3792/3/5
f 3591/3/236 3592/3/236 3728/3/236
f 3592/3/5 3590/3/5 3726/3/5
f 3853/3/5 3855/3/5 3856/3/5
f 3930/1/1 3929/2/1 3923/2/1
f 3866/3/5 3870/3/5 3882/3/5
f 3867/2/902 3868/1/902 3874/19/902
f 3929/3/238 3933/3/238 3931/3/238
f 3867/2/1 3871/2/1 3872/1/1
f 3867/3/239 3873/3/239 3875/3/239
f 3866/3/5 3878/3/5 3877/3/5
f 3885/3/240 3882/3/240 3881/3/240
f 3869/3/5 3865/3/5 3877/3/5
f 3885/3/241 3883/3/241 3878/3/241
f 3883/4/237 3884/19/237 3877/3/237
f 3871/3/240 3875/3/240 3876/3/240
f 3889/20/243 3890/24/243 3888/21/243
f 3891/23/94 3892/26/94 3890/24/94
f 3886/3/244 3881/3/244 3877/3/244
f 3725/3/1 3727/3/1 3863/3/1
f 3870/3/5 3869/3/5 3881/3/5
f 3872/3/245 3876/3/245 3874/3/245
f 3893/25/903 3894/28/903 3892/26/903
f 3895/27/247 3896/30/247 3894/28/247
f 3897/29/248 3898/32/248 3896/30/248
f 3899/31/249 3900/34/249 3898/32/249
f 3901/33/250 3902/36/250 3900/34/250
f 3903/35/251 3904/38/251 3902/36/251
f 3905/37/252 3906/40/252 3904/38/252
f 3907/39/92 3908/42/92 3906/40/92
f 3909/41/904 3910/44/904 3908/42/904
f 3911/43/254 3912/46/254 3910/44/254
f 3913/45/255 3914/48/255 3912/46/255
f 3915/47/95 3916/50/95 3914/48/95
f 3917/49/256 3918/52/256 3916/50/256
f 3887/51/257 3888/67/257 3918/52/257
f 3940/5/258 3939/7/258 3935/6/258
f 3925/8/905 3926/9/905 3939/7/905
f 3935/6/742 3937/17/742 3938/12/742
f 3945/3/261 3946/3/261 3953/3/261
f 3943/3/262 3945/3/262 3954/3/262
f 3952/12/906 3951/17/906 3949/6/906
f 3972/5/907 3950/10/907 3949/6/907
f 3941/8/908 3972/11/908 3971/7/908
f 3937/3/266 3922/3/266 3921/3/266
f 3943/3/5 3944/3/5 3880/3/5
f 3932/3/267 3934/3/267 3930/3/267
f 3935/6/909 3939/7/909 3971/7/909
f 3926/13/269 3974/14/269 3976/16/269
f 3942/13/240 3976/16/240 3975/15/240
f 3940/5/270 3936/10/270 3950/10/270
f 3927/3/5 3945/3/5 3943/3/5
f 3928/3/5 3946/3/5 3945/3/5
f 3937/17/271 3935/6/271 3949/6/271
f 3953/3/269 3946/3/269 3944/3/269
f 3938/12/272 3952/12/272 3950/10/272
f 3921/3/273 3920/3/273 3952/3/273
f 3922/3/274 3937/3/274 3951/3/274
f 3926/9/275 3942/9/275 3971/7/275
f 3973/18/910 3925/8/910 3941/8/910
f 3943/3/277 3948/19/277 3947/4/277
f 3920/3/278 3919/3/278 3951/3/278
f 3934/3/261 3933/3/261 3929/3/261
f 3940/11/280 3972/11/280 3941/8/280
f 3926/13/237 3925/8/237 3973/18/237
f 3962/5/1042 3958/10/1042 3957/6/1042
f 3955/8/912 3962/11/912 3961/7/912
f 3970/5/283 3969/7/283 3965/6/283
f 3963/8/913 3964/9/913 3969/7/913
f 3965/6/285 3967/17/285 3968/12/285
f 3960/12/914 3959/17/914 3957/6/914
f 3957/6/915 3965/6/915 3969/7/915
f 3956/13/241 3964/13/241 3996/16/241
f 3964/13/261 3963/8/261 3995/15/261
f 3921/3/288 3922/3/288 3959/3/288
f 3922/3/289 3919/3/289 3967/3/289
f 3932/3/5 3931/3/5 3933/3/5
f 3948/3/1 3954/3/1 3953/3/1
f 3968/3/290 3920/3/290 3921/3/290
f 3959/17/291 3967/17/291 3965/6/291
f 3956/13/277 3994/14/277 3993/18/277
f 3967/3/292 3919/3/292 3920/3/292
f 3963/8/293 3970/11/293 3962/11/293
f 3993/18/916 3995/15/916 3963/8/916
f 3958/10/295 3966/10/295 3968/12/295
f 3962/5/296 3970/5/296 3966/10/296
f 3969/7/297 3964/9/297 3956/9/297
f 3932/19/734 3924/1/734 3923/2/734
f 3876/3/5 3875/3/5 3873/3/5
f 3883/3/1 3885/3/1 3886/3/1
f 3725/3/298 3861/3/298 3862/3/298
f 3977/53/5 3981/53/5 3988/54/5
f 3987/55/850 3986/56/850 3978/56/850
f 3977/57/111 3991/68/111 3989/58/111
f 3980/54/115 3992/59/115 3991/42/115
f 3979/55/299 3990/39/299 3992/59/299
f 3978/56/300 3989/58/300 3990/39/300
f 3986/56/111 3983/61/111 3982/60/111
f 3987/55/300 3984/31/300 3983/61/300
f 3988/54/299 3985/62/299 3984/31/299
f 3981/53/115 3982/34/115 3985/62/115
f 3978/56/5 3986/56/5 3981/57/5
f 3983/23/1 3984/31/1 3985/62/1
f 3988/54/5 3987/55/5 3979/55/5
f 3880/3/5 3944/3/5 3946/3/5
f 3727/3/301 3728/3/301 3864/3/301
f 3864/3/5 3728/3/5 3726/3/5
f 3989/3/5 3991/3/5 3992/3/5
f 3998/3/5 4002/3/5 4012/3/5
f 3999/2/302 4000/1/302 4006/19/302
f 4000/1/1 3999/2/1 4003/2/1
f 3999/3/303 4005/3/303 4007/3/303
f 3998/3/5 4010/3/5 4009/3/5
f 4015/3/304 4012/3/304 4011/3/304
f 4001/3/5 3997/3/5 4009/3/5
f 4015/3/305 4013/3/305 4010/3/305
f 4013/4/302 4014/19/302 4009/3/302
f 4003/3/304 4007/3/304 4008/3/304
f 4019/20/582 4020/24/582 4018/21/582
f 4021/23/308 4022/26/308 4020/24/308
f 4016/3/309 4011/3/309 4009/3/309
f 4002/3/5 4001/3/5 4011/3/5
f 4004/3/310 4008/3/310 4006/3/310
f 4023/25/311 4024/28/311 4022/26/311
f 4025/27/312 4026/30/312 4024/28/312
f 4027/29/313 4028/32/313 4026/30/313
f 4029/31/314 4030/34/314 4028/32/314
f 4031/33/315 4032/36/315 4030/34/315
f 4033/35/316 4034/38/316 4032/36/316
f 4035/37/317 4036/40/317 4034/38/317
f 4037/39/164 4038/42/164 4036/40/164
f 4039/41/319 4040/44/319 4038/42/319
f 4041/43/320 4042/46/320 4040/44/320
f 4043/45/321 4044/48/321 4042/46/321
f 4045/47/322 4046/50/322 4044/48/322
f 4047/49/461 4048/52/461 4046/50/461
f 4017/51/579 4018/67/579 4048/52/579
f 4060/5/917 4059/7/917 4055/6/917
f 4053/8/918 4054/9/918 4059/7/918
f 4055/6/327 4057/17/327 4058/12/327
f 4066/12/328 4065/17/328 4063/6/328
f 4068/5/919 4064/10/919 4063/6/919
f 4061/8/330 4068/11/330 4067/7/330
f 4057/3/331 4052/3/331 4051/3/331
f 4055/6/685 4059/7/685 4067/7/685
f 4070/14/333 4072/16/333 4062/13/333
f 4062/13/304 4072/16/304 4071/15/304
f 4060/5/335 4056/10/335 4064/10/335
f 4057/17/336 4055/6/336 4063/6/336
f 4056/10/337 4058/12/337 4066/12/337
f 4051/3/338 4050/3/338 4066/3/338
f 4052/3/339 4057/3/339 4065/3/339
f 4054/9/340 4062/9/340 4067/7/340
f 4069/18/341 4053/8/341 4061/8/341
f 4050/3/342 4049/3/342 4065/3/342
f 4060/11/343 4068/11/343 4061/8/343
f 4054/13/920 4053/8/920 4069/18/920
f 4008/3/5 4007/3/5 4005/3/5
f 4015/3/1 4016/3/1 4014/3/1
f 4073/53/5 4076/54/5 4084/54/5
f 4074/56/5 4082/56/5 4083/55/5
f 4085/58/49 4087/68/49 4073/57/49
f 4087/42/344 4088/59/344 4076/54/344
f 4088/59/41 4086/39/41 4075/55/41
f 4086/39/345 4085/58/345 4074/56/345
f 4078/60/49 4079/61/49 4082/56/49
f 4079/61/345 4080/31/345 4083/55/345
f 4080/31/41 4081/62/41 4084/54/41
f 4081/62/344 4078/34/344 4077/53/344
f 4074/56/5 4073/57/5 4077/57/5
f 4078/63/1 4081/62/1 4080/31/1
f 4075/55/5 4083/55/5 4084/54/5
f 4088/3/5 4087/3/5 4085/3/5
f 4095/2/1 4099/2/1 4100/1/1
f 4095/3/2 4101/3/2 4103/3/2
f 4111/3/8 4108/3/8 4107/3/8
f 4112/3/4 4107/3/4 4105/3/4
f 4094/3/5 4106/3/5 4105/3/5
f 4100/3/6 4104/3/6 4102/3/6
f 4097/3/5 4093/3/5 4105/3/5
f 4098/3/5 4097/3/5 4107/3/5
f 4111/3/7 4109/3/7 4106/3/7
f 4109/4/3 4110/19/3 4105/3/3
f 4099/3/8 4103/3/8 4104/3/8
f 4120/5/921 4119/7/921 4115/6/921
f 4113/8/922 4114/9/922 4119/7/922
f 4128/5/869 4124/10/869 4123/6/869
f 4121/8/348 4128/11/348 4127/7/348
f 4126/12/14 4125/17/14 4123/6/14
f 4115/6/13 4117/17/13 4118/12/13
f 4115/6/15 4119/7/15 4127/7/15
f 4130/14/16 4132/16/16 4122/13/16
f 4122/13/8 4132/16/8 4131/15/8
f 4117/3/21 3408/3/21 3407/3/21
f 3408/3/18 4117/3/18 4125/3/18
f 4102/3/5 4104/3/5 4103/3/5
f 4111/3/1 4112/3/1 4110/3/1
f 3407/3/19 3406/3/19 4126/3/19
f 4117/17/20 4115/6/20 4123/6/20
f 4114/13/3 4113/8/3 4129/18/3
f 3406/3/17 3405/3/17 4125/3/17
f 4120/11/22 4128/11/22 4121/8/22
f 4129/18/23 4113/8/23 4121/8/23
f 4118/12/24 4126/12/24 4124/10/24
f 4120/5/25 4116/10/25 4124/10/25
f 4114/9/26 4122/9/26 4127/7/26
f 4095/2/3 4096/1/3 4102/19/3
f 4094/3/5 4098/3/5 4108/3/5
f 4138/3/5 4150/3/5 4154/3/5
f 4146/19/636 4140/1/636 4139/2/636
f 4149/3/5 4150/3/5 4138/3/5
f 4153/3/353 4154/3/353 4157/3/353
f 4141/3/5 4153/3/5 4149/3/5
f 4157/3/354 4154/3/354 4150/3/354
f 4149/3/352 4156/19/352 4155/4/352
f 4148/3/353 4147/3/353 4143/3/353
f 4160/21/356 4162/24/356 4161/20/356
f 4162/24/357 4164/26/357 4163/23/357
f 4149/3/298 4153/3/298 4158/3/298
f 4135/3/1 4091/3/1 4089/3/1
f 4142/3/5 4154/3/5 4153/3/5
f 4164/26/358 4166/28/358 4165/25/358
f 4166/28/243 4168/30/243 4167/27/243
f 4168/30/359 4170/32/359 4169/29/359
f 4170/32/360 4172/34/360 4171/31/360
f 4172/34/95 4174/36/95 4173/33/95
f 4174/36/255 4176/38/255 4175/35/255
f 4176/38/361 4178/40/361 4177/37/361
f 4178/40/253 4180/42/253 4179/39/253
f 4180/42/362 4182/44/362 4181/41/362
f 4182/44/363 4184/46/363 4183/43/363
f 4184/46/364 4186/48/364 4185/45/364
f 4186/48/365 4188/50/365 4187/47/365
f 4188/50/93 4190/52/93 4189/49/93
f 4190/52/366 4160/67/366 4159/51/366
f 4212/5/923 4208/10/923 4207/6/923
f 4197/8/924 4212/11/924 4211/7/924
f 4210/12/925 4209/17/925 4207/6/925
f 4225/3/370 4218/3/370 4217/3/370
f 4220/3/301 4226/3/301 4217/3/301
f 4221/6/371 4223/17/371 4224/12/371
f 4244/5/372 4243/7/372 4221/6/372
f 4213/8/926 4214/9/926 4243/7/926
f 4193/3/374 4194/3/374 4209/3/374
f 4152/3/5 4216/3/5 4215/3/5
f 4207/6/375 4221/6/375 4243/7/375
f 4214/13/376 4248/16/376 4246/14/376
f 4214/13/353 4213/8/353 4247/15/353
f 4212/5/377 4244/5/377 4222/10/377
f 4199/3/5 4151/3/5 4215/3/5
f 4200/3/5 4199/3/5 4217/3/5
f 4209/17/378 4223/17/378 4221/6/378
f 4225/3/376 4219/3/376 4216/3/376
f 4222/10/379 4224/12/379 4210/12/379
f 4194/3/380 4191/3/380 4223/3/380
f 4243/7/381 4214/9/381 4198/9/381
f 4245/18/927 4247/15/927 4213/8/927
f 4219/4/383 4220/19/383 4215/3/383
f 4223/3/928 4191/3/928 4192/3/928
f 4201/3/370 4205/3/370 4206/3/370
f 4213/8/386 4244/11/386 4212/11/386
f 4198/13/352 4246/14/352 4245/18/352
f 4234/5/387 4233/7/387 4229/6/387
f 4227/8/929 4228/9/929 4233/7/929
f 4242/5/930 4238/10/930 4237/6/930
f 4235/8/931 4242/11/931 4241/7/931
f 4240/12/932 4239/17/932 4237/6/932
f 4229/6/392 4231/17/392 4232/12/392
f 4229/6/853 4233/7/853 4241/7/853
f 4266/14/354 4268/16/354 4236/13/354
f 4236/13/370 4268/16/370 4267/15/370
f 4231/3/394 4194/3/394 4193/3/394
f 4194/3/395 4231/3/395 4239/3/395
f 4204/3/5 4206/3/5 4205/3/5
f 4225/3/1 4226/3/1 4220/3/1
f 4231/17/396 4229/6/396 4237/6/396
f 4228/13/383 4227/8/383 4265/18/383
f 4192/3/397 4191/3/397 4239/3/397
f 4234/11/933 4242/11/933 4235/8/933
f 4265/18/934 4227/8/934 4235/8/934
f 4232/12/400 4240/12/400 4238/10/400
f 4234/5/401 4230/10/401 4238/10/401
f 4228/9/402 4236/9/402 4241/7/402
f 4195/2/626 4196/1/626 4204/19/626
f 4145/3/5 4147/3/5 4148/3/5
f 4156/3/1 4158/3/1 4157/3/1
f 4134/3/244 4133/3/244 4089/3/244
f 4249/53/5 4252/54/5 4260/54/5
f 4251/55/5 4250/56/5 4258/56/5
f 4261/58/345 4263/68/345 4249/57/345
f 4263/42/49 4264/59/49 4252/54/49
f 4264/59/344 4262/39/344 4251/55/344
f 4262/39/41 4261/58/41 4250/56/41
f 4254/60/345 4255/61/345 4258/56/345
f 4255/61/41 4256/31/41 4259/55/41
f 4256/31/344 4257/62/344 4260/54/344
f 4257/62/49 4254/34/49 4253/53/49
f 4250/56/5 4249/57/5 4253/57/5
f 4254/63/1 4257/62/1 4256/31/1
f 4252/54/5 4251/55/5 4259/55/5
f 4200/3/5 4218/3/5 4216/3/5
f 4136/3/262 4092/3/262 4091/3/262
f 4134/3/5 4090/3/5 4092/3/5
f 4264/3/5 4263/3/5 4261/3/5
f 4331/2/1 4337/2/1 4338/1/1
f 4274/3/5 4286/3/5 4290/3/5
f 4282/19/408 4276/1/408 4275/2/408
f 4331/3/404 4339/3/404 4341/3/404
f 4280/1/1 4279/2/1 4275/2/1
f 4279/3/405 4283/3/405 4281/3/405
f 4285/3/5 4286/3/5 4274/3/5
f 4289/3/406 4290/3/406 4293/3/406
f 4277/3/5 4289/3/5 4285/3/5
f 4293/3/407 4290/3/407 4286/3/407
f 4285/3/408 4292/19/408 4291/4/408
f 4284/3/406 4283/3/406 4279/3/406
f 4296/21/410 4298/24/410 4297/20/410
f 4298/24/178 4300/26/178 4299/23/178
f 4292/3/233 4285/3/233 4289/3/233
f 4271/3/1 4135/3/1 4133/3/1
f 4278/3/5 4290/3/5 4289/3/5
f 4282/3/411 4284/3/411 4280/3/411
f 4300/26/175 4302/28/175 4301/25/175
f 4304/30/412 4306/32/412 4305/29/412
f 4306/32/413 4308/34/413 4307/31/413
f 4308/34/189 4310/36/189 4309/33/189
f 4310/36/188 4312/38/188 4311/35/188
f 4312/38/414 4314/40/414 4313/37/414
f 4314/40/186 4316/42/186 4315/39/186
f 4316/42/415 4318/44/415 4317/41/415
f 4318/44/416 4320/46/416 4319/43/416
f 4320/46/417 4322/48/417 4321/45/417
f 4322/48/182 4324/50/182 4323/47/182
f 4324/50/418 4326/52/418 4325/49/418
f 4326/52/419 4296/67/419 4295/51/419
f 4348/5/420 4344/10/420 4343/6/420
f 4333/8/935 4348/11/935 4347/7/935
f 4346/12/982 4345/17/982 4343/6/982
f 4361/3/448 4354/3/448 4353/3/448
f 4362/3/236 4353/3/236 4351/3/236
f 4357/6/859 4359/17/859 4360/12/859
f 4380/5/425 4379/7/425 4357/6/425
f 4349/8/426 4350/9/426 4379/7/426
f 4329/3/653 4330/3/653 4345/3/653
f 4288/3/5 4352/3/5 4351/3/5
f 4338/3/428 4342/3/428 4340/3/428
f 4343/6/652 4357/6/652 4379/7/652
f 4350/13/430 4384/16/430 4382/14/430
f 4350/13/936 4349/8/936 4383/15/936
f 4348/5/431 4380/5/431 4358/10/431
f 4335/3/5 4287/3/5 4351/3/5
f 4336/3/5 4335/3/5 4353/3/5
f 4345/17/432 4359/17/432 4357/6/432
f 4361/3/430 4355/3/430 4352/3/430
f 4358/10/433 4360/12/433 4346/12/433
f 4360/3/434 4328/3/434 4329/3/434
f 4330/3/435 4327/3/435 4359/3/435
f 4379/7/436 4350/9/436 4334/9/436
f 4381/18/437 4383/15/437 4349/8/437
f 4355/4/438 4356/19/438 4351/3/438
f 4359/3/439 4327/3/439 4328/3/439
f 4337/3/448 4341/3/448 4342/3/448
f 4349/8/440 4380/11/440 4348/11/440
f 4334/13/403 4382/14/403 4381/18/403
f 4370/5/441 4369/7/441 4365/6/441
f 4363/8/937 4364/9/937 4369/7/937
f 4378/5/643 4374/10/643 4373/6/643
f 4371/8/938 4378/11/938 4377/7/938
f 4376/12/939 4375/17/939 4373/6/939
f 4365/6/864 4367/17/864 4368/12/864
f 4365/6/647 4369/7/647 4377/7/647
f 4402/14/407 4404/16/407 4372/13/407
f 4372/13/448 4404/16/448 4403/15/448
f 4367/3/449 4330/3/449 4329/3/449
f 4330/3/450 4367/3/450 4375/3/450
f 4342/3/5 4341/3/5 4339/3/5
f 4361/3/1 4362/3/1 4356/3/1
f 4329/3/451 4328/3/451 4376/3/451
f 4367/17/452 4365/6/452 4373/6/452
f 4364/13/438 4363/8/438 4401/18/438
f 4328/3/453 4327/3/453 4375/3/453
f 4370/11/454 4378/11/454 4371/8/454
f 4401/18/941 4363/8/941 4371/8/941
f 4368/12/456 4376/12/456 4374/10/456
f 4366/10/457 4374/10/457 4378/5/457
f 4364/9/458 4372/9/458 4377/7/458
f 4331/2/639 4332/1/639 4340/19/639
f 4282/3/5 4281/3/5 4283/3/5
f 4292/3/1 4294/3/1 4293/3/1
f 4270/3/176 4269/3/176 4133/3/176
f 4385/53/5 4388/54/5 4396/54/5
f 4387/55/5 4386/56/5 4394/56/5
f 4397/58/461 4399/68/461 4385/57/461
f 4399/42/460 4400/59/460 4388/54/460
f 4400/59/459 4398/39/459 4387/55/459
f 4398/39/462 4397/58/462 4386/56/462
f 4390/60/461 4391/61/461 4394/56/461
f 4391/61/462 4392/31/462 4395/55/462
f 4392/31/459 4393/62/459 4396/54/459
f 4393/62/460 4390/34/460 4389/53/460
f 4385/57/5 4389/57/5 4394/56/5
f 4390/63/1 4393/62/1 4392/31/1
f 4388/54/5 4387/55/5 4395/55/5
f 4288/3/5 4336/3/5 4354/3/5
f 4272/3/196 4136/3/196 4135/3/196
f 4272/3/5 4270/3/5 4134/3/5
f 4400/3/5 4399/3/5 4397/3/5
f 4467/2/1 4473/2/1 4474/1/1
f 4410/3/5 4422/3/5 4426/3/5
f 4418/19/663 4412/1/663 4411/2/663
f 4467/3/464 4475/3/464 4477/3/464
f 4412/1/1 4416/1/1 4415/2/1
f 4419/3/465 4417/3/465 4411/3/465
f 4421/3/5 4422/3/5 4410/3/5
f 4425/3/466 4426/3/466 4429/3/466
f 4413/3/5 4425/3/5 4421/3/5
f 4429/3/467 4426/3/467 4422/3/467
f 4421/3/463 4428/19/463 4427/4/463
f 4420/3/489 4419/3/489 4415/3/489
f 4432/21/109 4434/24/109 4433/20/109
f 4434/24/108 4436/26/108 4435/23/108
f 4421/3/163 4425/3/163 4430/3/163
f 4407/3/1 4271/3/1 4269/3/1
f 4414/3/5 4426/3/5 4425/3/5
f 4418/3/468 4420/3/468 4416/3/468
f 4436/26/105 4438/28/105 4437/25/105
f 4438/28/469 4440/30/469 4439/27/469
f 4440/30/470 4442/32/470 4441/29/470
f 4442/32/471 4444/34/471 4443/31/471
f 4444/34/119 4446/36/119 4445/33/119
f 4446/36/472 4448/38/472 4447/35/472
f 4448/38/473 4450/40/473 4449/37/473
f 4450/40/474 4452/42/474 4451/39/474
f 4452/42/115 4454/44/115 4453/41/115
f 4454/44/475 4456/46/475 4455/43/475
f 4456/46/113 4458/48/113 4457/45/113
f 4458/48/112 4460/50/112 4459/47/112
f 4460/50/111 4462/52/111 4461/49/111
f 4462/52/942 4432/67/942 4431/51/942
f 4484/5/478 4480/10/478 4479/6/478
f 4469/8/943 4484/11/943 4483/7/943
f 4482/12/944 4481/17/944 4479/6/944
f 4497/3/481 4490/3/481 4489/3/481
f 4492/3/168 4498/3/168 4489/3/168
f 4493/6/945 4495/17/945 4496/12/945
f 4516/5/946 4515/7/946 4493/6/946
f 4485/8/947 4486/9/947 4515/7/947
f 4465/3/485 4466/3/485 4481/3/485
f 4424/3/5 4488/3/5 4487/3/5
f 4474/3/486 4478/3/486 4476/3/486
f 4479/6/487 4493/6/487 4515/7/487
f 4486/13/488 4520/16/488 4518/14/488
f 4486/13/489 4485/8/489 4519/15/489
f 4484/5/490 4516/5/490 4494/10/490
f 4471/3/5 4423/3/5 4487/3/5
f 4472/3/5 4471/3/5 4489/3/5
f 4481/17/491 4495/17/491 4493/6/491
f 4497/3/488 4491/3/488 4488/3/488
f 4494/10/492 4496/12/492 4482/12/492
f 4496/3/493 4464/3/493 4465/3/493
f 4466/3/494 4463/3/494 4495/3/494
f 4515/7/668 4486/9/668 4470/9/668
f 4517/18/667 4519/15/667 4485/8/667
f 4491/4/655 4492/19/655 4487/3/655
f 4495/3/498 4463/3/498 4464/3/498
f 4473/3/481 4477/3/481 4478/3/481
f 4485/8/500 4516/11/500 4484/11/500
f 4470/13/463 4518/14/463 4517/18/463
f 4506/5/501 4505/7/501 4501/6/501
f 4499/8/948 4500/9/948 4505/7/948
f 4514/5/503 4510/10/503 4509/6/503
f 4507/8/504 4514/11/504 4513/7/504
f 4512/12/949 4511/17/949 4509/6/949
f 4501/6/506 4503/17/506 4504/12/506
f 4501/6/507 4505/7/507 4513/7/507
f 4538/14/467 4540/16/467 4508/13/467
f 4508/13/481 4540/16/481 4539/15/481
f 4503/3/662 4466/3/662 4465/3/662
f 4466/3/510 4503/3/510 4511/3/510
f 4476/3/5 4478/3/5 4477/3/5
f 4491/3/1 4497/3/1 4498/3/1
f 4465/3/511 4464/3/511 4512/3/511
f 4503/17/512 4501/6/512 4509/6/512
f 4500/13/497 4499/8/497 4537/18/497
f 4464/3/513 4463/3/513 4511/3/513
f 4506/11/514 4514/11/514 4507/8/514
f 4537/18/661 4499/8/661 4507/8/661
f 4504/12/516 4512/12/516 4510/10/516
f 4506/5/517 4502/10/517 4510/10/517
f 4500/9/660 4508/9/660 4513/7/660
f 4467/2/655 4468/1/655 4476/19/655
f 4417/3/5 4419/3/5 4420/3/5
f 4427/3/1 4428/3/1 4430/3/1
f 4406/3/106 4405/3/106 4269/3/106
f 4521/53/5 4524/54/5 4532/54/5
f 4522/56/5 4530/56/5 4531/55/5
f 4533/58/256 4535/68/256 4521/57/256
f 4535/42/253 4536/59/253 4524/54/253
f 4536/59/250 4534/39/250 4523/55/250
f 4534/39/357 4533/58/357 4522/56/357
f 4526/60/256 4527/61/256 4530/56/256
f 4527/61/357 4528/31/357 4531/55/357
f 4528/31/250 4529/62/250 4532/54/250
f 4529/62/253 4526/34/253 4525/53/253
f 4521/57/5 4525/57/5 4530/56/5
f 4527/23/1 4526/63/1 4529/62/1
f 4524/54/5 4523/55/5 4531/55/5
f 4472/3/5 4490/3/5 4488/3/5
f 4408/3/126 4272/3/126 4271/3/126
f 4408/3/5 4406/3/5 4270/3/5
f 4536/3/5 4535/3/5 4533/3/5
f 4603/2/1 4609/2/1 4610/1/1
f 4546/3/5 4558/3/5 4562/3/5
f 4554/19/950 4548/1/950 4547/2/950
f 4609/3/520 4603/3/520 4611/3/520
f 4552/1/1 4551/2/1 4547/2/1
f 4555/3/521 4553/3/521 4547/3/521
f 4557/3/5 4558/3/5 4546/3/5
f 4561/3/522 4562/3/522 4565/3/522
f 4549/3/5 4561/3/5 4557/3/5
f 4565/3/523 4562/3/523 4558/3/523
f 4557/3/519 4564/19/519 4563/4/519
f 4556/3/522 4555/3/522 4551/3/522
f 4568/21/38 4570/24/38 4569/20/38
f 4570/24/345 4572/26/345 4571/23/345
f 4557/3/91 4561/3/91 4566/3/91
f 4543/3/1 4407/3/1 4405/3/1
f 4550/3/5 4562/3/5 4561/3/5
f 4554/3/525 4556/3/525 4552/3/525
f 4572/26/951 4574/28/951 4573/25/951
f 4574/28/527 4576/30/527 4575/27/527
f 4576/30/528 4578/32/528 4577/29/528
f 4578/32/529 4580/34/529 4579/31/529
f 4580/34/234 4582/36/234 4581/33/234
f 4582/36/530 4584/38/530 4583/35/530
f 4584/38/531 4586/40/531 4585/37/531
f 4586/40/344 4588/42/344 4587/39/344
f 4588/42/952 4590/44/952 4589/41/952
f 4590/44/532 4592/46/532 4591/43/532
f 4592/46/42 4594/48/42 4593/45/42
f 4594/48/41 4596/50/41 4595/47/41
f 4596/50/235 4598/52/235 4597/49/235
f 4598/52/533 4568/67/533 4567/51/533
f 4620/5/534 4616/10/534 4615/6/534
f 4605/8/953 4620/11/953 4619/7/953
f 4618/12/536 4617/17/536 4615/6/536
f 4633/3/537 4626/3/537 4625/3/537
f 4634/3/96 4625/3/96 4623/3/96
f 4629/6/954 4631/17/954 4632/12/954
f 4652/5/955 4651/7/955 4629/6/955
f 4621/8/956 4622/9/956 4651/7/956
f 4601/3/541 4602/3/541 4617/3/541
f 4560/3/5 4624/3/5 4623/3/5
f 4610/3/542 4614/3/542 4612/3/542
f 4615/6/957 4629/6/957 4651/7/957
f 4606/13/544 4622/13/544 4656/16/544
f 4622/13/522 4621/8/522 4655/15/522
f 4620/5/545 4652/5/545 4630/10/545
f 4607/3/5 4559/3/5 4623/3/5
f 4608/3/5 4607/3/5 4625/3/5
f 4617/17/546 4631/17/546 4629/6/546
f 4633/3/544 4627/3/544 4624/3/544
f 4630/10/547 4632/12/547 4618/12/547
f 4632/3/548 4600/3/548 4601/3/548
f 4602/3/549 4599/3/549 4631/3/549
f 4651/7/550 4622/9/550 4606/9/550
f 4653/18/958 4655/15/958 4621/8/958
f 4627/4/552 4628/19/552 4623/3/552
f 4631/3/553 4599/3/553 4600/3/553
f 4609/3/537 4613/3/537 4614/3/537
f 4621/8/555 4652/11/555 4620/11/555
f 4606/13/519 4654/14/519 4653/18/519
f 4642/5/959 4641/7/959 4637/6/959
f 4635/8/960 4636/9/960 4641/7/960
f 4650/5/558 4646/10/558 4645/6/558
f 4643/8/961 4650/11/961 4649/7/961
f 4648/12/560 4647/17/560 4645/6/560
f 4637/6/962 4639/17/962 4640/12/962
f 4637/6/963 4641/7/963 4649/7/963
f 4636/13/523 4674/14/523 4676/16/523
f 4644/13/537 4676/16/537 4675/15/537
f 4639/3/563 4602/3/563 4601/3/563
f 4602/3/564 4639/3/564 4647/3/564
f 4612/3/5 4614/3/5 4613/3/5
f 4633/3/1 4634/3/1 4628/3/1
f 4601/3/565 4600/3/565 4648/3/565
f 4639/17/566 4637/6/566 4645/6/566
f 4636/13/552 4635/8/552 4673/18/552
f 4600/3/567 4599/3/567 4647/3/567
f 4642/11/568 4650/11/568 4643/8/568
f 4673/18/965 4635/8/965 4643/8/965
f 4638/10/570 4640/12/570 4648/12/570
f 4642/5/571 4638/10/571 4646/10/571
f 4636/9/572 4644/9/572 4649/7/572
f 4603/2/669 4604/1/669 4612/19/669
f 4553/3/5 4555/3/5 4556/3/5
f 4564/3/1 4566/3/1 4565/3/1
f 4542/3/35 4541/3/35 4405/3/35
f 4657/53/5 4660/54/5 4668/54/5
f 4658/56/850 4666/56/850 4667/55/850
f 4669/58/413 4671/68/413 4657/57/413
f 4671/42/186 4672/59/186 4660/54/186
f 4672/59/573 4670/39/573 4659/55/573
f 4670/39/574 4669/58/574 4658/56/574
f 4662/60/413 4663/61/413 4666/56/413
f 4663/61/574 4664/31/574 4667/55/574
f 4664/31/573 4665/62/573 4668/54/573
f 4665/62/186 4662/34/186 4661/53/186
f 4658/56/5 4657/57/5 4661/57/5
f 4663/23/1 4662/63/1 4665/62/1
f 4659/55/5 4667/55/5 4668/54/5
f 4560/3/5 4608/3/5 4626/3/5
f 4544/3/55 4408/3/55 4407/3/55
f 4544/3/5 4542/3/5 4406/3/5
f 4672/3/5 4671/3/5 4669/3/5
f 4678/3/5 4690/3/5 4692/3/5
f 4686/19/575 4680/1/575 4679/2/575
f 4680/1/1 4684/1/1 4683/2/1
f 4687/3/576 4685/3/576 4679/3/576
f 4689/3/5 4690/3/5 4678/3/5
f 4691/3/577 4692/3/577 4695/3/577
f 4681/3/5 4691/3/5 4689/3/5
f 4695/3/333 4692/3/333 4690/3/333
f 4689/3/575 4694/19/575 4693/4/575
f 4688/3/577 4687/3/577 4683/3/577
f 4698/21/324 4700/24/324 4699/20/324
f 4700/24/323 4702/26/323 4701/23/323
f 4689/3/580 4691/3/580 4696/3/580
f 4682/3/5 4692/3/5 4691/3/5
f 4686/3/581 4688/3/581 4684/3/581
f 4702/26/322 4704/28/322 4703/25/322
f 4704/28/321 4706/30/321 4705/27/321
f 4706/30/320 4708/32/320 4707/29/320
f 4708/32/319 4710/34/319 4709/31/319
f 4710/34/318 4712/36/318 4711/33/318
f 4712/36/317 4714/38/317 4713/35/317
f 4714/38/316 4716/40/316 4715/37/316
f 4716/40/459 4718/42/459 4717/39/459
f 4718/42/314 4720/44/314 4719/41/314
f 4720/44/313 4722/46/313 4721/43/313
f 4722/46/312 4724/48/312 4723/45/312
f 4724/48/311 4726/50/311 4725/47/311
f 4726/50/166 4728/52/166 4727/49/166
f 4728/52/307 4698/67/307 4697/51/307
f 4736/5/966 4732/10/966 4731/6/966
f 4729/8/967 4736/11/967 4735/7/967
f 4734/12/585 4733/17/585 4731/6/585
f 4739/6/586 4741/17/586 4742/12/586
f 4744/5/968 4743/7/968 4739/6/968
f 4737/8/588 4738/9/588 4743/7/588
f 4051/3/589 4052/3/589 4733/3/589
f 4731/6/747 4739/6/747 4743/7/747
f 4738/13/305 4748/16/305 4746/14/305
f 4738/13/969 4737/8/969 4747/15/969
f 4736/5/591 4744/5/591 4740/10/591
f 4733/17/592 4741/17/592 4739/6/592
f 4732/10/593 4740/10/593 4742/12/593
f 4742/3/594 4050/3/594 4051/3/594
f 4052/3/595 4049/3/595 4741/3/595
f 4743/7/596 4738/9/596 4730/9/596
f 4745/18/597 4747/15/597 4737/8/597
f 4741/3/598 4049/3/598 4050/3/598
f 4737/8/599 4744/11/599 4736/11/599
f 4730/13/575 4746/14/575 4745/18/575
f 4685/3/5 4687/3/5 4688/3/5
f 4694/3/1 4696/3/1 4695/3/1
f 4749/53/848 4753/53/848 4760/54/848
f 4759/55/5 4758/56/5 4750/56/5
f 4749/57/93 4763/68/93 4761/58/93
f 4752/54/92 4764/59/92 4763/42/92
f 4751/55/95 4762/39/95 4764/59/95
f 4750/56/94 4761/58/94 4762/39/94
f 4758/56/93 4755/61/93 4754/60/93
f 4759/55/94 4756/31/94 4755/61/94
f 4760/54/95 4757/62/95 4756/31/95
f 4753/53/92 4754/34/92 4757/62/92
f 4750/56/5 4758/56/5 4753/57/5
f 4756/31/1 4757/62/1 4754/63/1
f 4760/54/5 4759/55/5 4751/55/5
f 4761/3/5 4763/3/5 4764/3/5
f 4541/3/601 4542/3/601 3862/3/601
f 4544/3/4 4543/3/4 3863/3/4
f 4542/3/5 4544/3/5 3864/3/5
f 3861/3/1 3863/3/1 4543/3/1
f 4771/2/1 4775/2/1 4776/1/1
f 4771/3/602 4777/3/602 4779/3/602
f 4787/3/603 4784/3/603 4783/3/603
f 4788/3/601 4783/3/601 4781/3/601
f 4770/3/5 4782/3/5 4781/3/5
f 4776/3/604 4780/3/604 4778/3/604
f 4773/3/5 4769/3/5 4781/3/5
f 4774/3/5 4773/3/5 4783/3/5
f 4787/3/16 4785/3/16 4782/3/16
f 4785/4/605 4786/19/605 4781/3/605
f 4775/3/603 4779/3/603 4780/3/603
f 4796/5/970 4795/7/970 4791/6/970
f 4789/8/971 4790/9/971 4795/7/971
f 4804/5/972 4800/10/972 4799/6/972
f 4797/8/609 4804/11/609 4803/7/609
f 4802/12/610 4801/17/610 4799/6/610
f 4791/6/611 4793/17/611 4794/12/611
f 4791/6/689 4795/7/689 4803/7/689
f 4806/14/7 4808/16/7 4798/13/7
f 4798/13/603 4808/16/603 4807/15/603
f 4793/3/614 3404/3/614 3403/3/614
f 3404/3/615 4793/3/615 4801/3/615
f 4778/3/5 4780/3/5 4779/3/5
f 4787/3/1 4788/3/1 4786/3/1
f 3403/3/616 3402/3/616 4802/3/616
f 4793/17/617 4791/6/617 4799/6/617
f 4790/13/605 4789/8/605 4805/18/605
f 3402/3/618 3401/3/618 4801/3/618
f 4796/11/619 4804/11/619 4797/8/619
f 4805/18/690 4789/8/690 4797/8/690
f 4794/12/621 4802/12/621 4800/10/621
f 4796/5/622 4792/10/622 4800/10/622
f 4790/9/623 4798/9/623 4803/7/623
f 4771/2/605 4772/1/605 4778/19/605
f 4770/3/5 4774/3/5 4784/3/5
f 4871/2/1 4877/2/1 4878/1/1
f 4814/3/5 4826/3/5 4830/3/5
f 4822/19/385 4816/1/385 4815/2/385
f 4871/3/624 4879/3/624 4881/3/624
f 4816/1/1 4820/1/1 4819/2/1
f 4823/3/625 4821/3/625 4815/3/625
f 4825/3/5 4826/3/5 4814/3/5
f 4829/3/383 4830/3/383 4833/3/383
f 4817/3/5 4829/3/5 4825/3/5
f 4833/3/376 4830/3/376 4826/3/376
f 4825/3/370 4832/19/370 4831/4/370
f 4824/3/383 4823/3/383 4819/3/383
f 4836/21/361 4838/24/361 4837/20/361
f 4838/24/253 4840/26/253 4839/23/253
f 4825/3/301 4829/3/301 4834/3/301
f 4811/3/1 4767/3/1 4765/3/1
f 4818/3/5 4830/3/5 4829/3/5
f 4822/3/627 4824/3/627 4820/3/627
f 4840/26/628 4842/28/628 4841/25/628
f 4842/28/252 4844/30/252 4843/27/252
f 4844/30/364 4846/32/364 4845/29/364
f 4846/32/629 4848/34/629 4847/31/629
f 4848/34/93 4850/36/93 4849/33/93
f 4850/36/366 4852/38/366 4851/35/366
f 4852/38/356 4854/40/356 4853/37/356
f 4854/40/357 4856/42/357 4855/39/357
f 4856/42/630 4858/44/630 4857/41/630
f 4858/44/631 4860/46/631 4859/43/631
f 4860/46/359 4862/48/359 4861/45/359
f 4862/48/632 4864/50/632 4863/47/632
f 4864/50/95 4866/52/95 4865/49/95
f 4866/52/255 4836/67/255 4835/51/255
f 4888/5/973 4884/10/973 4883/6/973
f 4873/8/931 4888/11/931 4887/7/931
f 4886/12/932 4885/17/932 4883/6/932
f 4901/3/352 4894/3/352 4893/3/352
f 4896/3/298 4902/3/298 4893/3/298
f 4897/6/392 4899/17/392 4900/12/392
f 4920/5/387 4919/7/387 4897/6/387
f 4889/8/974 4890/9/974 4919/7/974
f 4869/3/397 4870/3/397 4885/3/397
f 4828/3/5 4892/3/5 4891/3/5
f 4878/3/634 4882/3/634 4880/3/634
f 4883/6/393 4897/6/393 4919/7/393
f 4890/13/354 4924/16/354 4922/14/354
f 4890/13/383 4889/8/383 4923/15/383
f 4888/5/401 4920/5/401 4898/10/401
f 4875/3/5 4827/3/5 4891/3/5
f 4876/3/5 4875/3/5 4893/3/5
f 4885/17/396 4899/17/396 4897/6/396
f 4901/3/354 4895/3/354 4892/3/354
f 4898/10/400 4900/12/400 4886/12/400
f 4900/3/635 4868/3/635 4869/3/635
f 4870/3/395 4867/3/395 4899/3/395
f 4919/7/402 4890/9/402 4874/9/402
f 4921/18/934 4923/15/934 4889/8/934
f 4895/4/353 4896/19/353 4891/3/353
f 4899/3/975 4867/3/975 4868/3/975
f 4877/3/352 4881/3/352 4882/3/352
f 4889/8/398 4920/11/398 4888/11/398
f 4874/13/370 4922/14/370 4921/18/370
f 4910/5/372 4909/7/372 4905/6/372
f 4903/8/976 4904/9/976 4909/7/976
f 4918/5/977 4914/10/977 4913/6/977
f 4911/8/924 4918/11/924 4917/7/924
f 4916/12/925 4915/17/925 4913/6/925
f 4905/6/371 4907/17/371 4908/12/371
f 4905/6/849 4909/7/849 4917/7/849
f 4942/14/376 4944/16/376 4912/13/376
f 4912/13/352 4944/16/352 4943/15/352
f 4907/3/384 4870/3/384 4869/3/384
f 4870/3/380 4907/3/380 4915/3/380
f 4880/3/5 4882/3/5 4881/3/5
f 4901/3/1 4902/3/1 4896/3/1
f 4869/3/638 4868/3/638 4916/3/638
f 4907/17/378 4905/6/378 4913/6/378
f 4904/13/353 4903/8/353 4941/18/353
f 4868/3/374 4867/3/374 4915/3/374
f 4910/11/978 4918/11/978 4911/8/978
f 4941/18/927 4903/8/927 4911/8/927
f 4908/12/379 4916/12/379 4914/10/379
f 4910/5/377 4906/10/377 4914/10/377
f 4904/9/381 4912/9/381 4917/7/381
f 4871/2/355 4872/1/355 4880/19/355
f 4821/3/5 4823/3/5 4824/3/5
f 4832/3/1 4834/3/1 4833/3/1
f 4810/3/262 4809/3/262 4765/3/262
f 4925/53/5 4928/54/5 4936/54/5
f 4927/55/5 4926/56/5 4934/56/5
f 4937/58/344 4939/68/344 4925/57/344
f 4939/42/41 4940/59/41 4928/54/41
f 4940/59/345 4938/39/345 4927/55/345
f 4938/39/49 4937/58/49 4926/56/49
f 4930/60/344 4931/61/344 4934/56/344
f 4931/61/49 4932/31/49 4935/55/49
f 4932/31/345 4933/62/345 4936/54/345
f 4933/62/41 4930/34/41 4929/53/41
f 4926/56/5 4925/57/5 4929/57/5
f 4930/63/1 4933/62/1 4932/31/1
f 4928/54/5 4927/55/5 4935/55/5
f 4876/3/5 4894/3/5 4892/3/5
f 4812/3/244 4768/3/244 4767/3/244
f 4810/3/5 4766/3/5 4768/3/5
f 4940/3/5 4939/3/5 4937/3/5
f 5007/2/1 5013/2/1 5014/1/1
f 4950/3/5 4962/3/5 4966/3/5
f 4958/19/423 4952/1/423 4951/2/423
f 5007/3/405 5015/3/405 5017/3/405
f 4956/1/1 4955/2/1 4951/2/1
f 4955/3/404 4959/3/404 4957/3/404
f 4961/3/5 4962/3/5 4950/3/5
f 4965/3/438 4966/3/438 4969/3/438
f 4953/3/5 4965/3/5 4961/3/5
f 4969/3/430 4966/3/430 4962/3/430
f 4961/3/423 4968/19/423 4967/4/423
f 4960/3/438 4959/3/438 4955/3/438
f 4972/21/414 4974/24/414 4973/20/414
f 4974/24/640 4976/26/640 4975/23/640
f 4968/3/236 4961/3/236 4965/3/236
f 4947/3/1 4811/3/1 4809/3/1
f 4954/3/5 4966/3/5 4965/3/5
f 4958/3/428 4960/3/428 4956/3/428
f 4976/26/185 4978/28/185 4977/25/185
f 4978/28/979 4980/30/979 4979/27/979
f 4980/30/417 4982/32/417 4981/29/417
f 4982/32/573 4984/34/573 4983/31/573
f 4984/34/418 4986/36/418 4985/33/418
f 4986/36/419 4988/38/419 4987/35/419
f 4988/38/410 4990/40/410 4989/37/410
f 4990/40/574 4992/42/574 4991/39/574
f 4992/42/641 4994/44/641 4993/41/641
f 4994/44/642 4996/46/642 4995/43/642
f 4996/46/412 4998/48/412 4997/45/412
f 4998/48/190 5000/50/190 4999/47/190
f 5000/50/189 5002/52/189 5001/49/189
f 5002/52/188 4972/67/188 4971/51/188
f 5024/5/643 5020/10/643 5019/6/643
f 5009/8/938 5024/11/938 5023/7/938
f 5022/12/939 5021/17/939 5019/6/939
f 5037/3/403 5030/3/403 5029/3/403
f 5038/3/233 5029/3/233 5027/3/233
f 5033/6/864 5035/17/864 5036/12/864
f 5056/5/441 5055/7/441 5033/6/441
f 5025/8/645 5026/9/645 5055/7/645
f 5005/3/453 5006/3/453 5021/3/453
f 4964/3/5 5028/3/5 5027/3/5
f 5014/3/411 5018/3/411 5016/3/411
f 5019/6/447 5033/6/447 5055/7/447
f 5026/13/407 5060/16/407 5058/14/407
f 5026/13/980 5025/8/980 5059/15/980
f 5024/5/457 5056/5/457 5034/10/457
f 5011/3/5 4963/3/5 5027/3/5
f 5012/3/5 5011/3/5 5029/3/5
f 5021/17/452 5035/17/452 5033/6/452
f 5037/3/407 5031/3/407 5028/3/407
f 5034/10/456 5036/12/456 5022/12/456
f 5036/3/451 5004/3/451 5005/3/451
f 5006/3/450 5003/3/450 5035/3/450
f 5055/7/648 5026/9/648 5010/9/648
f 5057/18/455 5059/15/455 5025/8/455
f 5031/4/406 5032/19/406 5027/3/406
f 5035/3/449 5003/3/449 5004/3/449
f 5013/3/403 5017/3/403 5018/3/403
f 5025/8/454 5056/11/454 5024/11/454
f 5010/13/448 5058/14/448 5057/18/448
f 5046/5/425 5045/7/425 5041/6/425
f 5039/8/981 5040/9/981 5045/7/981
f 5054/5/420 5050/10/420 5049/6/420
f 5047/8/935 5054/11/935 5053/7/935
f 5052/12/982 5051/17/982 5049/6/982
f 5041/6/859 5043/17/859 5044/12/859
f 5041/6/429 5045/7/429 5053/7/429
f 5078/14/430 5080/16/430 5048/13/430
f 5048/13/403 5080/16/403 5079/15/403
f 5043/3/439 5006/3/439 5005/3/439
f 5006/3/435 5043/3/435 5051/3/435
f 5018/3/5 5017/3/5 5015/3/5
f 5037/3/1 5038/3/1 5032/3/1
f 5005/3/434 5004/3/434 5052/3/434
f 5043/17/432 5041/6/432 5049/6/432
f 5040/13/406 5039/8/406 5077/18/406
f 5004/3/653 5003/3/653 5051/3/653
f 5046/11/440 5054/11/440 5047/8/440
f 5077/18/984 5039/8/984 5047/8/984
f 5044/12/433 5052/12/433 5050/10/433
f 5042/10/431 5050/10/431 5054/5/431
f 5040/9/654 5048/9/654 5053/7/654
f 5007/2/409 5008/1/409 5016/19/409
f 4958/3/5 4957/3/5 4959/3/5
f 4968/3/1 4970/3/1 4969/3/1
f 4946/3/196 4945/3/196 4809/3/196
f 5061/53/5 5064/54/5 5072/54/5
f 5063/55/5 5062/56/5 5070/56/5
f 5073/58/459 5075/68/459 5061/57/459
f 5075/42/462 5076/59/462 5064/54/462
f 5076/59/461 5074/39/461 5063/55/461
f 5074/39/460 5073/58/460 5062/56/460
f 5066/60/459 5067/61/459 5070/56/459
f 5067/61/460 5068/31/460 5071/55/460
f 5068/31/461 5069/62/461 5072/54/461
f 5069/62/462 5066/34/462 5065/53/462
f 5061/57/5 5065/57/5 5070/56/5
f 5066/63/1 5069/62/1 5068/31/1
f 5064/54/5 5063/55/5 5071/55/5
f 4964/3/5 5012/3/5 5030/3/5
f 4948/3/176 4812/3/176 4811/3/176
f 4948/3/5 4946/3/5 4810/3/5
f 5076/3/5 5075/3/5 5073/3/5
f 5143/2/1 5149/2/1 5150/1/1
f 5086/3/5 5098/3/5 5102/3/5
f 5094/19/499 5088/1/499 5087/2/499
f 5143/3/465 5151/3/465 5153/3/465
f 5088/1/1 5092/1/1 5091/2/1
f 5095/3/464 5093/3/464 5087/3/464
f 5097/3/5 5098/3/5 5086/3/5
f 5101/3/655 5102/3/655 5105/3/655
f 5089/3/5 5101/3/5 5097/3/5
f 5105/3/488 5102/3/488 5098/3/488
f 5097/3/481 5104/19/481 5103/4/481
f 5096/3/497 5095/3/497 5091/3/497
f 5108/21/473 5110/24/473 5109/20/473
f 5110/24/474 5112/26/474 5111/23/474
f 5097/3/168 5101/3/168 5106/3/168
f 5083/3/1 4947/3/1 4945/3/1
f 5090/3/5 5102/3/5 5101/3/5
f 5094/3/486 5096/3/486 5092/3/486
f 5112/26/656 5114/28/656 5113/25/656
f 5114/28/475 5116/30/475 5115/27/475
f 5116/30/657 5118/32/657 5117/29/657
f 5118/32/658 5120/34/658 5119/31/658
f 5120/34/476 5122/36/476 5121/33/476
f 5122/36/477 5124/38/477 5123/35/477
f 5124/38/109 5126/40/109 5125/37/109
f 5126/40/108 5128/42/108 5127/39/108
f 5128/42/300 5130/44/300 5129/41/300
f 5130/44/469 5132/46/469 5131/43/469
f 5132/46/121 5134/48/121 5133/45/121
f 5134/48/120 5136/50/120 5135/47/120
f 5136/50/299 5138/52/299 5137/49/299
f 5138/52/985 5108/67/985 5107/51/985
f 5160/5/503 5156/10/503 5155/6/503
f 5145/8/986 5160/11/986 5159/7/986
f 5158/12/949 5157/17/949 5155/6/949
f 5173/3/463 5166/3/463 5165/3/463
f 5168/3/163 5174/3/163 5165/3/163
f 5169/6/987 5171/17/987 5172/12/987
f 5192/5/988 5191/7/988 5169/6/988
f 5161/8/989 5162/9/989 5191/7/989
f 5141/3/513 5142/3/513 5157/3/513
f 5100/3/5 5164/3/5 5163/3/5
f 5150/3/468 5154/3/468 5152/3/468
f 5155/6/507 5169/6/507 5191/7/507
f 5162/13/467 5196/16/467 5194/14/467
f 5162/13/497 5161/8/497 5195/15/497
f 5160/5/517 5192/5/517 5170/10/517
f 5147/3/5 5099/3/5 5163/3/5
f 5148/3/5 5147/3/5 5165/3/5
f 5157/17/512 5171/17/512 5169/6/512
f 5173/3/467 5167/3/467 5164/3/467
f 5170/10/516 5172/12/516 5158/12/516
f 5172/3/511 5140/3/511 5141/3/511
f 5142/3/510 5139/3/510 5171/3/510
f 5191/7/518 5162/9/518 5146/9/518
f 5193/18/515 5195/15/515 5161/8/515
f 5167/4/466 5168/19/466 5163/3/466
f 5171/3/662 5139/3/662 5140/3/662
f 5149/3/463 5153/3/463 5154/3/463
f 5161/8/514 5192/11/514 5160/11/514
f 5146/13/481 5194/14/481 5193/18/481
f 5182/5/483 5181/7/483 5177/6/483
f 5175/8/990 5176/9/990 5181/7/990
f 5190/5/478 5186/10/478 5185/6/478
f 5183/8/664 5190/11/664 5189/7/664
f 5188/12/944 5187/17/944 5185/6/944
f 5177/6/482 5179/17/482 5180/12/482
f 5177/6/487 5181/7/487 5189/7/487
f 5214/14/488 5216/16/488 5184/13/488
f 5184/13/463 5216/16/463 5215/15/463
f 5179/3/498 5142/3/498 5141/3/498
f 5142/3/494 5179/3/494 5187/3/494
f 5152/3/5 5154/3/5 5153/3/5
f 5167/3/1 5173/3/1 5174/3/1
f 5141/3/493 5140/3/493 5188/3/493
f 5179/17/491 5177/6/491 5185/6/491
f 5176/13/489 5175/8/489 5213/18/489
f 5140/3/485 5139/3/485 5187/3/485
f 5182/11/500 5190/11/500 5183/8/500
f 5213/18/496 5175/8/496 5183/8/496
f 5180/12/492 5188/12/492 5186/10/492
f 5182/5/490 5178/10/490 5186/10/490
f 5176/9/495 5184/9/495 5189/7/495
f 5143/2/466 5144/1/466 5152/19/466
f 5093/3/5 5095/3/5 5096/3/5
f 5103/3/1 5104/3/1 5106/3/1
f 5082/3/126 5081/3/126 4945/3/126
f 5197/53/5 5200/54/5 5208/54/5
f 5198/56/5 5206/56/5 5207/55/5
f 5209/58/250 5211/68/250 5197/57/250
f 5211/42/357 5212/59/357 5200/54/357
f 5212/59/256 5210/39/256 5199/55/256
f 5210/39/253 5209/58/253 5198/56/253
f 5202/60/250 5203/61/250 5206/56/250
f 5203/61/253 5204/31/253 5207/55/253
f 5204/31/256 5205/62/256 5208/54/256
f 5205/62/357 5202/34/357 5201/53/357
f 5197/57/5 5201/57/5 5206/56/5
f 5203/23/1 5202/63/1 5205/62/1
f 5200/54/5 5199/55/5 5207/55/5
f 5148/3/5 5166/3/5 5164/3/5
f 5084/3/106 4948/3/106 4947/3/106
f 5084/3/5 5082/3/5 4946/3/5
f 5212/3/5 5211/3/5 5209/3/5
f 5279/2/1 5285/2/1 5286/1/1
f 5222/3/5 5234/3/5 5238/3/5
f 5230/19/991 5224/1/991 5223/2/991
f 5285/3/521 5279/3/521 5287/3/521
f 5228/1/1 5227/2/1 5223/2/1
f 5231/3/520 5229/3/520 5223/3/520
f 5233/3/5 5234/3/5 5222/3/5
f 5237/3/552 5238/3/552 5241/3/552
f 5225/3/5 5237/3/5 5233/3/5
f 5241/3/544 5238/3/544 5234/3/544
f 5233/3/537 5240/19/537 5239/4/537
f 5232/3/552 5231/3/552 5227/3/552
f 5244/21/531 5246/24/531 5245/20/531
f 5246/24/344 5248/26/344 5247/23/344
f 5233/3/96 5237/3/96 5242/3/96
f 5219/3/1 5083/3/1 5081/3/1
f 5226/3/5 5238/3/5 5237/3/5
f 5230/3/542 5232/3/542 5228/3/542
f 5248/26/992 5250/28/992 5249/25/992
f 5250/28/532 5252/30/532 5251/27/532
f 5252/30/671 5254/32/671 5253/29/671
f 5254/32/672 5256/34/672 5255/31/672
f 5256/34/235 5258/36/235 5257/33/235
f 5258/36/533 5260/38/533 5259/35/533
f 5260/38/38 5262/40/38 5261/37/38
f 5262/40/345 5264/42/345 5263/39/345
f 5264/42/993 5266/44/993 5265/41/993
f 5266/44/527 5268/46/527 5267/43/527
f 5268/46/50 5270/48/50 5269/45/50
f 5270/48/49 5272/50/49 5271/47/49
f 5272/50/234 5274/52/234 5273/49/234
f 5274/52/530 5244/67/530 5243/51/530
f 5296/5/558 5292/10/558 5291/6/558
f 5281/8/961 5296/11/961 5295/7/961
f 5294/12/560 5293/17/560 5291/6/560
f 5309/3/519 5302/3/519 5301/3/519
f 5310/3/91 5301/3/91 5299/3/91
f 5305/6/962 5307/17/962 5308/12/962
f 5328/5/959 5327/7/959 5305/6/959
f 5297/8/994 5298/9/994 5327/7/994
f 5277/3/567 5278/3/567 5293/3/567
f 5236/3/5 5300/3/5 5299/3/5
f 5286/3/525 5290/3/525 5288/3/525
f 5291/6/963 5305/6/963 5327/7/963
f 5282/13/523 5298/13/523 5332/16/523
f 5298/13/552 5297/8/552 5331/15/552
f 5296/5/571 5328/5/571 5306/10/571
f 5283/3/5 5235/3/5 5299/3/5
f 5284/3/5 5283/3/5 5301/3/5
f 5293/17/566 5307/17/566 5305/6/566
f 5309/3/523 5303/3/523 5300/3/523
f 5306/10/570 5308/12/570 5294/12/570
f 5308/3/565 5276/3/565 5277/3/565
f 5278/3/564 5275/3/564 5307/3/564
f 5327/7/572 5298/9/572 5282/9/572
f 5329/18/965 5331/15/965 5297/8/965
f 5303/4/522 5304/19/522 5299/3/522
f 5307/3/563 5275/3/563 5276/3/563
f 5285/3/519 5289/3/519 5290/3/519
f 5297/8/568 5328/11/568 5296/11/568
f 5282/13/537 5330/14/537 5329/18/537
f 5318/5/955 5317/7/955 5313/6/955
f 5311/8/995 5312/9/995 5317/7/995
f 5326/5/534 5322/10/534 5321/6/534
f 5319/8/953 5326/11/953 5325/7/953
f 5324/12/536 5323/17/536 5321/6/536
f 5313/6/954 5315/17/954 5316/12/954
f 5313/6/957 5317/7/957 5325/7/957
f 5312/13/544 5350/14/544 5352/16/544
f 5320/13/519 5352/16/519 5351/15/519
f 5315/3/553 5278/3/553 5277/3/553
f 5278/3/549 5315/3/549 5323/3/549
f 5288/3/5 5290/3/5 5289/3/5
f 5309/3/1 5310/3/1 5304/3/1
f 5277/3/548 5276/3/548 5324/3/548
f 5315/17/546 5313/6/546 5321/6/546
f 5312/13/522 5311/8/522 5349/18/522
f 5276/3/996 5275/3/996 5323/3/996
f 5318/11/555 5326/11/555 5319/8/555
f 5349/18/958 5311/8/958 5319/8/958
f 5314/10/547 5316/12/547 5324/12/547
f 5318/5/545 5314/10/545 5322/10/545
f 5312/9/550 5320/9/550 5325/7/550
f 5279/2/524 5280/1/524 5288/19/524
f 5229/3/5 5231/3/5 5232/3/5
f 5240/3/1 5242/3/1 5241/3/1
f 5218/3/55 5217/3/55 5081/3/55
f 5333/53/5 5336/54/5 5344/54/5
f 5334/56/848 5342/56/848 5343/55/848
f 5345/58/573 5347/68/573 5333/57/573
f 5347/42/574 5348/59/574 5336/54/574
f 5348/59/413 5346/39/413 5335/55/413
f 5346/39/186 5345/58/186 5334/56/186
f 5338/60/573 5339/61/573 5342/56/573
f 5339/61/186 5340/31/186 5343/55/186
f 5340/31/413 5341/62/413 5344/54/413
f 5341/62/574 5338/34/574 5337/53/574
f 5334/56/5 5333/57/5 5337/57/5
f 5339/23/1 5338/63/1 5341/62/1
f 5335/55/5 5343/55/5 5344/54/5
f 5236/3/5 5284/3/5 5302/3/5
f 5220/3/35 5084/3/35 5083/3/35
f 5220/3/5 5218/3/5 5082/3/5
f 5348/3/5 5347/3/5 5345/3/5
f 5354/3/5 5366/3/5 5368/3/5
f 5362/19/304 5356/1/304 5355/2/304
f 5356/1/1 5360/1/1 5359/2/1
f 5363/3/303 5361/3/303 5355/3/303
f 5365/3/5 5366/3/5 5354/3/5
f 5367/3/302 5368/3/302 5371/3/302
f 5357/3/5 5367/3/5 5365/3/5
f 5371/3/305 5368/3/305 5366/3/305
f 5365/3/304 5370/19/304 5369/4/304
f 5364/3/302 5363/3/302 5359/3/302
f 5374/21/744 5376/24/744 5375/20/744
f 5376/24/315 5378/26/315 5377/23/315
f 5365/3/309 5367/3/309 5372/3/309
f 5358/3/5 5368/3/5 5367/3/5
f 5362/3/310 5364/3/310 5360/3/310
f 5378/26/678 5380/28/678 5379/25/678
f 5380/28/313 5382/30/313 5381/27/313
f 5382/30/312 5384/32/312 5383/29/312
f 5384/32/679 5386/34/679 5385/31/679
f 5386/34/308 5388/36/308 5387/33/308
f 5388/36/307 5390/38/307 5389/35/307
f 5390/38/579 5392/40/579 5391/37/579
f 5392/40/461 5394/42/461 5393/39/461
f 5394/42/680 5396/44/680 5395/41/680
f 5396/44/321 5398/46/321 5397/43/321
f 5398/46/320 5400/48/320 5399/45/320
f 5400/48/681 5402/50/681 5401/47/681
f 5402/50/164 5404/52/164 5403/49/164
f 5404/52/317 5374/67/317 5373/51/317
f 5416/5/919 5412/10/919 5411/6/919
f 5409/8/997 5416/11/997 5415/7/997
f 5414/12/328 5413/17/328 5411/6/328
f 5419/6/327 5421/17/327 5422/12/327
f 5424/5/917 5423/7/917 5419/6/917
f 5417/8/684 5418/9/684 5423/7/684
f 5407/3/342 5408/3/342 5413/3/342
f 5411/6/332 5419/6/332 5423/7/332
f 5418/13/333 5428/16/333 5426/14/333
f 5418/13/920 5417/8/920 5427/15/920
f 5416/5/335 5424/5/335 5420/10/335
f 5413/17/336 5421/17/336 5419/6/336
f 5412/10/337 5420/10/337 5422/12/337
f 5422/3/338 5406/3/338 5407/3/338
f 5408/3/339 5405/3/339 5421/3/339
f 5423/7/340 5418/9/340 5410/9/340
f 5425/18/341 5427/15/341 5417/8/341
f 5421/3/331 5405/3/331 5406/3/331
f 5417/8/343 5424/11/343 5416/11/343
f 5410/13/304 5426/14/304 5425/18/304
f 5361/3/5 5363/3/5 5364/3/5
f 5370/3/1 5372/3/1 5371/3/1
f 5429/53/850 5433/53/850 5440/54/850
f 5439/55/5 5438/56/5 5430/56/5
f 5429/57/95 5443/68/95 5441/58/95
f 5432/54/94 5444/59/94 5443/42/94
f 5431/55/93 5442/39/93 5444/59/93
f 5430/56/92 5441/58/92 5442/39/92
f 5438/56/95 5435/61/95 5434/60/95
f 5439/55/92 5436/31/92 5435/61/92
f 5440/54/93 5437/62/93 5436/31/93
f 5433/53/94 5434/34/94 5437/62/94
f 5430/56/5 5438/56/5 5433/57/5
f 5436/31/1 5437/62/1 5434/63/1
f 5440/54/5 5439/55/5 5431/55/5
f 5441/3/5 5443/3/5 5444/3/5
f 5456/1/1 5455/2/1 5451/2/1
f 5459/3/602 5457/3/602 5451/3/602
f 5463/3/605 5464/3/605 5467/3/605
f 5461/3/601 5463/3/601 5468/3/601
f 5461/3/5 5462/3/5 5450/3/5
f 5458/3/604 5460/3/604 5456/3/604
f 5453/3/5 5463/3/5 5461/3/5
f 5454/3/5 5464/3/5 5463/3/5
f 5467/3/16 5464/3/16 5462/3/16
f 5461/3/603 5466/19/603 5465/4/603
f 5460/3/605 5459/3/605 5455/3/605
f 5478/5/972 5474/10/972 5473/6/972
f 5471/8/998 5478/11/998 5477/7/998
f 5486/5/999 5485/7/999 5481/6/999
f 5479/8/688 5480/9/688 5485/7/688
f 5481/6/611 5483/17/611 5484/12/611
f 5476/12/610 5475/17/610 5473/6/610
f 5473/6/612 5481/6/612 5485/7/612
f 5480/13/7 5490/16/7 5488/14/7
f 5480/13/1000 5479/8/1000 5489/15/1000
f 3407/3/618 3408/3/618 5475/3/618
f 3408/3/615 3405/3/615 5483/3/615
f 5458/3/5 5457/3/5 5459/3/5
f 5466/3/1 5468/3/1 5467/3/1
f 5484/3/616 3406/3/616 3407/3/616
f 5475/17/617 5483/17/617 5481/6/617
f 5472/13/603 5488/14/603 5487/18/603
f 5483/3/614 3405/3/614 3406/3/614
f 5479/8/619 5486/11/619 5478/11/619
f 5487/18/620 5489/15/620 5479/8/620
f 5482/10/621 5484/12/621 5476/12/621
f 5478/5/622 5486/5/622 5482/10/622
f 5485/7/623 5480/9/623 5472/9/623
f 5458/19/603 5452/1/603 5451/2/603
f 5450/3/5 5462/3/5 5464/3/5
f 5496/3/5 5500/3/5 5512/3/5
f 5497/2/72 5498/1/72 5504/19/72
f 5496/3/5 5508/3/5 5507/3/5
f 5515/3/70 5512/3/70 5511/3/70
f 5499/3/5 5495/3/5 5507/3/5
f 5515/3/62 5513/3/62 5508/3/62
f 5513/4/54 5514/19/54 5507/3/54
f 5501/3/70 5505/3/70 5506/3/70
f 5519/20/43 5520/24/43 5518/21/43
f 5521/23/44 5522/26/44 5520/24/44
f 5516/3/55 5511/3/55 5507/3/55
f 5445/3/1 5447/3/1 5493/3/1
f 5500/3/5 5499/3/5 5511/3/5
f 5523/25/692 5524/28/692 5522/26/692
f 5525/27/531 5526/30/531 5524/28/531
f 5527/29/47 5528/32/47 5526/30/47
f 5529/31/693 5530/34/693 5528/32/693
f 5531/33/49 5532/36/49 5530/34/49
f 5533/35/50 5534/38/50 5532/36/50
f 5535/37/33 5536/40/33 5534/38/33
f 5537/39/34 5538/42/34 5536/40/34
f 5539/41/694 5540/44/694 5538/42/694
f 5541/43/695 5542/46/695 5540/44/695
f 5543/45/39 5544/48/39 5542/46/39
f 5545/47/696 5546/50/696 5544/48/696
f 5547/49/41 5548/52/41 5546/50/41
f 5517/51/42 5518/67/42 5548/52/42
f 5570/5/880 5569/7/880 5565/6/880
f 5555/8/1001 5556/9/1001 5569/7/1001
f 5565/6/882 5567/17/882 5568/12/882
f 5575/3/27 5576/3/27 5583/3/27
f 5573/3/35 5575/3/35 5584/3/35
f 5582/12/79 5581/17/79 5579/6/79
f 5602/5/74 5580/10/74 5579/6/74
f 5571/8/879 5602/11/879 5601/7/879
f 5567/3/85 5552/3/85 5551/3/85
f 5573/3/5 5574/3/5 5510/3/5
f 5565/6/80 5569/7/80 5601/7/80
f 5604/14/31 5606/16/31 5572/13/31
f 5572/13/70 5606/16/70 5605/15/70
f 5570/5/89 5566/10/89 5580/10/89
f 5557/3/5 5575/3/5 5573/3/5
f 5558/3/5 5576/3/5 5575/3/5
f 5567/17/84 5565/6/84 5579/6/84
f 5583/3/31 5576/3/31 5574/3/31
f 5568/12/88 5582/12/88 5580/10/88
f 5551/3/83 5550/3/83 5582/3/83
f 5552/3/82 5567/3/82 5581/3/82
f 5556/9/90 5572/9/90 5601/7/90
f 5603/18/884 5555/8/884 5571/8/884
f 5573/3/30 5578/19/30 5577/4/30
f 5550/3/1002 5549/3/1002 5581/3/1002
f 5564/3/27 5563/3/27 5559/3/27
f 5570/11/86 5602/11/86 5571/8/86
f 5556/13/54 5555/8/54 5603/18/54
f 5592/5/57 5588/10/57 5587/6/57
f 5585/8/876 5592/11/876 5591/7/876
f 5600/5/873 5599/7/873 5595/6/873
f 5593/8/1003 5594/9/1003 5599/7/1003
f 5595/6/875 5597/17/875 5598/12/875
f 5590/12/56 5589/17/56 5587/6/56
f 5587/6/61 5595/6/61 5599/7/61
f 5594/13/62 5626/16/62 5624/14/62
f 5594/13/27 5593/8/27 5625/15/27
f 5551/3/71 5552/3/71 5589/3/71
f 5552/3/67 5549/3/67 5597/3/67
f 5562/3/5 5561/3/5 5563/3/5
f 5578/3/1 5584/3/1 5583/3/1
f 5598/3/66 5550/3/66 5551/3/66
f 5589/17/64 5597/17/64 5595/6/64
f 5586/13/30 5624/14/30 5623/18/30
f 5597/3/59 5549/3/59 5550/3/59
f 5593/8/1004 5600/11/1004 5592/11/1004
f 5623/18/877 5625/15/877 5593/8/877
f 5596/10/65 5598/12/65 5590/12/65
f 5592/5/63 5600/5/63 5596/10/63
f 5599/7/68 5594/9/68 5586/9/68
f 5562/19/32 5554/1/32 5553/2/32
f 5506/3/5 5505/3/5 5503/3/5
f 5515/3/1 5516/3/1 5514/3/1
f 5445/3/96 5491/3/96 5492/3/96
f 5607/53/5 5611/53/5 5618/54/5
f 5609/55/5 5617/55/5 5616/56/5
f 5607/57/92 5621/68/92 5619/58/92
f 5610/54/95 5622/59/95 5621/42/95
f 5609/55/94 5620/39/94 5622/59/94
f 5608/56/93 5619/58/93 5620/39/93
f 5616/56/92 5613/61/92 5612/60/92
f 5617/55/93 5614/31/93 5613/61/93
f 5618/54/94 5615/62/94 5614/31/94
f 5611/53/95 5612/34/95 5615/62/95
f 5608/56/5 5616/56/5 5611/57/5
f 5614/31/1 5615/62/1 5612/63/1
f 5618/54/5 5617/55/5 5609/55/5
f 5574/3/5 5576/3/5 5558/3/5
f 5447/3/91 5448/3/91 5494/3/91
f 5448/3/5 5446/3/5 5492/3/5
f 5619/3/5 5621/3/5 5622/3/5
f 5696/1/1 5695/2/1 5689/2/1
f 5632/3/5 5636/3/5 5648/3/5
f 5633/2/125 5634/1/125 5640/19/125
f 5699/3/99 5697/3/99 5689/3/99
f 5633/2/1 5637/2/1 5638/1/1
f 5633/3/98 5639/3/98 5641/3/98
f 5632/3/5 5644/3/5 5643/3/5
f 5651/3/142 5648/3/142 5647/3/142
f 5635/3/5 5631/3/5 5643/3/5
f 5651/3/133 5649/3/133 5644/3/133
f 5649/4/125 5650/19/125 5643/3/125
f 5637/3/142 5641/3/142 5642/3/142
f 5655/20/114 5656/24/114 5654/21/114
f 5657/23/656 5658/26/656 5656/24/656
f 5650/3/126 5652/3/126 5647/3/126
f 5491/3/1 5493/3/1 5629/3/1
f 5636/3/5 5635/3/5 5647/3/5
f 5638/3/131 5642/3/131 5640/3/131
f 5659/25/474 5660/28/474 5658/26/474
f 5663/29/118 5664/32/118 5662/30/118
f 5665/31/299 5666/34/299 5664/32/299
f 5667/33/120 5668/36/120 5666/34/120
f 5669/35/121 5670/38/121 5668/36/121
f 5671/37/104 5672/40/104 5670/38/104
f 5673/39/300 5674/42/300 5672/40/300
f 5675/41/705 5676/44/705 5674/42/705
f 5677/43/706 5678/46/706 5676/44/706
f 5679/45/110 5680/48/110 5678/46/110
f 5681/47/476 5682/50/476 5680/48/476
f 5683/49/112 5684/52/112 5682/50/112
f 5653/51/113 5654/67/113 5684/52/113
f 5706/5/147 5705/7/147 5701/6/147
f 5691/8/1005 5692/9/1005 5705/7/1005
f 5701/6/891 5703/17/891 5704/12/891
f 5711/3/102 5712/3/102 5719/3/102
f 5709/3/106 5711/3/106 5720/3/106
f 5718/12/892 5717/17/892 5715/6/892
f 5738/5/145 5716/10/145 5715/6/145
f 5707/8/707 5738/11/707 5737/7/707
f 5703/3/157 5688/3/157 5687/3/157
f 5709/3/5 5710/3/5 5646/3/5
f 5698/3/107 5700/3/107 5696/3/107
f 5701/6/151 5705/7/151 5737/7/151
f 5740/14/101 5742/16/101 5708/13/101
f 5708/13/142 5742/16/142 5741/15/142
f 5706/5/161 5702/10/161 5716/10/161
f 5693/3/5 5711/3/5 5709/3/5
f 5694/3/5 5712/3/5 5711/3/5
f 5703/17/156 5701/6/156 5715/6/156
f 5719/3/101 5712/3/101 5710/3/101
f 5704/12/160 5718/12/160 5716/10/160
f 5687/3/155 5686/3/155 5718/3/155
f 5688/3/154 5703/3/154 5717/3/154
f 5692/9/711 5708/9/711 5737/7/711
f 5739/18/712 5691/8/712 5707/8/712
f 5709/3/100 5714/19/100 5713/4/100
f 5686/3/153 5685/3/153 5717/3/153
f 5700/3/97 5699/3/97 5695/3/97
f 5706/11/158 5738/11/158 5707/8/158
f 5692/13/152 5691/8/152 5739/18/152
f 5728/5/128 5724/10/128 5723/6/128
f 5721/8/129 5728/11/129 5727/7/129
f 5736/5/1007 5735/7/1007 5731/6/1007
f 5729/8/1008 5730/9/1008 5735/7/1008
f 5731/6/1009 5733/17/1009 5734/12/1009
f 5726/12/887 5725/17/887 5723/6/887
f 5723/6/132 5731/6/132 5735/7/132
f 5730/13/133 5762/16/133 5760/14/133
f 5730/13/97 5729/8/97 5761/15/97
f 5687/3/143 5688/3/143 5725/3/143
f 5688/3/139 5685/3/139 5733/3/139
f 5697/3/5 5699/3/5 5700/3/5
f 5714/3/1 5720/3/1 5719/3/1
f 5734/3/138 5686/3/138 5687/3/138
f 5725/17/136 5733/17/136 5731/6/136
f 5722/13/100 5760/14/100 5759/18/100
f 5733/3/715 5685/3/715 5686/3/715
f 5729/8/144 5736/11/144 5728/11/144
f 5759/18/141 5761/15/141 5729/8/141
f 5732/10/137 5734/12/137 5726/12/137
f 5736/5/135 5732/10/135 5724/10/135
f 5735/7/717 5730/9/717 5722/9/717
f 5698/19/103 5690/1/103 5689/2/103
f 5640/3/5 5642/3/5 5641/3/5
f 5651/3/1 5652/3/1 5650/3/1
f 5491/3/168 5627/3/168 5628/3/168
f 5747/53/5 5754/54/5 5746/54/5
f 5745/55/5 5753/55/5 5752/56/5
f 5743/57/164 5757/68/164 5755/58/164
f 5746/54/167 5758/59/167 5757/42/167
f 5745/55/166 5756/39/166 5758/59/166
f 5744/56/165 5755/58/165 5756/39/165
f 5752/56/164 5749/61/164 5748/60/164
f 5753/55/165 5750/31/165 5749/61/165
f 5754/54/166 5751/62/166 5750/31/166
f 5747/53/167 5748/34/167 5751/62/167
f 5752/56/5 5747/57/5 5743/57/5
f 5750/31/1 5751/62/1 5748/63/1
f 5746/54/5 5754/54/5 5753/55/5
f 5646/3/5 5710/3/5 5712/3/5
f 5493/3/163 5494/3/163 5630/3/163
f 5630/3/5 5494/3/5 5492/3/5
f 5755/3/5 5757/3/5 5758/3/5
f 5832/1/1 5831/2/1 5825/2/1
f 5768/3/5 5772/3/5 5784/3/5
f 5769/2/214 5770/1/214 5776/19/214
f 5835/3/171 5833/3/171 5825/3/171
f 5770/1/1 5769/2/1 5773/2/1
f 5769/3/170 5775/3/170 5777/3/170
f 5768/3/5 5780/3/5 5779/3/5
f 5787/3/718 5784/3/718 5783/3/718
f 5771/3/5 5767/3/5 5779/3/5
f 5787/3/203 5785/3/203 5780/3/203
f 5785/4/195 5786/19/195 5779/3/195
f 5773/3/212 5777/3/212 5778/3/212
f 5791/20/184 5792/24/184 5790/21/184
f 5793/23/185 5794/26/185 5792/24/185
f 5788/3/196 5783/3/196 5779/3/196
f 5627/3/1 5629/3/1 5765/3/1
f 5772/3/5 5771/3/5 5783/3/5
f 5774/3/201 5778/3/201 5776/3/201
f 5795/25/640 5796/28/640 5794/26/640
f 5797/27/187 5798/30/187 5796/28/187
f 5799/29/719 5800/32/719 5798/30/719
f 5801/31/720 5802/34/720 5800/32/720
f 5803/33/190 5804/36/190 5802/34/190
f 5805/35/191 5806/38/191 5804/36/191
f 5807/37/174 5808/40/174 5806/38/174
f 5809/39/175 5810/42/175 5808/40/175
f 5811/41/574 5812/44/574 5810/42/574
f 5813/43/179 5814/46/179 5812/44/179
f 5815/45/419 5816/48/419 5814/46/419
f 5817/47/418 5818/50/418 5816/48/418
f 5819/49/573 5820/52/573 5818/50/573
f 5789/51/1011 5790/67/1011 5820/52/1011
f 5842/5/218 5841/7/218 5837/6/218
f 5827/8/1012 5828/9/1012 5841/7/1012
f 5837/6/900 5839/17/900 5840/12/900
f 5847/3/169 5848/3/169 5855/3/169
f 5850/3/176 5845/3/176 5847/3/176
f 5854/12/1013 5853/17/1013 5851/6/1013
f 5874/5/216 5852/10/216 5851/6/216
f 5843/8/899 5874/11/899 5873/7/899
f 5839/3/227 5824/3/227 5823/3/227
f 5845/3/5 5846/3/5 5782/3/5
f 5834/3/177 5836/3/177 5832/3/177
f 5837/6/222 5841/7/222 5873/7/222
f 5876/14/173 5878/16/173 5844/13/173
f 5844/13/212 5878/16/212 5877/15/212
f 5842/5/231 5838/10/231 5852/10/231
f 5829/3/5 5847/3/5 5845/3/5
f 5830/3/5 5848/3/5 5847/3/5
f 5839/17/226 5837/6/226 5851/6/226
f 5855/3/173 5848/3/173 5846/3/173
f 5840/12/230 5854/12/230 5852/10/230
f 5823/3/225 5822/3/225 5854/3/225
f 5824/3/224 5839/3/224 5853/3/224
f 5828/9/232 5844/9/232 5873/7/232
f 5875/18/229 5827/8/229 5843/8/229
f 5845/3/172 5850/19/172 5849/4/172
f 5822/3/726 5821/3/726 5853/3/726
f 5836/3/169 5835/3/169 5831/3/169
f 5842/11/228 5874/11/228 5843/8/228
f 5828/13/195 5827/8/195 5875/18/195
f 5864/5/728 5860/10/728 5859/6/728
f 5857/8/898 5864/11/898 5863/7/898
f 5872/5/192 5871/7/192 5867/6/192
f 5865/8/730 5866/9/730 5871/7/730
f 5867/6/896 5869/17/896 5870/12/896
f 5862/12/197 5861/17/197 5859/6/197
f 5859/6/202 5867/6/202 5871/7/202
f 5866/13/203 5898/16/203 5896/14/203
f 5866/13/1014 5865/8/1014 5897/15/1014
f 5823/3/213 5824/3/213 5861/3/213
f 5824/3/209 5821/3/209 5869/3/209
f 5834/3/5 5833/3/5 5835/3/5
f 5849/3/1 5850/3/1 5856/3/1
f 5870/3/208 5822/3/208 5823/3/208
f 5861/17/206 5869/17/206 5867/6/206
f 5858/13/204 5896/14/204 5895/18/204
f 5869/3/200 5821/3/200 5822/3/200
f 5865/8/215 5872/11/215 5864/11/215
f 5895/18/211 5897/15/211 5865/8/211
f 5868/10/207 5870/12/207 5862/12/207
f 5864/5/205 5872/5/205 5868/10/205
f 5871/7/210 5866/9/210 5858/9/210
f 5834/19/172 5826/1/172 5825/2/172
f 5778/3/5 5777/3/5 5775/3/5
f 5785/3/1 5787/3/1 5788/3/1
f 5627/3/236 5763/3/236 5764/3/236
f 5879/53/5 5883/53/5 5890/54/5
f 5889/55/5 5888/56/5 5880/56/5
f 5879/57/234 5893/68/234 5891/58/234
f 5882/54/34 5894/59/34 5893/42/34
f 5881/55/235 5892/39/235 5894/59/235
f 5880/56/44 5891/58/44 5892/39/44
f 5888/56/234 5885/61/234 5884/60/234
f 5889/55/44 5886/31/44 5885/61/44
f 5890/54/235 5887/62/235 5886/31/235
f 5883/53/34 5884/34/34 5887/62/34
f 5880/56/5 5888/56/5 5883/57/5
f 5885/23/1 5886/31/1 5887/62/1
f 5882/54/5 5890/54/5 5889/55/5
f 5846/3/5 5848/3/5 5830/3/5
f 5629/3/233 5630/3/233 5766/3/233
f 5630/3/5 5628/3/5 5764/3/5
f 5891/3/5 5893/3/5 5894/3/5
f 5968/1/1 5967/2/1 5961/2/1
f 5904/3/5 5908/3/5 5920/3/5
f 5905/2/1015 5906/1/1015 5912/19/1015
f 5967/3/239 5971/3/239 5969/3/239
f 5905/2/1 5909/2/1 5910/1/1
f 5905/3/238 5911/3/238 5913/3/238
f 5904/3/5 5916/3/5 5915/3/5
f 5923/3/277 5920/3/277 5919/3/277
f 5907/3/5 5903/3/5 5915/3/5
f 5923/3/269 5921/3/269 5916/3/269
f 5921/4/261 5922/19/261 5915/3/261
f 5909/3/277 5913/3/277 5914/3/277
f 5927/20/252 5928/24/252 5926/21/252
f 5929/23/92 5930/26/92 5928/24/92
f 5924/3/262 5919/3/262 5915/3/262
f 5763/3/1 5765/3/1 5901/3/1
f 5908/3/5 5907/3/5 5919/3/5
f 5910/3/267 5914/3/267 5912/3/267
f 5931/25/1016 5932/28/1016 5930/26/1016
f 5933/27/254 5934/30/254 5932/28/254
f 5935/29/736 5936/32/736 5934/30/736
f 5937/31/737 5938/34/737 5936/32/737
f 5939/33/256 5940/36/256 5938/34/256
f 5941/35/257 5942/38/257 5940/36/257
f 5943/37/243 5944/40/243 5942/38/243
f 5945/39/94 5946/42/94 5944/40/94
f 5947/41/1017 5948/44/1017 5946/42/1017
f 5949/43/247 5950/46/247 5948/44/247
f 5951/45/366 5952/48/366 5950/46/366
f 5953/47/93 5954/50/93 5952/48/93
f 5955/49/250 5956/52/250 5954/50/250
f 5925/51/251 5926/67/251 5956/52/251
f 5978/5/283 5977/7/283 5973/6/283
f 5963/8/1018 5964/9/1018 5977/7/1018
f 5973/6/285 5975/17/285 5976/12/285
f 5983/3/237 5984/3/237 5991/3/237
f 5981/3/244 5983/3/244 5992/3/244
f 5990/12/914 5989/17/914 5987/6/914
f 6010/5/1042 5988/10/1042 5987/6/1042
f 5979/8/912 6010/11/912 6009/7/912
f 5975/3/292 5960/3/292 5959/3/292
f 5981/3/5 5982/3/5 5918/3/5
f 5970/3/245 5972/3/245 5968/3/245
f 5973/6/915 5977/7/915 6009/7/915
f 5964/13/241 6012/14/241 6014/16/241
f 5980/13/277 6014/16/277 6013/15/277
f 5978/5/296 5974/10/296 5988/10/296
f 5965/3/5 5983/3/5 5981/3/5
f 5966/3/5 5984/3/5 5983/3/5
f 5975/17/291 5973/6/291 5987/6/291
f 5991/3/241 5984/3/241 5982/3/241
f 5976/12/295 5990/12/295 5988/10/295
f 5959/3/290 5958/3/290 5990/3/290
f 5960/3/289 5975/3/289 5989/3/289
f 5964/9/297 5980/9/297 6009/7/297
f 6011/18/916 5963/8/916 5979/8/916
f 5981/3/240 5986/19/240 5985/4/240
f 5958/3/288 5957/3/288 5989/3/288
f 5972/3/237 5971/3/237 5967/3/237
f 5978/11/293 6010/11/293 5979/8/293
f 5964/13/261 5963/8/261 6011/18/261
f 6000/5/907 5996/10/907 5995/6/907
f 5993/8/908 6000/11/908 5999/7/908
f 6008/5/258 6007/7/258 6003/6/258
f 6001/8/1019 6002/9/1019 6007/7/1019
f 6003/6/742 6005/17/742 6006/12/742
f 5998/12/906 5997/17/906 5995/6/906
f 5995/6/909 6003/6/909 6007/7/909
f 5994/13/269 6002/13/269 6034/16/269
f 6002/13/237 6001/8/237 6033/15/237
f 5959/3/278 5960/3/278 5997/3/278
f 5960/3/274 5957/3/274 6005/3/274
f 5970/3/5 5969/3/5 5971/3/5
f 5986/3/1 5992/3/1 5991/3/1
f 6006/3/273 5958/3/273 5959/3/273
f 5997/17/271 6005/17/271 6003/6/271
f 5994/13/240 6032/14/240 6031/18/240
f 6005/3/266 5957/3/266 5958/3/266
f 6001/8/280 6008/11/280 6000/11/280
f 6031/18/910 6033/15/910 6001/8/910
f 5996/10/272 6004/10/272 6006/12/272
f 6000/5/270 6008/5/270 6004/10/270
f 6007/7/275 6002/9/275 5994/9/275
f 5970/19/242 5962/1/242 5961/2/242
f 5914/3/5 5913/3/5 5911/3/5
f 5921/3/1 5923/3/1 5924/3/1
f 5763/3/301 5899/3/301 5900/3/301
f 6015/53/5 6019/53/5 6026/54/5
f 6025/55/848 6024/56/848 6016/56/848
f 6015/57/299 6029/68/299 6027/58/299
f 6018/54/300 6030/59/300 6029/42/300
f 6017/55/111 6028/39/111 6030/59/111
f 6016/56/115 6027/58/115 6028/39/115
f 6024/56/299 6021/61/299 6020/60/299
f 6025/55/115 6022/31/115 6021/61/115
f 6026/54/111 6023/62/111 6022/31/111
f 6019/53/300 6020/34/300 6023/62/300
f 6016/56/5 6024/56/5 6019/57/5
f 6021/23/1 6022/31/1 6023/62/1
f 6026/54/5 6025/55/5 6017/55/5
f 5918/3/5 5982/3/5 5984/3/5
f 5765/3/298 5766/3/298 5902/3/298
f 5902/3/5 5766/3/5 5764/3/5
f 6027/3/5 6029/3/5 6030/3/5
f 6036/3/5 6040/3/5 6050/3/5
f 6037/2/577 6038/1/577 6044/19/577
f 6038/1/1 6037/2/1 6041/2/1
f 6037/3/576 6043/3/576 6045/3/576
f 6036/3/5 6048/3/5 6047/3/5
f 6053/3/575 6050/3/575 6049/3/575
f 6039/3/5 6035/3/5 6047/3/5
f 6053/3/333 6051/3/333 6048/3/333
f 6051/4/577 6052/19/577 6047/3/577
f 6041/3/575 6045/3/575 6046/3/575
f 6057/20/682 6058/24/682 6056/21/682
f 6059/23/318 6060/26/318 6058/24/318
f 6054/3/580 6049/3/580 6047/3/580
f 6040/3/5 6039/3/5 6049/3/5
f 6042/3/581 6046/3/581 6044/3/581
f 6061/25/681 6062/28/681 6060/26/681
f 6063/27/320 6064/30/320 6062/28/320
f 6065/29/321 6066/32/321 6064/30/321
f 6067/31/680 6068/34/680 6066/32/680
f 6069/33/323 6070/36/323 6068/34/323
f 6071/35/579 6072/38/579 6070/36/579
f 6073/37/307 6074/40/307 6072/38/307
f 6075/39/166 6076/42/166 6074/40/166
f 6077/41/679 6078/44/679 6076/42/679
f 6079/43/312 6080/46/312 6078/44/312
f 6081/45/313 6082/48/313 6080/46/313
f 6083/47/678 6084/50/678 6082/48/678
f 6085/49/459 6086/52/459 6084/50/459
f 6055/51/316 6056/67/316 6086/52/316
f 6094/5/968 6093/7/968 6089/6/968
f 6087/8/1020 6088/9/1020 6093/7/1020
f 6089/6/586 6091/17/586 6092/12/586
f 6100/12/585 6099/17/585 6097/6/585
f 6102/5/966 6098/10/966 6097/6/966
f 6095/8/746 6102/11/746 6101/7/746
f 6091/3/598 5408/3/598 5407/3/598
f 6089/6/590 6093/7/590 6101/7/590
f 6104/14/305 6106/16/305 6096/13/305
f 6096/13/575 6106/16/575 6105/15/575
f 6094/5/591 6090/10/591 6098/10/591
f 6091/17/592 6089/6/592 6097/6/592
f 6090/10/593 6092/12/593 6100/12/593
f 5407/3/594 5406/3/594 6100/3/594
f 5408/3/595 6091/3/595 6099/3/595
f 6088/9/596 6096/9/596 6101/7/596
f 6103/18/597 6087/8/597 6095/8/597
f 5406/3/589 5405/3/589 6099/3/589
f 6094/11/599 6102/11/599 6095/8/599
f 6088/13/969 6087/8/969 6103/18/969
f 6046/3/5 6045/3/5 6043/3/5
f 6053/3/1 6054/3/1 6052/3/1
f 6107/53/5 6110/54/5 6118/54/5
f 6108/56/5 6116/56/5 6117/55/5
f 6119/58/41 6121/68/41 6107/57/41
f 6121/42/345 6122/59/345 6110/54/345
f 6122/59/49 6120/39/49 6109/55/49
f 6120/39/344 6119/58/344 6108/56/344
f 6112/60/41 6113/61/41 6116/56/41
f 6113/61/344 6114/31/344 6117/55/344
f 6114/31/49 6115/62/49 6118/54/49
f 6115/62/345 6112/34/345 6111/53/345
f 6108/56/5 6107/57/5 6111/57/5
f 6112/63/1 6115/62/1 6114/31/1
f 6109/55/5 6117/55/5 6118/54/5
f 6122/3/5 6121/3/5 6119/3/5
f 5218/3/4 5900/3/4 5899/3/4
f 5219/3/601 5901/3/601 5902/3/601
f 5218/3/5 5220/3/5 5902/3/5
f 5899/3/1 5901/3/1 5219/3/1
f 3411/3/309 4767/3/309 4768/3/309
f 3412/3/5 4768/3/5 4766/3/5
f 3410/3/580 4766/3/580 4765/3/580
f 3409/3/1 4765/3/1 4767/3/1
f 5448/3/580 5447/3/580 4091/3/580
f 5448/3/5 4092/3/5 4090/3/5
f 5446/3/309 4090/3/309 4089/3/309
f 5445/3/1 4089/3/1 4091/3/1
f 6134/3/1021 6128/3/1021 6126/3/1021
f 6128/3/309 6124/3/309 6127/3/309
f 6134/3/748 5469/3/748 6124/3/748
f 6133/3/748 6126/3/748 6123/3/748
f 6151/3/750 6138/3/750 6129/3/750
f 6152/3/750 6151/3/750 6131/3/750
f 6130/3/750 6137/3/750 6152/3/750
f 6132/3/309 6125/3/309 6127/3/309
f 6152/3/1022 6144/3/1022 6142/3/1022
f 6144/3/244 6140/3/244 6143/3/244
f 6152/3/753 6137/3/753 6140/3/753
f 6151/3/753 6142/3/753 6139/3/753
f 6150/3/757 6149/3/757 6147/3/757
f 6146/3/757 6135/3/757 6150/3/757
f 6148/3/244 6141/3/244 6143/3/244
f 4193/3/638 4210/3/638 4224/3/638
f 4193/3/635 4192/3/635 4240/3/635
f 4325/66/1 4295/69/1 4297/70/1
f 4297/70/1 4299/71/1 4301/25/1
f 4301/25/174 4302/28/174 4304/30/174
f 4303/72/1 4305/73/1 4307/74/1
f 4301/25/1023 4304/30/1023 4303/72/1023
f 4325/66/1 4297/70/1 4301/25/1
f 4321/75/1 4323/76/1 4325/66/1
f 4317/65/1 4319/77/1 4321/75/1
f 4313/78/1 4315/79/1 4317/65/1
f 4309/64/1 4311/80/1 4313/78/1
f 4303/72/1 4307/74/1 4309/64/1
f 4325/66/1 4301/25/1 4303/72/1
f 4317/65/1 4321/75/1 4325/66/1
f 4309/64/1 4313/78/1 4317/65/1
f 4325/66/1 4303/72/1 4309/64/1
f 6145/3/757 6147/3/757 6149/3/757
f 6150/3/1024 6158/3/1024 6156/3/1024
f 6158/3/176 6154/3/176 6157/3/176
f 6150/3/758 6135/3/758 6154/3/758
f 6149/3/758 6156/3/758 6153/3/758
f 6179/3/760 6166/3/760 6159/3/760
f 6180/3/760 6179/3/760 6161/3/760
f 6160/3/760 6165/3/760 6180/3/760
f 6162/3/176 6155/3/176 6157/3/176
f 6180/3/1025 6172/3/1025 6170/3/1025
f 6172/3/106 6168/3/106 6171/3/106
f 6180/3/763 6165/3/763 6168/3/763
f 6179/3/763 6170/3/763 6167/3/763
f 6178/3/767 6177/3/767 6175/3/767
f 6174/3/767 6163/3/767 6178/3/767
f 6176/3/106 6169/3/106 6171/3/106
f 6173/3/767 6175/3/767 6177/3/767
f 6178/3/1026 6186/3/1026 6184/3/1026
f 6186/3/35 6182/3/35 6185/3/35
f 6178/3/768 6163/3/768 6182/3/768
f 6177/3/768 6184/3/768 6181/3/768
f 6207/3/770 6194/3/770 6187/3/770
f 6208/3/770 6207/3/770 6189/3/770
f 6188/3/770 6193/3/770 6208/3/770
f 6190/3/35 6183/3/35 6185/3/35
f 6208/3/1027 6200/3/1027 6198/3/1027
f 6200/3/601 6196/3/601 6199/3/601
f 6208/3/773 6193/3/773 6196/3/773
f 6207/3/773 6198/3/773 6195/3/773
f 6206/3/777 6205/3/777 6203/3/777
f 6202/3/777 6191/3/777 6206/3/777
f 6204/3/601 6197/3/601 6199/3/601
f 6201/3/777 6203/3/777 6205/3/777
f 6206/3/1028 6214/3/1028 6212/3/1028
f 6214/3/298 6210/3/298 6213/3/298
f 6206/3/778 6191/3/778 6210/3/778
f 6205/3/778 6212/3/778 6209/3/778
f 6235/3/780 6222/3/780 6215/3/780
f 6236/3/780 6235/3/780 6217/3/780
f 6216/3/780 6221/3/780 6236/3/780
f 6218/3/298 6211/3/298 6213/3/298
f 6236/3/1029 6228/3/1029 6226/3/1029
f 6228/3/233 6224/3/233 6227/3/233
f 6236/3/783 6221/3/783 6224/3/783
f 6235/3/783 6226/3/783 6223/3/783
f 6234/3/787 6233/3/787 6231/3/787
f 6230/3/787 6219/3/787 6234/3/787
f 6232/3/233 6225/3/233 6227/3/233
f 6229/3/787 6231/3/787 6233/3/787
f 6234/3/1030 6242/3/1030 6240/3/1030
f 6242/3/163 6238/3/163 6241/3/163
f 6234/3/788 6219/3/788 6238/3/788
f 6233/3/788 6240/3/788 6237/3/788
f 6263/3/790 6250/3/790 6243/3/790
f 6264/3/790 6263/3/790 6245/3/790
f 6244/3/790 6249/3/790 6264/3/790
f 6246/3/163 6239/3/163 6241/3/163
f 6264/3/1031 6256/3/1031 6254/3/1031
f 6256/3/91 6252/3/91 6255/3/91
f 6264/3/793 6249/3/793 6252/3/793
f 6263/3/793 6254/3/793 6251/3/793
f 6262/3/797 6261/3/797 6259/3/797
f 6258/3/797 6247/3/797 6262/3/797
f 6260/3/91 6253/3/91 6255/3/91
f 6257/3/797 6259/3/797 6261/3/797
f 6262/3/1032 6270/3/1032 6268/3/1032
f 6270/3/580 6266/3/580 6269/3/580
f 6262/3/798 6247/3/798 6266/3/798
f 6261/3/798 6268/3/798 6265/3/798
f 6291/3/800 6278/3/800 6271/3/800
f 6292/3/800 6291/3/800 6273/3/800
f 6272/3/800 6277/3/800 6292/3/800
f 6274/3/580 6267/3/580 6269/3/580
f 6292/3/1033 6284/3/1033 6282/3/1033
f 6284/3/262 6280/3/262 6283/3/262
f 6292/3/803 6277/3/803 6280/3/803
f 6291/3/803 6282/3/803 6279/3/803
f 6290/3/807 6289/3/807 6287/3/807
f 6286/3/807 6275/3/807 6290/3/807
f 6288/3/262 6281/3/262 6283/3/262
f 6285/3/807 6287/3/807 6289/3/807
f 6290/3/1034 6298/3/1034 6296/3/1034
f 6298/3/196 6294/3/196 6297/3/196
f 6290/3/808 6275/3/808 6294/3/808
f 6289/3/808 6296/3/808 6293/3/808
f 6319/3/810 6306/3/810 6299/3/810
f 6320/3/810 6319/3/810 6301/3/810
f 6300/3/810 6305/3/810 6320/3/810
f 6302/3/196 6295/3/196 6297/3/196
f 6320/3/1035 6312/3/1035 6310/3/1035
f 6312/3/126 6308/3/126 6311/3/126
f 6320/3/813 6305/3/813 6308/3/813
f 6319/3/813 6310/3/813 6307/3/813
f 6318/3/817 6317/3/817 6315/3/817
f 6314/3/817 6303/3/817 6318/3/817
f 6316/3/126 6309/3/126 6311/3/126
f 6313/3/817 6315/3/817 6317/3/817
f 6318/3/1036 6326/3/1036 6324/3/1036
f 6326/3/55 6322/3/55 6325/3/55
f 6318/3/818 6303/3/818 6322/3/818
f 6317/3/818 6324/3/818 6321/3/818
f 6347/3/820 6334/3/820 6327/3/820
f 6348/3/820 6347/3/820 6329/3/820
f 6328/3/820 6333/3/820 6348/3/820
f 6330/3/55 6323/3/55 6325/3/55
f 6348/3/1037 6340/3/1037 6338/3/1037
f 6340/3/4 6336/3/4 6339/3/4
f 6348/3/823 6333/3/823 6336/3/823
f 6347/3/823 6338/3/823 6335/3/823
f 6346/3/827 6345/3/827 6343/3/827
f 6342/3/827 6331/3/827 6346/3/827
f 6344/3/4 6337/3/4 6339/3/4
f 6341/3/827 6343/3/827 6345/3/827
f 6346/3/1038 6354/3/1038 6352/3/1038
f 6354/3/301 6350/3/301 6353/3/301
f 6346/3/828 6331/3/828 6350/3/828
f 6345/3/828 6352/3/828 6349/3/828
f 6375/3/830 6362/3/830 6355/3/830
f 6376/3/830 6375/3/830 6357/3/830
f 6356/3/830 6361/3/830 6376/3/830
f 6358/3/301 6351/3/301 6353/3/301
f 6376/3/1039 6368/3/1039 6366/3/1039
f 6368/3/236 6364/3/236 6367/3/236
f 6376/3/833 6361/3/833 6364/3/833
f 6375/3/833 6366/3/833 6363/3/833
f 6374/3/837 6373/3/837 6371/3/837
f 6370/3/837 6359/3/837 6374/3/837
f 6372/3/236 6365/3/236 6367/3/236
f 6369/3/837 6371/3/837 6373/3/837
f 6374/3/1040 6382/3/1040 6380/3/1040
f 6382/3/168 6378/3/168 6381/3/168
f 6374/3/838 6359/3/838 6378/3/838
f 6373/3/838 6380/3/838 6377/3/838
f 6399/3/840 6388/3/840 6383/3/840
f 6400/3/840 6399/3/840 6385/3/840
f 6384/3/840 6387/3/840 6400/3/840
f 6386/3/168 6379/3/168 6381/3/168
f 6400/3/1041 6394/3/1041 6392/3/1041
f 6394/3/96 6390/3/96 6393/3/96
f 6400/3/843 6387/3/843 6390/3/843
f 6399/3/843 6392/3/843 6389/3/843
f 6134/3/847 6133/3/847 6397/3/847
f 6396/3/847 5469/3/847 6134/3/847
f 6398/3/96 6391/3/96 6393/3/96
f 6395/3/847 6397/3/847 6133/3/847
f 4146/3/634 4148/3/634 4144/3/634
f 4202/3/627 4206/3/627 4204/3/627
f 6420/1/1 6419/2/1 6415/2/1
f 6423/3/2 6421/3/2 6415/3/2
f 6427/3/3 6428/3/3 6431/3/3
f 6425/3/4 6427/3/4 6432/3/4
f 6425/3/5 6426/3/5 6414/3/5
f 6422/3/6 6424/3/6 6420/3/6
f 6417/3/5 6427/3/5 6425/3/5
f 6418/3/5 6428/3/5 6427/3/5
f 6431/3/7 6428/3/7 6426/3/7
f 6425/3/8 6430/19/8 6429/4/8
f 6424/3/3 6423/3/3 6419/3/3
f 6440/5/869 6436/10/869 6435/6/869
f 6433/8/870 6440/11/870 6439/7/870
f 6448/5/871 6447/7/871 6443/6/871
f 6441/8/12 6442/9/12 6447/7/12
f 6443/6/13 6445/17/13 6446/12/13
f 6438/12/14 6437/17/14 6435/6/14
f 6435/6/15 6443/6/15 6447/7/15
f 6442/13/16 6452/16/16 6450/14/16
f 6442/13/872 6441/8/872 6451/15/872
f 6403/3/17 6404/3/17 6437/3/17
f 6404/3/18 6401/3/18 6445/3/18
f 6422/3/5 6421/3/5 6423/3/5
f 6430/3/1 6432/3/1 6431/3/1
f 6446/3/19 6402/3/19 6403/3/19
f 6437/17/20 6445/17/20 6443/6/20
f 6434/13/8 6450/14/8 6449/18/8
f 6445/3/21 6401/3/21 6402/3/21
f 6441/8/22 6448/11/22 6440/11/22
f 6449/18/351 6451/15/351 6441/8/351
f 6444/10/24 6446/12/24 6438/12/24
f 6440/5/25 6448/5/25 6444/10/25
f 6447/7/26 6442/9/26 6434/9/26
f 6422/19/8 6416/1/8 6415/2/8
f 6414/3/5 6426/3/5 6428/3/5
f 6522/1/1 6521/2/1 6515/2/1
f 6458/3/5 6462/3/5 6474/3/5
f 6459/2/700 6460/1/700 6466/19/700
f 6525/3/28 6523/3/28 6515/3/28
f 6460/1/1 6459/2/1 6463/2/1
f 6459/3/29 6465/3/29 6467/3/29
f 6458/3/5 6470/3/5 6469/3/5
f 6477/3/30 6474/3/30 6473/3/30
f 6461/3/5 6457/3/5 6469/3/5
f 6477/3/31 6475/3/31 6470/3/31
f 6475/4/27 6476/19/27 6469/3/27
f 6463/3/30 6467/3/30 6468/3/30
f 6481/20/33 6482/24/33 6480/21/33
f 6483/23/34 6484/26/34 6482/24/34
f 6476/3/35 6478/3/35 6473/3/35
f 6409/3/1 6411/3/1 6455/3/1
f 6462/3/5 6461/3/5 6473/3/5
f 6464/3/36 6468/3/36 6466/3/36
f 6485/25/37 6486/28/37 6484/26/37
f 6487/27/38 6488/30/38 6486/28/38
f 6489/29/39 6490/32/39 6488/30/39
f 6491/31/40 6492/34/40 6490/32/40
f 6493/33/41 6494/36/41 6492/34/41
f 6495/35/42 6496/38/42 6494/36/42
f 6497/37/43 6498/40/43 6496/38/43
f 6499/39/44 6500/42/44 6498/40/44
f 6501/41/45 6502/44/45 6500/42/45
f 6503/43/46 6504/46/46 6502/44/46
f 6505/45/47 6506/48/47 6504/46/47
f 6507/47/48 6508/50/48 6506/48/48
f 6509/49/49 6510/52/49 6508/50/49
f 6479/51/50 6480/67/50 6510/52/50
f 6532/5/873 6531/7/873 6527/6/873
f 6517/8/874 6518/9/874 6531/7/874
f 6527/6/875 6529/17/875 6530/12/875
f 6537/3/54 6538/3/54 6545/3/54
f 6540/3/55 6535/3/55 6537/3/55
f 6544/12/56 6543/17/56 6541/6/56
f 6564/5/57 6542/10/57 6541/6/57
f 6533/8/876 6564/11/876 6563/7/876
f 6529/3/59 6514/3/59 6513/3/59
f 6535/3/5 6536/3/5 6472/3/5
f 6524/3/60 6526/3/60 6522/3/60
f 6527/6/703 6531/7/703 6563/7/703
f 6566/14/62 6568/16/62 6534/13/62
f 6534/13/30 6568/16/30 6567/15/30
f 6532/5/63 6528/10/63 6542/10/63
f 6519/3/5 6537/3/5 6535/3/5
f 6520/3/5 6538/3/5 6537/3/5
f 6529/17/64 6527/6/64 6541/6/64
f 6545/3/62 6538/3/62 6536/3/62
f 6530/12/65 6544/12/65 6542/10/65
f 6513/3/66 6512/3/66 6544/3/66
f 6514/3/67 6529/3/67 6543/3/67
f 6518/9/68 6534/9/68 6563/7/68
f 6565/18/877 6517/8/877 6533/8/877
f 6535/3/70 6540/19/70 6539/4/70
f 6512/3/878 6511/3/878 6543/3/878
f 6526/3/54 6525/3/54 6521/3/54
f 6532/11/73 6564/11/73 6533/8/73
f 6518/13/27 6517/8/27 6565/18/27
f 6554/5/74 6550/10/74 6549/6/74
f 6547/8/879 6554/11/879 6553/7/879
f 6562/5/880 6561/7/880 6557/6/880
f 6555/8/881 6556/9/881 6561/7/881
f 6557/6/882 6559/17/882 6560/12/882
f 6552/12/79 6551/17/79 6549/6/79
f 6549/6/699 6557/6/699 6561/7/699
f 6556/13/31 6588/16/31 6586/14/31
f 6556/13/54 6555/8/54 6587/15/54
f 6513/3/81 6514/3/81 6551/3/81
f 6514/3/82 6511/3/82 6559/3/82
f 6524/3/5 6523/3/5 6525/3/5
f 6540/3/1 6546/3/1 6545/3/1
f 6560/3/83 6512/3/83 6513/3/83
f 6551/17/84 6559/17/84 6557/6/84
f 6548/13/70 6586/14/70 6585/18/70
f 6559/3/85 6511/3/85 6512/3/85
f 6555/8/883 6562/11/883 6554/11/883
f 6585/18/884 6587/15/884 6555/8/884
f 6558/10/88 6560/12/88 6552/12/88
f 6554/5/89 6562/5/89 6558/10/89
f 6561/7/90 6556/9/90 6548/9/90
f 6524/19/691 6516/1/691 6515/2/691
f 6468/3/5 6467/3/5 6465/3/5
f 6477/3/1 6478/3/1 6476/3/1
f 6409/3/91 6453/3/91 6454/3/91
f 6569/53/5 6573/53/5 6580/54/5
f 6571/55/5 6579/55/5 6578/56/5
f 6569/57/94 6583/68/94 6581/58/94
f 6572/54/93 6584/59/93 6583/42/93
f 6571/55/92 6582/39/92 6584/59/92
f 6570/56/95 6581/58/95 6582/39/95
f 6578/56/94 6575/61/94 6574/60/94
f 6579/55/95 6576/31/95 6575/61/95
f 6580/54/92 6577/62/92 6576/31/92
f 6573/53/93 6574/34/93 6577/62/93
f 6570/56/5 6578/56/5 6573/57/5
f 6576/31/1 6577/62/1 6574/63/1
f 6580/54/5 6579/55/5 6571/55/5
f 6536/3/5 6538/3/5 6520/3/5
f 6411/3/96 6412/3/96 6456/3/96
f 6412/3/5 6410/3/5 6454/3/5
f 6581/3/5 6583/3/5 6584/3/5
f 6658/1/1 6657/2/1 6651/2/1
f 6594/3/5 6598/3/5 6610/3/5
f 6595/2/102 6596/1/102 6602/19/102
f 6661/3/98 6659/3/98 6651/3/98
f 6595/2/1 6599/2/1 6600/1/1
f 6595/3/99 6601/3/99 6603/3/99
f 6594/3/5 6606/3/5 6605/3/5
f 6613/3/100 6610/3/100 6609/3/100
f 6597/3/5 6593/3/5 6605/3/5
f 6613/3/101 6611/3/101 6606/3/101
f 6611/4/102 6612/19/102 6605/3/102
f 6599/3/100 6603/3/100 6604/3/100
f 6617/20/104 6618/24/104 6616/21/104
f 6619/23/105 6620/26/105 6618/24/105
f 6612/3/106 6614/3/106 6609/3/106
f 6453/3/1 6455/3/1 6591/3/1
f 6598/3/5 6597/3/5 6609/3/5
f 6600/3/107 6604/3/107 6602/3/107
f 6621/25/108 6622/28/108 6620/26/108
f 6623/27/885 6624/30/885 6622/28/885
f 6625/29/110 6626/32/110 6624/30/110
f 6627/31/111 6628/34/111 6626/32/111
f 6629/33/112 6630/36/112 6628/34/112
f 6631/35/113 6632/38/113 6630/36/113
f 6633/37/114 6634/40/114 6632/38/114
f 6635/39/115 6636/42/115 6634/40/115
f 6637/41/116 6638/44/116 6636/42/116
f 6639/43/117 6640/46/117 6638/44/117
f 6641/45/118 6642/48/118 6640/46/118
f 6643/47/119 6644/50/119 6642/48/119
f 6645/49/120 6646/52/120 6644/50/120
f 6615/51/121 6616/67/121 6646/52/121
f 6668/5/122 6667/7/122 6663/6/122
f 6653/8/886 6654/9/886 6667/7/886
f 6663/6/124 6665/17/124 6666/12/124
f 6673/3/152 6674/3/152 6681/3/152
f 6671/3/126 6673/3/126 6682/3/126
f 6680/12/887 6679/17/887 6677/6/887
f 6700/5/128 6678/10/128 6677/6/128
f 6669/8/129 6700/11/129 6699/7/129
f 6665/3/715 6650/3/715 6649/3/715
f 6671/3/5 6672/3/5 6608/3/5
f 6660/3/131 6662/3/131 6658/3/131
f 6663/6/714 6667/7/714 6699/7/714
f 6702/14/133 6704/16/133 6670/13/133
f 6670/13/100 6704/16/100 6703/15/100
f 6668/5/135 6664/10/135 6678/10/135
f 6655/3/5 6673/3/5 6671/3/5
f 6656/3/5 6674/3/5 6673/3/5
f 6665/17/136 6663/6/136 6677/6/136
f 6681/3/133 6674/3/133 6672/3/133
f 6666/12/137 6680/12/137 6678/10/137
f 6649/3/138 6648/3/138 6680/3/138
f 6650/3/139 6665/3/139 6679/3/139
f 6654/9/140 6670/9/140 6699/7/140
f 6701/18/141 6653/8/141 6669/8/141
f 6671/3/142 6676/19/142 6675/4/142
f 6648/3/143 6647/3/143 6679/3/143
f 6662/3/152 6661/3/152 6657/3/152
f 6668/11/144 6700/11/144 6669/8/144
f 6654/13/97 6653/8/97 6701/18/97
f 6690/5/145 6686/10/145 6685/6/145
f 6683/8/888 6690/11/888 6689/7/888
f 6698/5/889 6697/7/889 6693/6/889
f 6691/8/890 6692/9/890 6697/7/890
f 6693/6/891 6695/17/891 6696/12/891
f 6688/12/892 6687/17/892 6685/6/892
f 6685/6/709 6693/6/709 6697/7/709
f 6692/13/101 6724/16/101 6722/14/101
f 6692/13/152 6691/8/152 6723/15/152
f 6649/3/153 6650/3/153 6687/3/153
f 6650/3/154 6647/3/154 6695/3/154
f 6659/3/5 6661/3/5 6662/3/5
f 6676/3/1 6682/3/1 6681/3/1
f 6696/3/155 6648/3/155 6649/3/155
f 6687/17/156 6695/17/156 6693/6/156
f 6684/13/142 6722/14/142 6721/18/142
f 6695/3/157 6647/3/157 6648/3/157
f 6691/8/893 6698/11/893 6690/11/893
f 6721/18/712 6723/15/712 6691/8/712
f 6694/10/160 6696/12/160 6688/12/160
f 6690/5/161 6698/5/161 6694/10/161
f 6697/7/162 6692/9/162 6684/9/162
f 6660/19/704 6652/1/704 6651/2/704
f 6602/3/5 6604/3/5 6603/3/5
f 6613/3/1 6614/3/1 6612/3/1
f 6453/3/163 6589/3/163 6590/3/163
f 6709/53/5 6716/54/5 6708/54/5
f 6707/55/5 6715/55/5 6714/56/5
f 6705/57/166 6719/68/166 6717/58/166
f 6708/54/165 6720/59/165 6719/42/165
f 6707/55/164 6718/39/164 6720/59/164
f 6706/56/167 6717/58/167 6718/39/167
f 6714/56/166 6711/61/166 6710/60/166
f 6715/55/167 6712/31/167 6711/61/167
f 6716/54/164 6713/62/164 6712/31/164
f 6709/53/165 6710/34/165 6713/62/165
f 6714/56/5 6709/57/5 6705/57/5
f 6712/31/1 6713/62/1 6710/63/1
f 6708/54/5 6716/54/5 6715/55/5
f 6608/3/5 6672/3/5 6674/3/5
f 6455/3/168 6456/3/168 6592/3/168
f 6592/3/5 6456/3/5 6454/3/5
f 6717/3/5 6719/3/5 6720/3/5
f 6794/1/1 6793/2/1 6787/2/1
f 6730/3/5 6734/3/5 6746/3/5
f 6731/2/727 6732/1/727 6738/19/727
f 6797/3/170 6795/3/170 6787/3/170
f 6732/1/1 6731/2/1 6735/2/1
f 6731/3/171 6737/3/171 6739/3/171
f 6730/3/5 6742/3/5 6741/3/5
f 6749/3/172 6746/3/172 6745/3/172
f 6733/3/5 6729/3/5 6741/3/5
f 6749/3/173 6747/3/173 6742/3/173
f 6747/4/169 6748/19/169 6741/3/169
f 6735/3/204 6739/3/204 6740/3/204
f 6753/20/174 6754/24/174 6752/21/174
f 6755/23/175 6756/26/175 6754/24/175
f 6750/3/176 6745/3/176 6741/3/176
f 6589/3/1 6591/3/1 6727/3/1
f 6734/3/5 6733/3/5 6745/3/5
f 6736/3/177 6740/3/177 6738/3/177
f 6757/25/178 6758/28/178 6756/26/178
f 6759/27/179 6760/30/179 6758/28/179
f 6761/29/180 6762/32/180 6760/30/180
f 6763/31/181 6764/34/181 6762/32/181
f 6765/33/182 6766/36/182 6764/34/182
f 6767/35/183 6768/38/183 6766/36/183
f 6769/37/184 6770/40/184 6768/38/184
f 6771/39/185 6772/42/185 6770/40/185
f 6773/41/186 6774/44/186 6772/42/186
f 6775/43/187 6776/46/187 6774/44/187
f 6777/45/1043 6778/48/1043 6776/46/1043
f 6779/47/189 6780/50/189 6778/48/189
f 6781/49/413 6782/52/413 6780/50/413
f 6751/51/191 6752/67/191 6782/52/191
f 6804/5/192 6803/7/192 6799/6/192
f 6789/8/895 6790/9/895 6803/7/895
f 6799/6/896 6801/17/896 6802/12/896
f 6809/3/195 6810/3/195 6817/3/195
f 6812/3/196 6807/3/196 6809/3/196
f 6816/12/897 6815/17/897 6813/6/897
f 6836/5/728 6814/10/728 6813/6/728
f 6805/8/898 6836/11/898 6835/7/898
f 6801/3/200 6786/3/200 6785/3/200
f 6807/3/5 6808/3/5 6744/3/5
f 6796/3/201 6798/3/201 6794/3/201
f 6803/7/202 6835/7/202 6813/6/202
f 6790/13/203 6838/14/203 6840/16/203
f 6806/13/204 6840/16/204 6839/15/204
f 6804/5/205 6800/10/205 6814/10/205
f 6791/3/5 6809/3/5 6807/3/5
f 6792/3/5 6810/3/5 6809/3/5
f 6801/17/206 6799/6/206 6813/6/206
f 6817/3/203 6810/3/203 6808/3/203
f 6802/12/207 6816/12/207 6814/10/207
f 6785/3/208 6784/3/208 6816/3/208
f 6786/3/209 6801/3/209 6815/3/209
f 6790/9/733 6806/9/733 6835/7/733
f 6837/18/732 6789/8/732 6805/8/732
f 6807/3/718 6812/19/718 6811/4/718
f 6784/3/213 6783/3/213 6815/3/213
f 6798/3/195 6797/3/195 6793/3/195
f 6804/11/215 6836/11/215 6805/8/215
f 6790/13/169 6789/8/169 6837/18/169
f 6826/5/216 6822/10/216 6821/6/216
f 6819/8/899 6826/11/899 6825/7/899
f 6834/5/218 6833/7/218 6829/6/218
f 6827/8/219 6828/9/219 6833/7/219
f 6829/6/900 6831/17/900 6832/12/900
f 6824/12/221 6823/17/221 6821/6/221
f 6821/6/856 6829/6/856 6833/7/856
f 6820/13/173 6828/13/173 6860/16/173
f 6828/13/901 6827/8/901 6859/15/901
f 6785/3/726 6786/3/726 6823/3/726
f 6786/3/224 6783/3/224 6831/3/224
f 6796/3/5 6795/3/5 6797/3/5
f 6811/3/1 6812/3/1 6818/3/1
f 6832/3/225 6784/3/225 6785/3/225
f 6823/17/226 6831/17/226 6829/6/226
f 6820/13/212 6858/14/212 6857/18/212
f 6831/3/227 6783/3/227 6784/3/227
f 6827/8/228 6834/11/228 6826/11/228
f 6857/18/725 6859/15/725 6827/8/725
f 6830/10/230 6832/12/230 6824/12/230
f 6826/5/231 6834/5/231 6830/10/231
f 6833/7/724 6828/9/724 6820/9/724
f 6796/19/718 6788/1/718 6787/2/718
f 6740/3/5 6739/3/5 6737/3/5
f 6747/3/1 6749/3/1 6750/3/1
f 6589/3/233 6725/3/233 6726/3/233
f 6841/53/848 6845/53/848 6852/54/848
f 6851/55/5 6850/56/5 6842/56/5
f 6841/57/235 6855/68/235 6853/58/235
f 6844/54/44 6856/59/44 6855/42/44
f 6843/55/234 6854/39/234 6856/59/234
f 6842/56/34 6853/58/34 6854/39/34
f 6850/56/235 6847/61/235 6846/60/235
f 6851/55/34 6848/31/34 6847/61/34
f 6852/54/234 6849/62/234 6848/31/234
f 6845/53/44 6846/34/44 6849/62/44
f 6842/56/850 6850/56/850 6845/57/850
f 6847/23/1 6848/31/1 6849/62/1
f 6844/54/848 6852/54/848 6851/55/848
f 6808/3/5 6810/3/5 6792/3/5
f 6591/3/236 6592/3/236 6728/3/236
f 6592/3/5 6590/3/5 6726/3/5
f 6853/3/5 6855/3/5 6856/3/5
f 6930/1/1 6929/2/1 6923/2/1
f 6866/3/5 6870/3/5 6882/3/5
f 6867/2/902 6868/1/902 6874/19/902
f 6933/3/238 6931/3/238 6923/3/238
f 6867/2/1 6871/2/1 6872/1/1
f 6867/3/239 6873/3/239 6875/3/239
f 6866/3/5 6878/3/5 6877/3/5
f 6885/3/240 6882/3/240 6881/3/240
f 6869/3/5 6865/3/5 6877/3/5
f 6885/3/241 6883/3/241 6878/3/241
f 6883/4/237 6884/19/237 6877/3/237
f 6871/3/240 6875/3/240 6876/3/240
f 6889/20/243 6890/24/243 6888/21/243
f 6891/23/94 6892/26/94 6890/24/94
f 6886/3/244 6881/3/244 6877/3/244
f 6725/3/1 6727/3/1 6863/3/1
f 6870/3/5 6869/3/5 6881/3/5
f 6872/3/245 6876/3/245 6874/3/245
f 6893/25/903 6894/28/903 6892/26/903
f 6895/27/247 6896/30/247 6894/28/247
f 6897/29/248 6898/32/248 6896/30/248
f 6899/31/249 6900/34/249 6898/32/249
f 6901/33/250 6902/36/250 6900/34/250
f 6903/35/251 6904/38/251 6902/36/251
f 6905/37/252 6906/40/252 6904/38/252
f 6907/39/92 6908/42/92 6906/40/92
f 6909/41/904 6910/44/904 6908/42/904
f 6911/43/254 6912/46/254 6910/44/254
f 6913/45/255 6914/48/255 6912/46/255
f 6915/47/95 6916/50/95 6914/48/95
f 6917/49/256 6918/52/256 6916/50/256
f 6887/51/257 6888/67/257 6918/52/257
f 6940/5/258 6939/7/258 6935/6/258
f 6925/8/905 6926/9/905 6939/7/905
f 6935/6/742 6937/17/742 6938/12/742
f 6945/3/261 6946/3/261 6953/3/261
f 6943/3/262 6945/3/262 6954/3/262
f 6952/12/906 6951/17/906 6949/6/906
f 6972/5/1044 6950/10/1044 6949/6/1044
f 6941/8/908 6972/11/908 6971/7/908
f 6937/3/266 6922/3/266 6921/3/266
f 6943/3/5 6944/3/5 6880/3/5
f 6932/3/267 6934/3/267 6930/3/267
f 6935/6/909 6939/7/909 6971/7/909
f 6926/13/269 6974/14/269 6976/16/269
f 6942/13/240 6976/16/240 6975/15/240
f 6940/5/270 6936/10/270 6950/10/270
f 6927/3/5 6945/3/5 6943/3/5
f 6928/3/5 6946/3/5 6945/3/5
f 6937/17/271 6935/6/271 6949/6/271
f 6953/3/269 6946/3/269 6944/3/269
f 6938/12/272 6952/12/272 6950/10/272
f 6921/3/273 6920/3/273 6952/3/273
f 6922/3/274 6937/3/274 6951/3/274
f 6926/9/275 6942/9/275 6971/7/275
f 6973/18/910 6925/8/910 6941/8/910
f 6943/3/277 6948/19/277 6947/4/277
f 6920/3/278 6919/3/278 6951/3/278
f 6934/3/261 6933/3/261 6929/3/261
f 6940/11/280 6972/11/280 6941/8/280
f 6926/13/237 6925/8/237 6973/18/237
f 6962/5/1042 6958/10/1042 6957/6/1042
f 6955/8/912 6962/11/912 6961/7/912
f 6970/5/283 6969/7/283 6965/6/283
f 6963/8/913 6964/9/913 6969/7/913
f 6965/6/285 6967/17/285 6968/12/285
f 6960/12/914 6959/17/914 6957/6/914
f 6957/6/915 6965/6/915 6969/7/915
f 6956/13/241 6964/13/241 6996/16/241
f 6964/13/1045 6963/8/1045 6995/15/1045
f 6921/3/288 6922/3/288 6959/3/288
f 6922/3/289 6919/3/289 6967/3/289
f 6932/3/5 6931/3/5 6933/3/5
f 6948/3/1 6954/3/1 6953/3/1
f 6968/3/290 6920/3/290 6921/3/290
f 6959/17/291 6967/17/291 6965/6/291
f 6956/13/277 6994/14/277 6993/18/277
f 6967/3/1046 6919/3/1046 6920/3/1046
f 6963/8/293 6970/11/293 6962/11/293
f 6993/18/916 6995/15/916 6963/8/916
f 6966/10/295 6968/12/295 6960/12/295
f 6962/5/296 6970/5/296 6966/10/296
f 6969/7/297 6964/9/297 6956/9/297
f 6932/19/734 6924/1/734 6923/2/734
f 6876/3/5 6875/3/5 6873/3/5
f 6883/3/1 6885/3/1 6886/3/1
f 6725/3/298 6861/3/298 6862/3/298
f 6977/53/5 6981/53/5 6988/54/5
f 6987/55/848 6986/56/848 6978/56/848
f 6977/57/111 6991/68/111 6989/58/111
f 6980/54/115 6992/59/115 6991/42/115
f 6979/55/299 6990/39/299 6992/59/299
f 6978/56/300 6989/58/300 6990/39/300
f 6986/56/111 6983/61/111 6982/60/111
f 6987/55/300 6984/31/300 6983/61/300
f 6988/54/299 6985/62/299 6984/31/299
f 6981/53/115 6982/34/115 6985/62/115
f 6978/56/5 6986/56/5 6981/57/5
f 6983/23/1 6984/31/1 6985/62/1
f 6988/54/5 6987/55/5 6979/55/5
f 6880/3/5 6944/3/5 6946/3/5
f 6727/3/301 6728/3/301 6864/3/301
f 6864/3/5 6728/3/5 6726/3/5
f 6989/3/5 6991/3/5 6992/3/5
f 6998/3/5 7002/3/5 7012/3/5
f 6999/2/302 7000/1/302 7006/19/302
f 7000/1/1 6999/2/1 7003/2/1
f 6999/3/303 7005/3/303 7007/3/303
f 6998/3/5 7010/3/5 7009/3/5
f 7015/3/304 7012/3/304 7011/3/304
f 7001/3/5 6997/3/5 7009/3/5
f 7015/3/305 7013/3/305 7010/3/305
f 7013/4/302 7014/19/302 7009/3/302
f 7003/3/304 7007/3/304 7008/3/304
f 7019/20/582 7020/24/582 7018/21/582
f 7021/23/308 7022/26/308 7020/24/308
f 7016/3/309 7011/3/309 7009/3/309
f 7002/3/5 7001/3/5 7011/3/5
f 7004/3/310 7008/3/310 7006/3/310
f 7023/25/311 7024/28/311 7022/26/311
f 7025/27/312 7026/30/312 7024/28/312
f 7027/29/313 7028/32/313 7026/30/313
f 7029/31/314 7030/34/314 7028/32/314
f 7031/33/315 7032/36/315 7030/34/315
f 7033/35/316 7034/38/316 7032/36/316
f 7035/37/317 7036/40/317 7034/38/317
f 7037/39/318 7038/42/318 7036/40/318
f 7039/41/319 7040/44/319 7038/42/319
f 7041/43/320 7042/46/320 7040/44/320
f 7043/45/321 7044/48/321 7042/46/321
f 7045/47/322 7046/50/322 7044/48/322
f 7047/49/461 7048/52/461 7046/50/461
f 7017/51/579 7018/67/579 7048/52/579
f 7060/5/917 7059/7/917 7055/6/917
f 7053/8/918 7054/9/918 7059/7/918
f 7055/6/327 7057/17/327 7058/12/327
f 7066/12/328 7065/17/328 7063/6/328
f 7068/5/919 7064/10/919 7063/6/919
f 7061/8/330 7068/11/330 7067/7/330
f 7057/3/331 7052/3/331 7051/3/331
f 7055/6/685 7059/7/685 7067/7/685
f 7070/14/333 7072/16/333 7062/13/333
f 7062/13/304 7072/16/304 7071/15/304
f 7060/5/335 7056/10/335 7064/10/335
f 7057/17/336 7055/6/336 7063/6/336
f 7058/12/337 7066/12/337 7064/10/337
f 7051/3/338 7050/3/338 7066/3/338
f 7052/3/339 7057/3/339 7065/3/339
f 7054/9/340 7062/9/340 7067/7/340
f 7069/18/341 7053/8/341 7061/8/341
f 7050/3/342 7049/3/342 7065/3/342
f 7060/11/343 7068/11/343 7061/8/343
f 7054/13/920 7053/8/920 7069/18/920
f 7008/3/5 7007/3/5 7005/3/5
f 7015/3/1 7016/3/1 7014/3/1
f 7073/53/848 7076/54/848 7084/54/848
f 7074/56/858 7082/56/858 7083/55/858
f 7085/58/49 7087/68/49 7073/57/49
f 7087/42/344 7088/59/344 7076/54/344
f 7088/59/41 7086/39/41 7075/55/41
f 7086/39/345 7085/58/345 7074/56/345
f 7078/60/49 7079/61/49 7082/56/49
f 7079/61/345 7080/31/345 7083/55/345
f 7080/31/41 7081/62/41 7084/54/41
f 7081/62/344 7078/34/344 7077/53/344
f 7074/56/5 7073/57/5 7077/57/5
f 7078/63/1 7081/62/1 7080/31/1
f 7075/55/5 7083/55/5 7084/54/5
f 7088/3/5 7087/3/5 7085/3/5
f 7095/2/1 7099/2/1 7100/1/1
f 7095/3/2 7101/3/2 7103/3/2
f 7111/3/8 7108/3/8 7107/3/8
f 7112/3/4 7107/3/4 7105/3/4
f 7094/3/5 7106/3/5 7105/3/5
f 7100/3/6 7104/3/6 7102/3/6
f 7097/3/5 7093/3/5 7105/3/5
f 7098/3/5 7097/3/5 7107/3/5
f 7111/3/7 7109/3/7 7106/3/7
f 7109/4/3 7110/19/3 7105/3/3
f 7099/3/8 7103/3/8 7104/3/8
f 7120/5/921 7119/7/921 7115/6/921
f 7113/8/922 7114/9/922 7119/7/922
f 7128/5/869 7124/10/869 7123/6/869
f 7121/8/348 7128/11/348 7127/7/348
f 7126/12/14 7125/17/14 7123/6/14
f 7115/6/13 7117/17/13 7118/12/13
f 7115/6/15 7119/7/15 7127/7/15
f 7130/14/16 7132/16/16 7122/13/16
f 7122/13/8 7132/16/8 7131/15/8
f 7117/3/21 6408/3/21 6407/3/21
f 6408/3/18 7117/3/18 7125/3/18
f 7102/3/5 7104/3/5 7103/3/5
f 7111/3/1 7112/3/1 7110/3/1
f 6407/3/19 6406/3/19 7126/3/19
f 7117/17/20 7115/6/20 7123/6/20
f 7114/13/3 7113/8/3 7129/18/3
f 6406/3/17 6405/3/17 7125/3/17
f 7120/11/22 7128/11/22 7121/8/22
f 7129/18/23 7113/8/23 7121/8/23
f 7118/12/24 7126/12/24 7124/10/24
f 7120/5/25 7116/10/25 7124/10/25
f 7114/9/26 7122/9/26 7127/7/26
f 7095/2/3 7096/1/3 7102/19/3
f 7094/3/5 7098/3/5 7108/3/5
f 7138/3/5 7150/3/5 7154/3/5
f 7146/19/636 7140/1/636 7139/2/636
f 7149/3/5 7150/3/5 7138/3/5
f 7153/3/353 7154/3/353 7157/3/353
f 7141/3/5 7153/3/5 7149/3/5
f 7157/3/354 7154/3/354 7150/3/354
f 7149/3/352 7156/19/352 7155/4/352
f 7148/3/353 7147/3/353 7143/3/353
f 7160/21/356 7162/24/356 7161/20/356
f 7162/24/357 7164/26/357 7163/23/357
f 7156/3/298 7149/3/298 7153/3/298
f 7135/3/1 7091/3/1 7089/3/1
f 7142/3/5 7154/3/5 7153/3/5
f 7164/26/358 7166/28/358 7165/25/358
f 7166/28/243 7168/30/243 7167/27/243
f 7168/30/359 7170/32/359 7169/29/359
f 7170/32/360 7172/34/360 7171/31/360
f 7172/34/95 7174/36/95 7173/33/95
f 7174/36/255 7176/38/255 7175/35/255
f 7176/38/361 7178/40/361 7177/37/361
f 7178/40/253 7180/42/253 7179/39/253
f 7180/42/362 7182/44/362 7181/41/362
f 7182/44/363 7184/46/363 7183/43/363
f 7184/46/364 7186/48/364 7185/45/364
f 7186/48/365 7188/50/365 7187/47/365
f 7188/50/93 7190/52/93 7189/49/93
f 7190/52/366 7160/67/366 7159/51/366
f 7212/5/923 7208/10/923 7207/6/923
f 7197/8/924 7212/11/924 7211/7/924
f 7210/12/925 7209/17/925 7207/6/925
f 7225/3/370 7218/3/370 7217/3/370
f 7220/3/301 7226/3/301 7217/3/301
f 7221/6/371 7223/17/371 7224/12/371
f 7244/5/372 7243/7/372 7221/6/372
f 7213/8/926 7214/9/926 7243/7/926
f 7193/3/374 7194/3/374 7209/3/374
f 7152/3/5 7216/3/5 7215/3/5
f 7207/6/849 7221/6/849 7243/7/849
f 7214/13/376 7248/16/376 7246/14/376
f 7214/13/353 7213/8/353 7247/15/353
f 7212/5/377 7244/5/377 7222/10/377
f 7199/3/5 7151/3/5 7215/3/5
f 7200/3/5 7199/3/5 7217/3/5
f 7209/17/378 7223/17/378 7221/6/378
f 7225/3/376 7219/3/376 7216/3/376
f 7222/10/379 7224/12/379 7210/12/379
f 7194/3/380 7191/3/380 7223/3/380
f 7243/7/381 7214/9/381 7198/9/381
f 7245/18/927 7247/15/927 7213/8/927
f 7219/4/383 7220/19/383 7215/3/383
f 7223/3/928 7191/3/928 7192/3/928
f 7201/3/370 7205/3/370 7206/3/370
f 7213/8/386 7244/11/386 7212/11/386
f 7198/13/352 7246/14/352 7245/18/352
f 7234/5/387 7233/7/387 7229/6/387
f 7227/8/929 7228/9/929 7233/7/929
f 7242/5/930 7238/10/930 7237/6/930
f 7235/8/931 7242/11/931 7241/7/931
f 7240/12/932 7239/17/932 7237/6/932
f 7229/6/392 7231/17/392 7232/12/392
f 7229/6/853 7233/7/853 7241/7/853
f 7266/14/354 7268/16/354 7236/13/354
f 7236/13/370 7268/16/370 7267/15/370
f 7231/3/394 7194/3/394 7193/3/394
f 7194/3/395 7231/3/395 7239/3/395
f 7204/3/5 7206/3/5 7205/3/5
f 7225/3/1 7226/3/1 7220/3/1
f 7231/17/396 7229/6/396 7237/6/396
f 7228/13/383 7227/8/383 7265/18/383
f 7192/3/397 7191/3/397 7239/3/397
f 7234/11/933 7242/11/933 7235/8/933
f 7265/18/934 7227/8/934 7235/8/934
f 7232/12/400 7240/12/400 7238/10/400
f 7234/5/401 7230/10/401 7238/10/401
f 7228/9/402 7236/9/402 7241/7/402
f 7195/2/626 7196/1/626 7204/19/626
f 7145/3/5 7147/3/5 7148/3/5
f 7156/3/1 7158/3/1 7157/3/1
f 7134/3/244 7133/3/244 7089/3/244
f 7249/53/5 7252/54/5 7260/54/5
f 7251/55/5 7250/56/5 7258/56/5
f 7261/58/345 7263/68/345 7249/57/345
f 7263/42/49 7264/59/49 7252/54/49
f 7264/59/344 7262/39/344 7251/55/344
f 7262/39/41 7261/58/41 7250/56/41
f 7254/60/345 7255/61/345 7258/56/345
f 7255/61/41 7256/31/41 7259/55/41
f 7256/31/344 7257/62/344 7260/54/344
f 7257/62/49 7254/34/49 7253/53/49
f 7250/56/850 7249/57/850 7253/57/850
f 7254/63/1 7257/62/1 7256/31/1
f 7252/54/5 7251/55/5 7259/55/5
f 7200/3/5 7218/3/5 7216/3/5
f 7136/3/262 7092/3/262 7091/3/262
f 7134/3/5 7090/3/5 7092/3/5
f 7264/3/5 7263/3/5 7261/3/5
f 7331/2/1 7337/2/1 7338/1/1
f 7274/3/5 7286/3/5 7290/3/5
f 7282/19/408 7276/1/408 7275/2/408
f 7331/3/404 7339/3/404 7341/3/404
f 7280/1/1 7279/2/1 7275/2/1
f 7279/3/405 7283/3/405 7281/3/405
f 7285/3/5 7286/3/5 7274/3/5
f 7289/3/406 7290/3/406 7293/3/406
f 7277/3/5 7289/3/5 7285/3/5
f 7293/3/407 7290/3/407 7286/3/407
f 7285/3/408 7292/19/408 7291/4/408
f 7284/3/406 7283/3/406 7279/3/406
f 7296/21/410 7298/24/410 7297/20/410
f 7298/24/178 7300/26/178 7299/23/178
f 7292/3/233 7285/3/233 7289/3/233
f 7271/3/1 7135/3/1 7133/3/1
f 7278/3/5 7290/3/5 7289/3/5
f 7282/3/411 7284/3/411 7280/3/411
f 7300/26/175 7302/28/175 7301/25/175
f 7304/30/412 7306/32/412 7305/29/412
f 7306/32/413 7308/34/413 7307/31/413
f 7308/34/189 7310/36/189 7309/33/189
f 7310/36/188 7312/38/188 7311/35/188
f 7312/38/414 7314/40/414 7313/37/414
f 7314/40/186 7316/42/186 7315/39/186
f 7316/42/415 7318/44/415 7317/41/415
f 7318/44/416 7320/46/416 7319/43/416
f 7320/46/417 7322/48/417 7321/45/417
f 7322/48/182 7324/50/182 7323/47/182
f 7324/50/418 7326/52/418 7325/49/418
f 7326/52/419 7296/67/419 7295/51/419
f 7348/5/420 7344/10/420 7343/6/420
f 7333/8/935 7348/11/935 7347/7/935
f 7346/12/422 7345/17/422 7343/6/422
f 7361/3/448 7354/3/448 7353/3/448
f 7362/3/236 7353/3/236 7351/3/236
f 7357/6/859 7359/17/859 7360/12/859
f 7380/5/425 7379/7/425 7357/6/425
f 7349/8/426 7350/9/426 7379/7/426
f 7329/3/653 7330/3/653 7345/3/653
f 7288/3/5 7352/3/5 7351/3/5
f 7338/3/428 7342/3/428 7340/3/428
f 7343/6/652 7357/6/652 7379/7/652
f 7350/13/430 7384/16/430 7382/14/430
f 7350/13/936 7349/8/936 7383/15/936
f 7348/5/431 7380/5/431 7358/10/431
f 7335/3/5 7287/3/5 7351/3/5
f 7336/3/5 7335/3/5 7353/3/5
f 7345/17/432 7359/17/432 7357/6/432
f 7361/3/430 7355/3/430 7352/3/430
f 7358/10/433 7360/12/433 7346/12/433
f 7360/3/434 7328/3/434 7329/3/434
f 7330/3/435 7327/3/435 7359/3/435
f 7379/7/436 7350/9/436 7334/9/436
f 7381/18/437 7383/15/437 7349/8/437
f 7355/4/438 7356/19/438 7351/3/438
f 7359/3/439 7327/3/439 7328/3/439
f 7337/3/448 7341/3/448 7342/3/448
f 7349/8/440 7380/11/440 7348/11/440
f 7334/13/403 7382/14/403 7381/18/403
f 7370/5/441 7369/7/441 7365/6/441
f 7363/8/937 7364/9/937 7369/7/937
f 7378/5/643 7374/10/643 7373/6/643
f 7371/8/938 7378/11/938 7377/7/938
f 7376/12/939 7375/17/939 7373/6/939
f 7365/6/864 7367/17/864 7368/12/864
f 7365/6/447 7369/7/447 7377/7/447
f 7402/14/407 7404/16/407 7372/13/407
f 7372/13/448 7404/16/448 7403/15/448
f 7367/3/449 7330/3/449 7329/3/449
f 7330/3/1047 7367/3/1047 7375/3/1047
f 7342/3/5 7341/3/5 7339/3/5
f 7361/3/1 7362/3/1 7356/3/1
f 7329/3/451 7328/3/451 7376/3/451
f 7367/17/452 7365/6/452 7373/6/452
f 7364/13/438 7363/8/438 7401/18/438
f 7328/3/453 7327/3/453 7375/3/453
f 7370/11/940 7378/11/940 7371/8/940
f 7401/18/941 7363/8/941 7371/8/941
f 7368/12/456 7376/12/456 7374/10/456
f 7370/5/457 7366/10/457 7374/10/457
f 7364/9/458 7372/9/458 7377/7/458
f 7331/2/639 7332/1/639 7340/19/639
f 7282/3/5 7281/3/5 7283/3/5
f 7292/3/1 7294/3/1 7293/3/1
f 7270/3/176 7269/3/176 7133/3/176
f 7385/53/850 7388/54/850 7396/54/850
f 7387/55/5 7386/56/5 7394/56/5
f 7397/58/461 7399/68/461 7385/57/461
f 7399/42/460 7400/59/460 7388/54/460
f 7400/59/459 7398/39/459 7387/55/459
f 7398/39/462 7397/58/462 7386/56/462
f 7390/60/461 7391/61/461 7394/56/461
f 7391/61/462 7392/31/462 7395/55/462
f 7392/31/459 7393/62/459 7396/54/459
f 7393/62/460 7390/34/460 7389/53/460
f 7385/57/5 7389/57/5 7394/56/5
f 7390/63/1 7393/62/1 7392/31/1
f 7388/54/5 7387/55/5 7395/55/5
f 7288/3/5 7336/3/5 7354/3/5
f 7272/3/196 7136/3/196 7135/3/196
f 7272/3/5 7270/3/5 7134/3/5
f 7400/3/5 7399/3/5 7397/3/5
f 7467/2/1 7473/2/1 7474/1/1
f 7410/3/5 7422/3/5 7426/3/5
f 7418/19/663 7412/1/663 7411/2/663
f 7467/3/464 7475/3/464 7477/3/464
f 7412/1/1 7416/1/1 7415/2/1
f 7419/3/465 7417/3/465 7411/3/465
f 7421/3/5 7422/3/5 7410/3/5
f 7425/3/466 7426/3/466 7429/3/466
f 7413/3/5 7425/3/5 7421/3/5
f 7429/3/467 7426/3/467 7422/3/467
f 7421/3/463 7428/19/463 7427/4/463
f 7420/3/489 7419/3/489 7415/3/489
f 7432/21/109 7434/24/109 7433/20/109
f 7434/24/108 7436/26/108 7435/23/108
f 7421/3/163 7425/3/163 7430/3/163
f 7407/3/1 7271/3/1 7269/3/1
f 7414/3/5 7426/3/5 7425/3/5
f 7418/3/468 7420/3/468 7416/3/468
f 7436/26/105 7438/28/105 7437/25/105
f 7438/28/469 7440/30/469 7439/27/469
f 7440/30/470 7442/32/470 7441/29/470
f 7442/32/471 7444/34/471 7443/31/471
f 7444/34/119 7446/36/119 7445/33/119
f 7446/36/472 7448/38/472 7447/35/472
f 7448/38/473 7450/40/473 7449/37/473
f 7450/40/474 7452/42/474 7451/39/474
f 7452/42/115 7454/44/115 7453/41/115
f 7454/44/475 7456/46/475 7455/43/475
f 7456/46/1048 7458/48/1048 7457/45/1048
f 7458/48/112 7460/50/112 7459/47/112
f 7460/50/111 7462/52/111 7461/49/111
f 7462/52/477 7432/67/477 7431/51/477
f 7484/5/478 7480/10/478 7479/6/478
f 7469/8/664 7484/11/664 7483/7/664
f 7482/12/944 7481/17/944 7479/6/944
f 7497/3/481 7490/3/481 7489/3/481
f 7492/3/168 7498/3/168 7489/3/168
f 7493/6/945 7495/17/945 7496/12/945
f 7516/5/946 7515/7/946 7493/6/946
f 7485/8/947 7486/9/947 7515/7/947
f 7465/3/485 7466/3/485 7481/3/485
f 7424/3/5 7488/3/5 7487/3/5
f 7474/3/486 7478/3/486 7476/3/486
f 7493/6/487 7515/7/487 7483/7/487
f 7470/13/488 7486/13/488 7520/16/488
f 7486/13/489 7485/8/489 7519/15/489
f 7484/5/490 7516/5/490 7494/10/490
f 7471/3/5 7423/3/5 7487/3/5
f 7472/3/5 7471/3/5 7489/3/5
f 7481/17/491 7495/17/491 7493/6/491
f 7497/3/488 7491/3/488 7488/3/488
f 7494/10/492 7496/12/492 7482/12/492
f 7496/3/493 7464/3/493 7465/3/493
f 7466/3/494 7463/3/494 7495/3/494
f 7515/7/668 7486/9/668 7470/9/668
f 7517/18/667 7519/15/667 7485/8/667
f 7491/4/655 7492/19/655 7487/3/655
f 7495/3/498 7463/3/498 7464/3/498
f 7473/3/481 7477/3/481 7478/3/481
f 7485/8/500 7516/11/500 7484/11/500
f 7470/13/463 7518/14/463 7517/18/463
f 7506/5/501 7505/7/501 7501/6/501
f 7499/8/948 7500/9/948 7505/7/948
f 7514/5/503 7510/10/503 7509/6/503
f 7507/8/504 7514/11/504 7513/7/504
f 7512/12/949 7511/17/949 7509/6/949
f 7501/6/506 7503/17/506 7504/12/506
f 7501/6/861 7505/7/861 7513/7/861
f 7500/13/467 7538/14/467 7540/16/467
f 7508/13/481 7540/16/481 7539/15/481
f 7503/3/662 7466/3/662 7465/3/662
f 7466/3/510 7503/3/510 7511/3/510
f 7476/3/5 7478/3/5 7477/3/5
f 7491/3/1 7497/3/1 7498/3/1
f 7465/3/511 7464/3/511 7512/3/511
f 7503/17/512 7501/6/512 7509/6/512
f 7500/13/497 7499/8/497 7537/18/497
f 7464/3/513 7463/3/513 7511/3/513
f 7506/11/514 7514/11/514 7507/8/514
f 7537/18/661 7499/8/661 7507/8/661
f 7504/12/516 7512/12/516 7510/10/516
f 7506/5/517 7502/10/517 7510/10/517
f 7500/9/660 7508/9/660 7513/7/660
f 7467/2/655 7468/1/655 7476/19/655
f 7417/3/5 7419/3/5 7420/3/5
f 7427/3/1 7428/3/1 7430/3/1
f 7406/3/106 7405/3/106 7269/3/106
f 7521/53/850 7524/54/850 7532/54/850
f 7522/56/5 7530/56/5 7531/55/5
f 7533/58/256 7535/68/256 7521/57/256
f 7535/42/253 7536/59/253 7524/54/253
f 7536/59/250 7534/39/250 7523/55/250
f 7534/39/357 7533/58/357 7522/56/357
f 7526/60/256 7527/61/256 7530/56/256
f 7527/61/357 7528/31/357 7531/55/357
f 7528/31/250 7529/62/250 7532/54/250
f 7529/62/253 7526/34/253 7525/53/253
f 7521/57/850 7525/57/850 7530/56/850
f 7527/23/1 7526/63/1 7529/62/1
f 7524/54/5 7523/55/5 7531/55/5
f 7472/3/5 7490/3/5 7488/3/5
f 7408/3/126 7272/3/126 7271/3/126
f 7408/3/5 7406/3/5 7270/3/5
f 7536/3/5 7535/3/5 7533/3/5
f 7603/2/1 7609/2/1 7610/1/1
f 7546/3/5 7558/3/5 7562/3/5
f 7554/19/950 7548/1/950 7547/2/950
f 7603/3/520 7611/3/520 7613/3/520
f 7552/1/1 7551/2/1 7547/2/1
f 7555/3/521 7553/3/521 7547/3/521
f 7557/3/5 7558/3/5 7546/3/5
f 7561/3/522 7562/3/522 7565/3/522
f 7549/3/5 7561/3/5 7557/3/5
f 7565/3/523 7562/3/523 7558/3/523
f 7557/3/519 7564/19/519 7563/4/519
f 7556/3/522 7555/3/522 7551/3/522
f 7568/21/38 7570/24/38 7569/20/38
f 7570/24/345 7572/26/345 7571/23/345
f 7557/3/91 7561/3/91 7566/3/91
f 7543/3/1 7407/3/1 7405/3/1
f 7550/3/5 7562/3/5 7561/3/5
f 7548/3/525 7554/3/525 7556/3/525
f 7572/26/951 7574/28/951 7573/25/951
f 7574/28/527 7576/30/527 7575/27/527
f 7576/30/528 7578/32/528 7577/29/528
f 7578/32/529 7580/34/529 7579/31/529
f 7580/34/234 7582/36/234 7581/33/234
f 7582/36/530 7584/38/530 7583/35/530
f 7584/38/531 7586/40/531 7585/37/531
f 7586/40/344 7588/42/344 7587/39/344
f 7588/42/952 7590/44/952 7589/41/952
f 7590/44/532 7592/46/532 7591/43/532
f 7592/46/42 7594/48/42 7593/45/42
f 7594/48/41 7596/50/41 7595/47/41
f 7596/50/235 7598/52/235 7597/49/235
f 7598/52/533 7568/67/533 7567/51/533
f 7620/5/534 7616/10/534 7615/6/534
f 7605/8/953 7620/11/953 7619/7/953
f 7618/12/536 7617/17/536 7615/6/536
f 7633/3/537 7626/3/537 7625/3/537
f 7634/3/96 7625/3/96 7623/3/96
f 7629/6/954 7631/17/954 7632/12/954
f 7652/5/955 7651/7/955 7629/6/955
f 7621/8/956 7622/9/956 7651/7/956
f 7601/3/541 7602/3/541 7617/3/541
f 7560/3/5 7624/3/5 7623/3/5
f 7610/3/542 7614/3/542 7612/3/542
f 7615/6/957 7629/6/957 7651/7/957
f 7606/13/544 7622/13/544 7656/16/544
f 7622/13/1049 7621/8/1049 7655/15/1049
f 7620/5/545 7652/5/545 7630/10/545
f 7607/3/5 7559/3/5 7623/3/5
f 7608/3/5 7607/3/5 7625/3/5
f 7617/17/546 7631/17/546 7629/6/546
f 7633/3/544 7627/3/544 7624/3/544
f 7630/10/547 7632/12/547 7618/12/547
f 7632/3/548 7600/3/548 7601/3/548
f 7602/3/549 7599/3/549 7631/3/549
f 7651/7/550 7622/9/550 7606/9/550
f 7653/18/958 7655/15/958 7621/8/958
f 7627/4/552 7628/19/552 7623/3/552
f 7631/3/553 7599/3/553 7600/3/553
f 7609/3/537 7613/3/537 7614/3/537
f 7621/8/555 7652/11/555 7620/11/555
f 7606/13/519 7654/14/519 7653/18/519
f 7642/5/959 7641/7/959 7637/6/959
f 7635/8/960 7636/9/960 7641/7/960
f 7650/5/558 7646/10/558 7645/6/558
f 7643/8/961 7650/11/961 7649/7/961
f 7648/12/560 7647/17/560 7645/6/560
f 7637/6/962 7639/17/962 7640/12/962
f 7637/6/963 7641/7/963 7649/7/963
f 7636/13/523 7674/14/523 7676/16/523
f 7644/13/537 7676/16/537 7675/15/537
f 7639/3/563 7602/3/563 7601/3/563
f 7602/3/564 7639/3/564 7647/3/564
f 7612/3/5 7614/3/5 7613/3/5
f 7633/3/1 7634/3/1 7628/3/1
f 7601/3/565 7600/3/565 7648/3/565
f 7639/17/566 7637/6/566 7645/6/566
f 7636/13/552 7635/8/552 7673/18/552
f 7600/3/964 7599/3/964 7647/3/964
f 7642/11/568 7650/11/568 7643/8/568
f 7673/18/965 7635/8/965 7643/8/965
f 7640/12/570 7648/12/570 7646/10/570
f 7642/5/571 7638/10/571 7646/10/571
f 7636/9/572 7644/9/572 7649/7/572
f 7603/2/669 7604/1/669 7612/19/669
f 7553/3/5 7555/3/5 7556/3/5
f 7564/3/1 7566/3/1 7565/3/1
f 7542/3/35 7541/3/35 7405/3/35
f 7657/53/848 7660/54/848 7668/54/848
f 7658/56/5 7666/56/5 7667/55/5
f 7669/58/413 7671/68/413 7657/57/413
f 7671/42/186 7672/59/186 7660/54/186
f 7672/59/573 7670/39/573 7659/55/573
f 7670/39/574 7669/58/574 7658/56/574
f 7662/60/413 7663/61/413 7666/56/413
f 7663/61/574 7664/31/574 7667/55/574
f 7664/31/573 7665/62/573 7668/54/573
f 7665/62/186 7662/34/186 7661/53/186
f 7658/56/5 7657/57/5 7661/57/5
f 7663/23/1 7662/63/1 7665/62/1
f 7659/55/5 7667/55/5 7668/54/5
f 7560/3/5 7608/3/5 7626/3/5
f 7544/3/55 7408/3/55 7407/3/55
f 7544/3/5 7542/3/5 7406/3/5
f 7672/3/5 7671/3/5 7669/3/5
f 7678/3/5 7690/3/5 7692/3/5
f 7686/19/575 7680/1/575 7679/2/575
f 7680/1/1 7684/1/1 7683/2/1
f 7687/3/576 7685/3/576 7679/3/576
f 7689/3/5 7690/3/5 7678/3/5
f 7691/3/577 7692/3/577 7695/3/577
f 7681/3/5 7691/3/5 7689/3/5
f 7695/3/333 7692/3/333 7690/3/333
f 7689/3/575 7694/19/575 7693/4/575
f 7688/3/577 7687/3/577 7683/3/577
f 7698/21/324 7700/24/324 7699/20/324
f 7700/24/323 7702/26/323 7701/23/323
f 7689/3/580 7691/3/580 7696/3/580
f 7682/3/5 7692/3/5 7691/3/5
f 7686/3/581 7688/3/581 7684/3/581
f 7702/26/322 7704/28/322 7703/25/322
f 7704/28/321 7706/30/321 7705/27/321
f 7706/30/320 7708/32/320 7707/29/320
f 7708/32/319 7710/34/319 7709/31/319
f 7710/34/318 7712/36/318 7711/33/318
f 7712/36/317 7714/38/317 7713/35/317
f 7714/38/316 7716/40/316 7715/37/316
f 7716/40/315 7718/42/315 7717/39/315
f 7718/42/314 7720/44/314 7719/41/314
f 7720/44/313 7722/46/313 7721/43/313
f 7722/46/312 7724/48/312 7723/45/312
f 7724/48/311 7726/50/311 7725/47/311
f 7726/50/166 7728/52/166 7727/49/166
f 7728/52/307 7698/67/307 7697/51/307
f 7736/5/966 7732/10/966 7731/6/966
f 7729/8/967 7736/11/967 7735/7/967
f 7734/12/585 7733/17/585 7731/6/585
f 7739/6/586 7741/17/586 7742/12/586
f 7744/5/968 7743/7/968 7739/6/968
f 7737/8/588 7738/9/588 7743/7/588
f 7051/3/589 7052/3/589 7733/3/589
f 7731/6/590 7739/6/590 7743/7/590
f 7738/13/305 7748/16/305 7746/14/305
f 7738/13/969 7737/8/969 7747/15/969
f 7736/5/591 7744/5/591 7740/10/591
f 7733/17/592 7741/17/592 7739/6/592
f 7740/10/593 7742/12/593 7734/12/593
f 7742/3/594 7050/3/594 7051/3/594
f 7052/3/595 7049/3/595 7741/3/595
f 7743/7/596 7738/9/596 7730/9/596
f 7745/18/597 7747/15/597 7737/8/597
f 7741/3/598 7049/3/598 7050/3/598
f 7737/8/599 7744/11/599 7736/11/599
f 7730/13/575 7746/14/575 7745/18/575
f 7685/3/5 7687/3/5 7688/3/5
f 7694/3/1 7696/3/1 7695/3/1
f 7749/53/858 7753/53/858 7760/54/858
f 7759/55/850 7758/56/850 7750/56/850
f 7749/57/93 7763/68/93 7761/58/93
f 7752/54/92 7764/59/92 7763/42/92
f 7751/55/95 7762/39/95 7764/59/95
f 7750/56/94 7761/58/94 7762/39/94
f 7758/56/93 7755/61/93 7754/60/93
f 7759/55/94 7756/31/94 7755/61/94
f 7760/54/95 7757/62/95 7756/31/95
f 7753/53/92 7754/34/92 7757/62/92
f 7750/56/5 7758/56/5 7753/57/5
f 7756/31/1 7757/62/1 7754/63/1
f 7760/54/5 7759/55/5 7751/55/5
f 7761/3/5 7763/3/5 7764/3/5
f 7541/3/601 7542/3/601 6862/3/601
f 7544/3/4 7543/3/4 6863/3/4
f 7542/3/5 7544/3/5 6864/3/5
f 6861/3/1 6863/3/1 7543/3/1
f 7771/2/1 7775/2/1 7776/1/1
f 7771/3/602 7777/3/602 7779/3/602
f 7787/3/603 7784/3/603 7783/3/603
f 7788/3/601 7783/3/601 7781/3/601
f 7770/3/5 7782/3/5 7781/3/5
f 7776/3/604 7780/3/604 7778/3/604
f 7773/3/5 7769/3/5 7781/3/5
f 7774/3/5 7773/3/5 7783/3/5
f 7787/3/16 7785/3/16 7782/3/16
f 7785/4/605 7786/19/605 7781/3/605
f 7775/3/603 7779/3/603 7780/3/603
f 7796/5/970 7795/7/970 7791/6/970
f 7789/8/971 7790/9/971 7795/7/971
f 7804/5/972 7800/10/972 7799/6/972
f 7797/8/609 7804/11/609 7803/7/609
f 7802/12/610 7801/17/610 7799/6/610
f 7791/6/611 7793/17/611 7794/12/611
f 7791/6/689 7795/7/689 7803/7/689
f 7806/14/7 7808/16/7 7798/13/7
f 7798/13/603 7808/16/603 7807/15/603
f 7793/3/614 6404/3/614 6403/3/614
f 6404/3/615 7793/3/615 7801/3/615
f 7778/3/5 7780/3/5 7779/3/5
f 7787/3/1 7788/3/1 7786/3/1
f 6403/3/616 6402/3/616 7802/3/616
f 7793/17/617 7791/6/617 7799/6/617
f 7790/13/605 7789/8/605 7805/18/605
f 6402/3/618 6401/3/618 7801/3/618
f 7796/11/619 7804/11/619 7797/8/619
f 7805/18/690 7789/8/690 7797/8/690
f 7794/12/621 7802/12/621 7800/10/621
f 7796/5/622 7792/10/622 7800/10/622
f 7790/9/623 7798/9/623 7803/7/623
f 7771/2/605 7772/1/605 7778/19/605
f 7770/3/5 7774/3/5 7784/3/5
f 7871/2/1 7877/2/1 7878/1/1
f 7814/3/5 7826/3/5 7830/3/5
f 7822/19/385 7816/1/385 7815/2/385
f 7871/3/624 7879/3/624 7881/3/624
f 7816/1/1 7820/1/1 7819/2/1
f 7823/3/625 7821/3/625 7815/3/625
f 7825/3/5 7826/3/5 7814/3/5
f 7829/3/383 7830/3/383 7833/3/383
f 7817/3/5 7829/3/5 7825/3/5
f 7833/3/376 7830/3/376 7826/3/376
f 7825/3/370 7832/19/370 7831/4/370
f 7824/3/383 7823/3/383 7819/3/383
f 7836/21/361 7838/24/361 7837/20/361
f 7838/24/253 7840/26/253 7839/23/253
f 7832/3/301 7825/3/301 7829/3/301
f 7811/3/1 7767/3/1 7765/3/1
f 7818/3/5 7830/3/5 7829/3/5
f 7822/3/627 7824/3/627 7820/3/627
f 7840/26/628 7842/28/628 7841/25/628
f 7842/28/252 7844/30/252 7843/27/252
f 7844/30/364 7846/32/364 7845/29/364
f 7846/32/629 7848/34/629 7847/31/629
f 7848/34/93 7850/36/93 7849/33/93
f 7850/36/366 7852/38/366 7851/35/366
f 7852/38/356 7854/40/356 7853/37/356
f 7854/40/357 7856/42/357 7855/39/357
f 7856/42/630 7858/44/630 7857/41/630
f 7858/44/631 7860/46/631 7859/43/631
f 7860/46/359 7862/48/359 7861/45/359
f 7862/48/632 7864/50/632 7863/47/632
f 7864/50/95 7866/52/95 7865/49/95
f 7866/52/255 7836/67/255 7835/51/255
f 7888/5/973 7884/10/973 7883/6/973
f 7873/8/931 7888/11/931 7887/7/931
f 7886/12/932 7885/17/932 7883/6/932
f 7901/3/352 7894/3/352 7893/3/352
f 7896/3/298 7902/3/298 7893/3/298
f 7897/6/392 7899/17/392 7900/12/392
f 7920/5/387 7919/7/387 7897/6/387
f 7889/8/974 7890/9/974 7919/7/974
f 7869/3/397 7870/3/397 7885/3/397
f 7828/3/5 7892/3/5 7891/3/5
f 7878/3/634 7882/3/634 7880/3/634
f 7883/6/853 7897/6/853 7919/7/853
f 7890/13/354 7924/16/354 7922/14/354
f 7890/13/383 7889/8/383 7923/15/383
f 7888/5/401 7920/5/401 7898/10/401
f 7875/3/5 7827/3/5 7891/3/5
f 7876/3/5 7875/3/5 7893/3/5
f 7885/17/396 7899/17/396 7897/6/396
f 7901/3/354 7895/3/354 7892/3/354
f 7898/10/400 7900/12/400 7886/12/400
f 7900/3/635 7868/3/635 7869/3/635
f 7870/3/395 7867/3/395 7899/3/395
f 7919/7/402 7890/9/402 7874/9/402
f 7921/18/934 7923/15/934 7889/8/934
f 7895/4/353 7896/19/353 7891/3/353
f 7899/3/975 7867/3/975 7868/3/975
f 7877/3/352 7881/3/352 7882/3/352
f 7889/8/398 7920/11/398 7888/11/398
f 7874/13/370 7922/14/370 7921/18/370
f 7910/5/372 7909/7/372 7905/6/372
f 7903/8/976 7904/9/976 7909/7/976
f 7918/5/977 7914/10/977 7913/6/977
f 7911/8/924 7918/11/924 7917/7/924
f 7916/12/925 7915/17/925 7913/6/925
f 7905/6/371 7907/17/371 7908/12/371
f 7905/6/849 7909/7/849 7917/7/849
f 7942/14/376 7944/16/376 7912/13/376
f 7912/13/352 7944/16/352 7943/15/352
f 7907/3/384 7870/3/384 7869/3/384
f 7870/3/380 7907/3/380 7915/3/380
f 7880/3/5 7882/3/5 7881/3/5
f 7901/3/1 7902/3/1 7896/3/1
f 7869/3/638 7868/3/638 7916/3/638
f 7907/17/378 7905/6/378 7913/6/378
f 7904/13/353 7903/8/353 7941/18/353
f 7868/3/374 7867/3/374 7915/3/374
f 7910/11/978 7918/11/978 7911/8/978
f 7941/18/927 7903/8/927 7911/8/927
f 7908/12/379 7916/12/379 7914/10/379
f 7910/5/377 7906/10/377 7914/10/377
f 7904/9/381 7912/9/381 7917/7/381
f 7871/2/355 7872/1/355 7880/19/355
f 7821/3/5 7823/3/5 7824/3/5
f 7832/3/1 7834/3/1 7833/3/1
f 7810/3/262 7809/3/262 7765/3/262
f 7925/53/5 7928/54/5 7936/54/5
f 7927/55/5 7926/56/5 7934/56/5
f 7937/58/344 7939/68/344 7925/57/344
f 7939/42/41 7940/59/41 7928/54/41
f 7940/59/345 7938/39/345 7927/55/345
f 7938/39/49 7937/58/49 7926/56/49
f 7930/60/344 7931/61/344 7934/56/344
f 7931/61/49 7932/31/49 7935/55/49
f 7932/31/345 7933/62/345 7936/54/345
f 7933/62/41 7930/34/41 7929/53/41
f 7926/56/848 7925/57/848 7929/57/848
f 7930/63/1 7933/62/1 7932/31/1
f 7928/54/5 7927/55/5 7935/55/5
f 7876/3/5 7894/3/5 7892/3/5
f 7812/3/244 7768/3/244 7767/3/244
f 7810/3/5 7766/3/5 7768/3/5
f 7940/3/5 7939/3/5 7937/3/5
f 8007/2/1 8013/2/1 8014/1/1
f 7950/3/5 7962/3/5 7966/3/5
f 7958/19/423 7952/1/423 7951/2/423
f 8007/3/405 8015/3/405 8017/3/405
f 7956/1/1 7955/2/1 7951/2/1
f 7955/3/404 7959/3/404 7957/3/404
f 7961/3/5 7962/3/5 7950/3/5
f 7965/3/438 7966/3/438 7969/3/438
f 7953/3/5 7965/3/5 7961/3/5
f 7969/3/430 7966/3/430 7962/3/430
f 7961/3/423 7968/19/423 7967/4/423
f 7960/3/438 7959/3/438 7955/3/438
f 7972/21/414 7974/24/414 7973/20/414
f 7974/24/640 7976/26/640 7975/23/640
f 7968/3/236 7961/3/236 7965/3/236
f 7947/3/1 7811/3/1 7809/3/1
f 7954/3/5 7966/3/5 7965/3/5
f 7958/3/428 7960/3/428 7956/3/428
f 7976/26/185 7978/28/185 7977/25/185
f 7978/28/979 7980/30/979 7979/27/979
f 7980/30/417 7982/32/417 7981/29/417
f 7982/32/573 7984/34/573 7983/31/573
f 7984/34/418 7986/36/418 7985/33/418
f 7986/36/419 7988/38/419 7987/35/419
f 7988/38/410 7990/40/410 7989/37/410
f 7990/40/574 7992/42/574 7991/39/574
f 7992/42/641 7994/44/641 7993/41/641
f 7994/44/642 7996/46/642 7995/43/642
f 7996/46/412 7998/48/412 7997/45/412
f 7998/48/190 8000/50/190 7999/47/190
f 8000/50/189 8002/52/189 8001/49/189
f 8002/52/188 7972/67/188 7971/51/188
f 8024/5/643 8020/10/643 8019/6/643
f 8009/8/938 8024/11/938 8023/7/938
f 8022/12/445 8021/17/445 8019/6/445
f 8037/3/403 8030/3/403 8029/3/403
f 8038/3/233 8029/3/233 8027/3/233
f 8033/6/864 8035/17/864 8036/12/864
f 8056/5/441 8055/7/441 8033/6/441
f 8025/8/645 8026/9/645 8055/7/645
f 8005/3/453 8006/3/453 8021/3/453
f 7964/3/5 8028/3/5 8027/3/5
f 8014/3/411 8018/3/411 8016/3/411
f 8019/6/447 8033/6/447 8055/7/447
f 8026/13/407 8060/16/407 8058/14/407
f 8026/13/980 8025/8/980 8059/15/980
f 8024/5/457 8056/5/457 8034/10/457
f 8011/3/5 7963/3/5 8027/3/5
f 8012/3/5 8011/3/5 8029/3/5
f 8021/17/452 8035/17/452 8033/6/452
f 8037/3/407 8031/3/407 8028/3/407
f 8034/10/456 8036/12/456 8022/12/456
f 8036/3/451 8004/3/451 8005/3/451
f 8006/3/450 8003/3/450 8035/3/450
f 8055/7/648 8026/9/648 8010/9/648
f 8057/18/455 8059/15/455 8025/8/455
f 8031/4/406 8032/19/406 8027/3/406
f 8035/3/449 8003/3/449 8004/3/449
f 8013/3/403 8017/3/403 8018/3/403
f 8025/8/454 8056/11/454 8024/11/454
f 8010/13/448 8058/14/448 8057/18/448
f 8046/5/425 8045/7/425 8041/6/425
f 8039/8/981 8040/9/981 8045/7/981
f 8054/5/420 8050/10/420 8049/6/420
f 8047/8/935 8054/11/935 8053/7/935
f 8052/12/982 8051/17/982 8049/6/982
f 8041/6/859 8043/17/859 8044/12/859
f 8041/6/652 8045/7/652 8053/7/652
f 8078/14/430 8080/16/430 8048/13/430
f 8048/13/403 8080/16/403 8079/15/403
f 8043/3/439 8006/3/439 8005/3/439
f 8006/3/1050 8043/3/1050 8051/3/1050
f 8018/3/5 8017/3/5 8015/3/5
f 8037/3/1 8038/3/1 8032/3/1
f 8005/3/434 8004/3/434 8052/3/434
f 8043/17/432 8041/6/432 8049/6/432
f 8040/13/406 8039/8/406 8077/18/406
f 8004/3/653 8003/3/653 8051/3/653
f 8046/11/983 8054/11/983 8047/8/983
f 8077/18/984 8039/8/984 8047/8/984
f 8044/12/433 8052/12/433 8050/10/433
f 8046/5/431 8042/10/431 8050/10/431
f 8040/9/654 8048/9/654 8053/7/654
f 8007/2/409 8008/1/409 8016/19/409
f 7958/3/5 7957/3/5 7959/3/5
f 7968/3/1 7970/3/1 7969/3/1
f 7946/3/196 7945/3/196 7809/3/196
f 8061/53/848 8064/54/848 8072/54/848
f 8063/55/5 8062/56/5 8070/56/5
f 8073/58/459 8075/68/459 8061/57/459
f 8075/42/462 8076/59/462 8064/54/462
f 8076/59/461 8074/39/461 8063/55/461
f 8074/39/460 8073/58/460 8062/56/460
f 8066/60/459 8067/61/459 8070/56/459
f 8067/61/460 8068/31/460 8071/55/460
f 8068/31/461 8069/62/461 8072/54/461
f 8069/62/462 8066/34/462 8065/53/462
f 8061/57/5 8065/57/5 8070/56/5
f 8066/63/1 8069/62/1 8068/31/1
f 8064/54/5 8063/55/5 8071/55/5
f 7964/3/5 8012/3/5 8030/3/5
f 7948/3/176 7812/3/176 7811/3/176
f 7948/3/5 7946/3/5 7810/3/5
f 8076/3/5 8075/3/5 8073/3/5
f 8143/2/1 8149/2/1 8150/1/1
f 8086/3/5 8098/3/5 8102/3/5
f 8094/19/499 8088/1/499 8087/2/499
f 8143/3/465 8151/3/465 8153/3/465
f 8088/1/1 8092/1/1 8091/2/1
f 8095/3/464 8093/3/464 8087/3/464
f 8097/3/5 8098/3/5 8086/3/5
f 8101/3/655 8102/3/655 8105/3/655
f 8089/3/5 8101/3/5 8097/3/5
f 8105/3/488 8102/3/488 8098/3/488
f 8097/3/481 8104/19/481 8103/4/481
f 8096/3/497 8095/3/497 8091/3/497
f 8108/21/473 8110/24/473 8109/20/473
f 8110/24/474 8112/26/474 8111/23/474
f 8097/3/168 8101/3/168 8106/3/168
f 8083/3/1 7947/3/1 7945/3/1
f 8090/3/5 8102/3/5 8101/3/5
f 8094/3/486 8096/3/486 8092/3/486
f 8112/26/656 8114/28/656 8113/25/656
f 8114/28/475 8116/30/475 8115/27/475
f 8116/30/657 8118/32/657 8117/29/657
f 8118/32/658 8120/34/658 8119/31/658
f 8120/34/476 8122/36/476 8121/33/476
f 8122/36/477 8124/38/477 8123/35/477
f 8124/38/109 8126/40/109 8125/37/109
f 8126/40/108 8128/42/108 8127/39/108
f 8128/42/300 8130/44/300 8129/41/300
f 8130/44/469 8132/46/469 8131/43/469
f 8132/46/1051 8134/48/1051 8133/45/1051
f 8134/48/120 8136/50/120 8135/47/120
f 8136/50/299 8138/52/299 8137/49/299
f 8138/52/472 8108/67/472 8107/51/472
f 8160/5/503 8156/10/503 8155/6/503
f 8145/8/504 8160/11/504 8159/7/504
f 8158/12/949 8157/17/949 8155/6/949
f 8173/3/463 8166/3/463 8165/3/463
f 8168/3/163 8174/3/163 8165/3/163
f 8169/6/987 8171/17/987 8172/12/987
f 8192/5/988 8191/7/988 8169/6/988
f 8161/8/989 8162/9/989 8191/7/989
f 8141/3/513 8142/3/513 8157/3/513
f 8100/3/5 8164/3/5 8163/3/5
f 8150/3/468 8154/3/468 8152/3/468
f 8169/6/507 8191/7/507 8159/7/507
f 8146/13/467 8162/13/467 8196/16/467
f 8162/13/497 8161/8/497 8195/15/497
f 8160/5/517 8192/5/517 8170/10/517
f 8147/3/5 8099/3/5 8163/3/5
f 8148/3/5 8147/3/5 8165/3/5
f 8157/17/512 8171/17/512 8169/6/512
f 8173/3/467 8167/3/467 8164/3/467
f 8170/10/516 8172/12/516 8158/12/516
f 8172/3/511 8140/3/511 8141/3/511
f 8142/3/510 8139/3/510 8171/3/510
f 8191/7/518 8162/9/518 8146/9/518
f 8193/18/515 8195/15/515 8161/8/515
f 8167/4/466 8168/19/466 8163/3/466
f 8171/3/662 8139/3/662 8140/3/662
f 8149/3/463 8153/3/463 8154/3/463
f 8161/8/514 8192/11/514 8160/11/514
f 8146/13/481 8194/14/481 8193/18/481
f 8182/5/483 8181/7/483 8177/6/483
f 8175/8/990 8176/9/990 8181/7/990
f 8190/5/478 8186/10/478 8185/6/478
f 8183/8/664 8190/11/664 8189/7/664
f 8188/12/944 8187/17/944 8185/6/944
f 8177/6/482 8179/17/482 8180/12/482
f 8177/6/860 8181/7/860 8189/7/860
f 8176/13/488 8214/14/488 8216/16/488
f 8184/13/463 8216/16/463 8215/15/463
f 8179/3/498 8142/3/498 8141/3/498
f 8142/3/494 8179/3/494 8187/3/494
f 8152/3/5 8154/3/5 8153/3/5
f 8167/3/1 8173/3/1 8174/3/1
f 8141/3/493 8140/3/493 8188/3/493
f 8179/17/491 8177/6/491 8185/6/491
f 8176/13/489 8175/8/489 8213/18/489
f 8140/3/485 8139/3/485 8187/3/485
f 8182/11/500 8190/11/500 8183/8/500
f 8213/18/496 8175/8/496 8183/8/496
f 8180/12/492 8188/12/492 8186/10/492
f 8182/5/490 8178/10/490 8186/10/490
f 8176/9/495 8184/9/495 8189/7/495
f 8143/2/466 8144/1/466 8152/19/466
f 8093/3/5 8095/3/5 8096/3/5
f 8103/3/1 8104/3/1 8106/3/1
f 8082/3/126 8081/3/126 7945/3/126
f 8197/53/848 8200/54/848 8208/54/848
f 8198/56/5 8206/56/5 8207/55/5
f 8209/58/250 8211/68/250 8197/57/250
f 8211/42/357 8212/59/357 8200/54/357
f 8212/59/256 8210/39/256 8199/55/256
f 8210/39/253 8209/58/253 8198/56/253
f 8202/60/250 8203/61/250 8206/56/250
f 8203/61/253 8204/31/253 8207/55/253
f 8204/31/256 8205/62/256 8208/54/256
f 8205/62/357 8202/34/357 8201/53/357
f 8197/57/848 8201/57/848 8206/56/848
f 8203/23/1 8202/63/1 8205/62/1
f 8200/54/5 8199/55/5 8207/55/5
f 8148/3/5 8166/3/5 8164/3/5
f 8084/3/106 7948/3/106 7947/3/106
f 8084/3/5 8082/3/5 7946/3/5
f 8212/3/5 8211/3/5 8209/3/5
f 8279/2/1 8285/2/1 8286/1/1
f 8222/3/5 8234/3/5 8238/3/5
f 8230/19/991 8224/1/991 8223/2/991
f 8279/3/521 8287/3/521 8289/3/521
f 8228/1/1 8227/2/1 8223/2/1
f 8231/3/520 8229/3/520 8223/3/520
f 8233/3/5 8234/3/5 8222/3/5
f 8237/3/552 8238/3/552 8241/3/552
f 8225/3/5 8237/3/5 8233/3/5
f 8241/3/544 8238/3/544 8234/3/544
f 8233/3/537 8240/19/537 8239/4/537
f 8232/3/552 8231/3/552 8227/3/552
f 8244/21/531 8246/24/531 8245/20/531
f 8246/24/344 8248/26/344 8247/23/344
f 8233/3/96 8237/3/96 8242/3/96
f 8219/3/1 8083/3/1 8081/3/1
f 8226/3/5 8238/3/5 8237/3/5
f 8224/3/542 8230/3/542 8232/3/542
f 8248/26/992 8250/28/992 8249/25/992
f 8250/28/532 8252/30/532 8251/27/532
f 8252/30/671 8254/32/671 8253/29/671
f 8254/32/672 8256/34/672 8255/31/672
f 8256/34/235 8258/36/235 8257/33/235
f 8258/36/533 8260/38/533 8259/35/533
f 8260/38/38 8262/40/38 8261/37/38
f 8262/40/345 8264/42/345 8263/39/345
f 8264/42/993 8266/44/993 8265/41/993
f 8266/44/527 8268/46/527 8267/43/527
f 8268/46/50 8270/48/50 8269/45/50
f 8270/48/49 8272/50/49 8271/47/49
f 8272/50/234 8274/52/234 8273/49/234
f 8274/52/530 8244/67/530 8243/51/530
f 8296/5/558 8292/10/558 8291/6/558
f 8281/8/961 8296/11/961 8295/7/961
f 8294/12/560 8293/17/560 8291/6/560
f 8309/3/519 8302/3/519 8301/3/519
f 8310/3/91 8301/3/91 8299/3/91
f 8305/6/962 8307/17/962 8308/12/962
f 8328/5/959 8327/7/959 8305/6/959
f 8297/8/994 8298/9/994 8327/7/994
f 8277/3/567 8278/3/567 8293/3/567
f 8236/3/5 8300/3/5 8299/3/5
f 8286/3/525 8290/3/525 8288/3/525
f 8291/6/963 8305/6/963 8327/7/963
f 8282/13/523 8298/13/523 8332/16/523
f 8298/13/1052 8297/8/1052 8331/15/1052
f 8296/5/571 8328/5/571 8306/10/571
f 8283/3/5 8235/3/5 8299/3/5
f 8284/3/5 8283/3/5 8301/3/5
f 8293/17/566 8307/17/566 8305/6/566
f 8309/3/523 8303/3/523 8300/3/523
f 8306/10/570 8308/12/570 8294/12/570
f 8308/3/565 8276/3/565 8277/3/565
f 8278/3/564 8275/3/564 8307/3/564
f 8327/7/572 8298/9/572 8282/9/572
f 8329/18/965 8331/15/965 8297/8/965
f 8303/4/522 8304/19/522 8299/3/522
f 8307/3/563 8275/3/563 8276/3/563
f 8285/3/519 8289/3/519 8290/3/519
f 8297/8/568 8328/11/568 8296/11/568
f 8282/13/537 8330/14/537 8329/18/537
f 8318/5/955 8317/7/955 8313/6/955
f 8311/8/995 8312/9/995 8317/7/995
f 8326/5/534 8322/10/534 8321/6/534
f 8319/8/953 8326/11/953 8325/7/953
f 8324/12/536 8323/17/536 8321/6/536
f 8313/6/954 8315/17/954 8316/12/954
f 8313/6/957 8317/7/957 8325/7/957
f 8312/13/544 8350/14/544 8352/16/544
f 8320/13/519 8352/16/519 8351/15/519
f 8315/3/553 8278/3/553 8277/3/553
f 8278/3/549 8315/3/549 8323/3/549
f 8288/3/5 8290/3/5 8289/3/5
f 8309/3/1 8310/3/1 8304/3/1
f 8277/3/548 8276/3/548 8324/3/548
f 8315/17/546 8313/6/546 8321/6/546
f 8312/13/522 8311/8/522 8349/18/522
f 8276/3/996 8275/3/996 8323/3/996
f 8318/11/555 8326/11/555 8319/8/555
f 8349/18/958 8311/8/958 8319/8/958
f 8316/12/547 8324/12/547 8322/10/547
f 8318/5/545 8314/10/545 8322/10/545
f 8312/9/550 8320/9/550 8325/7/550
f 8279/2/524 8280/1/524 8288/19/524
f 8229/3/5 8231/3/5 8232/3/5
f 8240/3/1 8242/3/1 8241/3/1
f 8218/3/55 8217/3/55 8081/3/55
f 8333/53/850 8336/54/850 8344/54/850
f 8334/56/5 8342/56/5 8343/55/5
f 8345/58/573 8347/68/573 8333/57/573
f 8347/42/574 8348/59/574 8336/54/574
f 8348/59/413 8346/39/413 8335/55/413
f 8346/39/186 8345/58/186 8334/56/186
f 8338/60/573 8339/61/573 8342/56/573
f 8339/61/186 8340/31/186 8343/55/186
f 8340/31/413 8341/62/413 8344/54/413
f 8341/62/574 8338/34/574 8337/53/574
f 8334/56/5 8333/57/5 8337/57/5
f 8339/23/1 8338/63/1 8341/62/1
f 8335/55/5 8343/55/5 8344/54/5
f 8236/3/5 8284/3/5 8302/3/5
f 8220/3/35 8084/3/35 8083/3/35
f 8220/3/5 8218/3/5 8082/3/5
f 8348/3/5 8347/3/5 8345/3/5
f 8354/3/5 8366/3/5 8368/3/5
f 8362/19/304 8356/1/304 8355/2/304
f 8356/1/1 8360/1/1 8359/2/1
f 8363/3/303 8361/3/303 8355/3/303
f 8365/3/5 8366/3/5 8354/3/5
f 8367/3/302 8368/3/302 8371/3/302
f 8357/3/5 8367/3/5 8365/3/5
f 8371/3/305 8368/3/305 8366/3/305
f 8365/3/304 8370/19/304 8369/4/304
f 8364/3/302 8363/3/302 8359/3/302
f 8374/21/744 8376/24/744 8375/20/744
f 8376/24/315 8378/26/315 8377/23/315
f 8365/3/309 8367/3/309 8372/3/309
f 8358/3/5 8368/3/5 8367/3/5
f 8362/3/310 8364/3/310 8360/3/310
f 8378/26/678 8380/28/678 8379/25/678
f 8380/28/313 8382/30/313 8381/27/313
f 8382/30/312 8384/32/312 8383/29/312
f 8384/32/679 8386/34/679 8385/31/679
f 8386/34/308 8388/36/308 8387/33/308
f 8388/36/307 8390/38/307 8389/35/307
f 8390/38/579 8392/40/579 8391/37/579
f 8392/40/323 8394/42/323 8393/39/323
f 8394/42/680 8396/44/680 8395/41/680
f 8396/44/321 8398/46/321 8397/43/321
f 8398/46/320 8400/48/320 8399/45/320
f 8400/48/681 8402/50/681 8401/47/681
f 8402/50/164 8404/52/164 8403/49/164
f 8404/52/317 8374/67/317 8373/51/317
f 8416/5/919 8412/10/919 8411/6/919
f 8409/8/997 8416/11/997 8415/7/997
f 8414/12/328 8413/17/328 8411/6/328
f 8419/6/327 8421/17/327 8422/12/327
f 8424/5/917 8423/7/917 8419/6/917
f 8417/8/684 8418/9/684 8423/7/684
f 8407/3/342 8408/3/342 8413/3/342
f 8411/6/685 8419/6/685 8423/7/685
f 8418/13/333 8428/16/333 8426/14/333
f 8418/13/920 8417/8/920 8427/15/920
f 8416/5/335 8424/5/335 8420/10/335
f 8413/17/336 8421/17/336 8419/6/336
f 8420/10/337 8422/12/337 8414/12/337
f 8422/3/338 8406/3/338 8407/3/338
f 8408/3/339 8405/3/339 8421/3/339
f 8423/7/340 8418/9/340 8410/9/340
f 8425/18/341 8427/15/341 8417/8/341
f 8421/3/331 8405/3/331 8406/3/331
f 8417/8/343 8424/11/343 8416/11/343
f 8410/13/304 8426/14/304 8425/18/304
f 8361/3/5 8363/3/5 8364/3/5
f 8370/3/1 8372/3/1 8371/3/1
f 8429/53/868 8433/53/868 8440/54/868
f 8439/55/848 8438/56/848 8430/56/848
f 8429/57/95 8443/68/95 8441/58/95
f 8432/54/94 8444/59/94 8443/42/94
f 8431/55/93 8442/39/93 8444/59/93
f 8430/56/92 8441/58/92 8442/39/92
f 8438/56/95 8435/61/95 8434/60/95
f 8439/55/92 8436/31/92 8435/61/92
f 8440/54/93 8437/62/93 8436/31/93
f 8433/53/94 8434/34/94 8437/62/94
f 8430/56/5 8438/56/5 8433/57/5
f 8436/31/1 8437/62/1 8434/63/1
f 8440/54/5 8439/55/5 8431/55/5
f 8441/3/5 8443/3/5 8444/3/5
f 8456/1/1 8455/2/1 8451/2/1
f 8459/3/602 8457/3/602 8451/3/602
f 8463/3/605 8464/3/605 8467/3/605
f 8461/3/601 8463/3/601 8468/3/601
f 8461/3/5 8462/3/5 8450/3/5
f 8458/3/604 8460/3/604 8456/3/604
f 8453/3/5 8463/3/5 8461/3/5
f 8454/3/5 8464/3/5 8463/3/5
f 8467/3/16 8464/3/16 8462/3/16
f 8461/3/603 8466/19/603 8465/4/603
f 8460/3/605 8459/3/605 8455/3/605
f 8478/5/972 8474/10/972 8473/6/972
f 8471/8/998 8478/11/998 8477/7/998
f 8486/5/999 8485/7/999 8481/6/999
f 8479/8/688 8480/9/688 8485/7/688
f 8481/6/611 8483/17/611 8484/12/611
f 8476/12/610 8475/17/610 8473/6/610
f 8473/6/689 8481/6/689 8485/7/689
f 8480/13/7 8490/16/7 8488/14/7
f 8480/13/1000 8479/8/1000 8489/15/1000
f 6407/3/618 6408/3/618 8475/3/618
f 6408/3/615 6405/3/615 8483/3/615
f 8458/3/5 8457/3/5 8459/3/5
f 8466/3/1 8468/3/1 8467/3/1
f 8484/3/616 6406/3/616 6407/3/616
f 8475/17/617 8483/17/617 8481/6/617
f 8472/13/603 8488/14/603 8487/18/603
f 8483/3/614 6405/3/614 6406/3/614
f 8479/8/619 8486/11/619 8478/11/619
f 8487/18/620 8489/15/620 8479/8/620
f 8482/10/621 8484/12/621 8476/12/621
f 8478/5/622 8486/5/622 8482/10/622
f 8485/7/623 8480/9/623 8472/9/623
f 8458/19/603 8452/1/603 8451/2/603
f 8450/3/5 8462/3/5 8464/3/5
f 8496/3/5 8500/3/5 8512/3/5
f 8497/2/72 8498/1/72 8504/19/72
f 8496/3/5 8508/3/5 8507/3/5
f 8515/3/70 8512/3/70 8511/3/70
f 8499/3/5 8495/3/5 8507/3/5
f 8515/3/62 8513/3/62 8508/3/62
f 8513/4/54 8514/19/54 8507/3/54
f 8501/3/70 8505/3/70 8506/3/70
f 8519/20/43 8520/24/43 8518/21/43
f 8521/23/44 8522/26/44 8520/24/44
f 8514/3/55 8516/3/55 8511/3/55
f 8445/3/1 8447/3/1 8493/3/1
f 8500/3/5 8499/3/5 8511/3/5
f 8523/25/692 8524/28/692 8522/26/692
f 8525/27/531 8526/30/531 8524/28/531
f 8527/29/47 8528/32/47 8526/30/47
f 8529/31/693 8530/34/693 8528/32/693
f 8531/33/49 8532/36/49 8530/34/49
f 8533/35/50 8534/38/50 8532/36/50
f 8535/37/33 8536/40/33 8534/38/33
f 8537/39/34 8538/42/34 8536/40/34
f 8539/41/694 8540/44/694 8538/42/694
f 8541/43/695 8542/46/695 8540/44/695
f 8543/45/39 8544/48/39 8542/46/39
f 8545/47/696 8546/50/696 8544/48/696
f 8547/49/41 8548/52/41 8546/50/41
f 8517/51/42 8518/67/42 8548/52/42
f 8570/5/880 8569/7/880 8565/6/880
f 8555/8/1001 8556/9/1001 8569/7/1001
f 8565/6/882 8567/17/882 8568/12/882
f 8575/3/27 8576/3/27 8583/3/27
f 8578/3/35 8573/3/35 8575/3/35
f 8582/12/79 8581/17/79 8579/6/79
f 8602/5/74 8580/10/74 8579/6/74
f 8571/8/879 8602/11/879 8601/7/879
f 8567/3/85 8552/3/85 8551/3/85
f 8573/3/5 8574/3/5 8510/3/5
f 8565/6/80 8569/7/80 8601/7/80
f 8604/14/31 8606/16/31 8572/13/31
f 8572/13/70 8606/16/70 8605/15/70
f 8570/5/89 8566/10/89 8580/10/89
f 8557/3/5 8575/3/5 8573/3/5
f 8558/3/5 8576/3/5 8575/3/5
f 8567/17/84 8565/6/84 8579/6/84
f 8583/3/31 8576/3/31 8574/3/31
f 8568/12/88 8582/12/88 8580/10/88
f 8551/3/83 8550/3/83 8582/3/83
f 8552/3/82 8567/3/82 8581/3/82
f 8556/9/90 8572/9/90 8601/7/90
f 8603/18/884 8555/8/884 8571/8/884
f 8573/3/30 8578/19/30 8577/4/30
f 8550/3/1002 8549/3/1002 8581/3/1002
f 8564/3/27 8563/3/27 8559/3/27
f 8570/11/86 8602/11/86 8571/8/86
f 8556/13/54 8555/8/54 8603/18/54
f 8592/5/57 8588/10/57 8587/6/57
f 8585/8/876 8592/11/876 8591/7/876
f 8600/5/873 8599/7/873 8595/6/873
f 8593/8/1003 8594/9/1003 8599/7/1003
f 8595/6/875 8597/17/875 8598/12/875
f 8590/12/56 8589/17/56 8587/6/56
f 8587/6/61 8595/6/61 8599/7/61
f 8594/13/62 8626/16/62 8624/14/62
f 8594/13/27 8593/8/27 8625/15/27
f 8551/3/71 8552/3/71 8589/3/71
f 8552/3/67 8549/3/67 8597/3/67
f 8562/3/5 8561/3/5 8563/3/5
f 8578/3/1 8584/3/1 8583/3/1
f 8598/3/66 8550/3/66 8551/3/66
f 8589/17/64 8597/17/64 8595/6/64
f 8586/13/30 8624/14/30 8623/18/30
f 8597/3/59 8549/3/59 8550/3/59
f 8593/8/1004 8600/11/1004 8592/11/1004
f 8623/18/877 8625/15/877 8593/8/877
f 8596/10/65 8598/12/65 8590/12/65
f 8592/5/63 8600/5/63 8596/10/63
f 8599/7/68 8594/9/68 8586/9/68
f 8562/19/32 8554/1/32 8553/2/32
f 8506/3/5 8505/3/5 8503/3/5
f 8515/3/1 8516/3/1 8514/3/1
f 8445/3/96 8491/3/96 8492/3/96
f 8607/53/5 8611/53/5 8618/54/5
f 8609/55/5 8617/55/5 8616/56/5
f 8607/57/92 8621/68/92 8619/58/92
f 8610/54/95 8622/59/95 8621/42/95
f 8609/55/94 8620/39/94 8622/59/94
f 8608/56/93 8619/58/93 8620/39/93
f 8616/56/92 8613/61/92 8612/60/92
f 8617/55/93 8614/31/93 8613/61/93
f 8618/54/94 8615/62/94 8614/31/94
f 8611/53/95 8612/34/95 8615/62/95
f 8608/56/5 8616/56/5 8611/57/5
f 8614/31/1 8615/62/1 8612/63/1
f 8618/54/5 8617/55/5 8609/55/5
f 8574/3/5 8576/3/5 8558/3/5
f 8447/3/91 8448/3/91 8494/3/91
f 8448/3/5 8446/3/5 8492/3/5
f 8619/3/5 8621/3/5 8622/3/5
f 8696/1/1 8695/2/1 8689/2/1
f 8632/3/5 8636/3/5 8648/3/5
f 8633/2/125 8634/1/125 8640/19/125
f 8699/3/99 8697/3/99 8689/3/99
f 8633/2/1 8637/2/1 8638/1/1
f 8633/3/98 8639/3/98 8641/3/98
f 8632/3/5 8644/3/5 8643/3/5
f 8651/3/142 8648/3/142 8647/3/142
f 8635/3/5 8631/3/5 8643/3/5
f 8651/3/133 8649/3/133 8644/3/133
f 8649/4/125 8650/19/125 8643/3/125
f 8637/3/142 8641/3/142 8642/3/142
f 8655/20/114 8656/24/114 8654/21/114
f 8657/23/656 8658/26/656 8656/24/656
f 8650/3/126 8652/3/126 8647/3/126
f 8491/3/1 8493/3/1 8629/3/1
f 8636/3/5 8635/3/5 8647/3/5
f 8638/3/131 8642/3/131 8640/3/131
f 8659/25/474 8660/28/474 8658/26/474
f 8663/29/118 8664/32/118 8662/30/118
f 8665/31/299 8666/34/299 8664/32/299
f 8667/33/120 8668/36/120 8666/34/120
f 8669/35/121 8670/38/121 8668/36/121
f 8671/37/104 8672/40/104 8670/38/104
f 8673/39/300 8674/42/300 8672/40/300
f 8675/41/705 8676/44/705 8674/42/705
f 8677/43/706 8678/46/706 8676/44/706
f 8679/45/110 8680/48/110 8678/46/110
f 8681/47/476 8682/50/476 8680/48/476
f 8683/49/112 8684/52/112 8682/50/112
f 8653/51/113 8654/67/113 8684/52/113
f 8706/5/147 8705/7/147 8701/6/147
f 8691/8/1005 8692/9/1005 8705/7/1005
f 8701/6/149 8703/17/149 8704/12/149
f 8711/3/97 8712/3/97 8719/3/97
f 8709/3/106 8711/3/106 8720/3/106
f 8718/12/892 8717/17/892 8715/6/892
f 8738/5/145 8716/10/145 8715/6/145
f 8707/8/707 8738/11/707 8737/7/707
f 8703/3/157 8688/3/157 8687/3/157
f 8709/3/5 8710/3/5 8646/3/5
f 8698/3/107 8700/3/107 8696/3/107
f 8701/6/151 8705/7/151 8737/7/151
f 8740/14/101 8742/16/101 8708/13/101
f 8708/13/142 8742/16/142 8741/15/142
f 8706/5/161 8702/10/161 8716/10/161
f 8693/3/5 8711/3/5 8709/3/5
f 8694/3/5 8712/3/5 8711/3/5
f 8703/17/156 8701/6/156 8715/6/156
f 8719/3/101 8712/3/101 8710/3/101
f 8704/12/160 8718/12/160 8716/10/160
f 8687/3/155 8686/3/155 8718/3/155
f 8688/3/154 8703/3/154 8717/3/154
f 8692/9/711 8708/9/711 8737/7/711
f 8739/18/712 8691/8/712 8707/8/712
f 8709/3/100 8714/19/100 8713/4/100
f 8686/3/153 8685/3/153 8717/3/153
f 8700/3/97 8699/3/97 8695/3/97
f 8706/11/158 8738/11/158 8707/8/158
f 8692/13/152 8691/8/152 8739/18/152
f 8728/5/128 8724/10/128 8723/6/128
f 8721/8/1006 8728/11/1006 8727/7/1006
f 8736/5/1007 8735/7/1007 8731/6/1007
f 8729/8/1008 8730/9/1008 8735/7/1008
f 8731/6/1009 8733/17/1009 8734/12/1009
f 8726/12/887 8725/17/887 8723/6/887
f 8723/6/132 8731/6/132 8735/7/132
f 8730/13/133 8762/16/133 8760/14/133
f 8730/13/97 8729/8/97 8761/15/97
f 8687/3/143 8688/3/143 8725/3/143
f 8688/3/139 8685/3/139 8733/3/139
f 8697/3/5 8699/3/5 8700/3/5
f 8714/3/1 8720/3/1 8719/3/1
f 8734/3/138 8686/3/138 8687/3/138
f 8725/17/136 8733/17/136 8731/6/136
f 8722/13/100 8760/14/100 8759/18/100
f 8733/3/715 8685/3/715 8686/3/715
f 8729/8/1010 8736/11/1010 8728/11/1010
f 8759/18/141 8761/15/141 8729/8/141
f 8732/10/137 8734/12/137 8726/12/137
f 8728/5/135 8736/5/135 8732/10/135
f 8735/7/717 8730/9/717 8722/9/717
f 8698/19/103 8690/1/103 8689/2/103
f 8640/3/5 8642/3/5 8641/3/5
f 8651/3/1 8652/3/1 8650/3/1
f 8491/3/168 8627/3/168 8628/3/168
f 8747/53/5 8754/54/5 8746/54/5
f 8745/55/5 8753/55/5 8752/56/5
f 8743/57/164 8757/68/164 8755/58/164
f 8746/54/167 8758/59/167 8757/42/167
f 8745/55/166 8756/39/166 8758/59/166
f 8744/56/165 8755/58/165 8756/39/165
f 8752/56/164 8749/61/164 8748/60/164
f 8753/55/165 8750/31/165 8749/61/165
f 8754/54/166 8751/62/166 8750/31/166
f 8747/53/167 8748/34/167 8751/62/167
f 8752/56/5 8747/57/5 8743/57/5
f 8750/31/1 8751/62/1 8748/63/1
f 8746/54/5 8754/54/5 8753/55/5
f 8646/3/5 8710/3/5 8712/3/5
f 8493/3/163 8494/3/163 8630/3/163
f 8630/3/5 8494/3/5 8492/3/5
f 8755/3/5 8757/3/5 8758/3/5
f 8832/1/1 8831/2/1 8825/2/1
f 8768/3/5 8772/3/5 8784/3/5
f 8769/2/214 8770/1/214 8776/19/214
f 8835/3/171 8833/3/171 8825/3/171
f 8770/1/1 8769/2/1 8773/2/1
f 8769/3/170 8775/3/170 8777/3/170
f 8768/3/5 8780/3/5 8779/3/5
f 8787/3/718 8784/3/718 8783/3/718
f 8771/3/5 8767/3/5 8779/3/5
f 8787/3/203 8785/3/203 8780/3/203
f 8785/4/195 8786/19/195 8779/3/195
f 8773/3/212 8777/3/212 8778/3/212
f 8791/20/184 8792/24/184 8790/21/184
f 8793/23/185 8794/26/185 8792/24/185
f 8788/3/196 8783/3/196 8779/3/196
f 8627/3/1 8629/3/1 8765/3/1
f 8772/3/5 8771/3/5 8783/3/5
f 8774/3/201 8778/3/201 8776/3/201
f 8795/25/640 8796/28/640 8794/26/640
f 8797/27/187 8798/30/187 8796/28/187
f 8799/29/719 8800/32/719 8798/30/719
f 8801/31/720 8802/34/720 8800/32/720
f 8803/33/190 8804/36/190 8802/34/190
f 8805/35/191 8806/38/191 8804/36/191
f 8807/37/174 8808/40/174 8806/38/174
f 8809/39/175 8810/42/175 8808/40/175
f 8811/41/574 8812/44/574 8810/42/574
f 8813/43/179 8814/46/179 8812/44/179
f 8815/45/1053 8816/48/1053 8814/46/1053
f 8817/47/418 8818/50/418 8816/48/418
f 8819/49/573 8820/52/573 8818/50/573
f 8789/51/183 8790/67/183 8820/52/183
f 8842/5/218 8841/7/218 8837/6/218
f 8827/8/1012 8828/9/1012 8841/7/1012
f 8837/6/900 8839/17/900 8840/12/900
f 8847/3/169 8848/3/169 8855/3/169
f 8850/3/176 8845/3/176 8847/3/176
f 8854/12/1013 8853/17/1013 8851/6/1013
f 8874/5/216 8852/10/216 8851/6/216
f 8843/8/899 8874/11/899 8873/7/899
f 8839/3/227 8824/3/227 8823/3/227
f 8845/3/5 8846/3/5 8782/3/5
f 8834/3/177 8836/3/177 8832/3/177
f 8841/7/222 8873/7/222 8851/6/222
f 8828/13/173 8876/14/173 8878/16/173
f 8844/13/212 8878/16/212 8877/15/212
f 8842/5/231 8838/10/231 8852/10/231
f 8829/3/5 8847/3/5 8845/3/5
f 8830/3/5 8848/3/5 8847/3/5
f 8839/17/226 8837/6/226 8851/6/226
f 8855/3/173 8848/3/173 8846/3/173
f 8840/12/230 8854/12/230 8852/10/230
f 8823/3/225 8822/3/225 8854/3/225
f 8824/3/224 8839/3/224 8853/3/224
f 8828/9/232 8844/9/232 8873/7/232
f 8875/18/229 8827/8/229 8843/8/229
f 8845/3/172 8850/19/172 8849/4/172
f 8822/3/726 8821/3/726 8853/3/726
f 8836/3/169 8835/3/169 8831/3/169
f 8842/11/228 8874/11/228 8843/8/228
f 8828/13/195 8827/8/195 8875/18/195
f 8864/5/728 8860/10/728 8859/6/728
f 8857/8/898 8864/11/898 8863/7/898
f 8872/5/192 8871/7/192 8867/6/192
f 8865/8/730 8866/9/730 8871/7/730
f 8867/6/896 8869/17/896 8870/12/896
f 8862/12/197 8861/17/197 8859/6/197
f 8859/6/855 8867/6/855 8871/7/855
f 8858/13/203 8866/13/203 8898/16/203
f 8866/13/1014 8865/8/1014 8897/15/1014
f 8823/3/213 8824/3/213 8861/3/213
f 8824/3/209 8821/3/209 8869/3/209
f 8834/3/5 8833/3/5 8835/3/5
f 8849/3/1 8850/3/1 8856/3/1
f 8870/3/208 8822/3/208 8823/3/208
f 8861/17/206 8869/17/206 8867/6/206
f 8858/13/204 8896/14/204 8895/18/204
f 8869/3/200 8821/3/200 8822/3/200
f 8865/8/215 8872/11/215 8864/11/215
f 8895/18/211 8897/15/211 8865/8/211
f 8868/10/207 8870/12/207 8862/12/207
f 8864/5/205 8872/5/205 8868/10/205
f 8871/7/210 8866/9/210 8858/9/210
f 8834/19/172 8826/1/172 8825/2/172
f 8778/3/5 8777/3/5 8775/3/5
f 8785/3/1 8787/3/1 8788/3/1
f 8627/3/236 8763/3/236 8764/3/236
f 8879/53/850 8883/53/850 8890/54/850
f 8889/55/5 8888/56/5 8880/56/5
f 8879/57/234 8893/68/234 8891/58/234
f 8882/54/34 8894/59/34 8893/42/34
f 8881/55/235 8892/39/235 8894/59/235
f 8880/56/44 8891/58/44 8892/39/44
f 8888/56/234 8885/61/234 8884/60/234
f 8889/55/44 8886/31/44 8885/61/44
f 8890/54/235 8887/62/235 8886/31/235
f 8883/53/34 8884/34/34 8887/62/34
f 8880/56/848 8888/56/848 8883/57/848
f 8885/23/1 8886/31/1 8887/62/1
f 8882/54/850 8890/54/850 8889/55/850
f 8846/3/5 8848/3/5 8830/3/5
f 8629/3/233 8630/3/233 8766/3/233
f 8630/3/5 8628/3/5 8764/3/5
f 8891/3/5 8893/3/5 8894/3/5
f 8968/1/1 8967/2/1 8961/2/1
f 8904/3/5 8908/3/5 8920/3/5
f 8905/2/1015 8906/1/1015 8912/19/1015
f 8971/3/239 8969/3/239 8961/3/239
f 8905/2/1 8909/2/1 8910/1/1
f 8905/3/238 8911/3/238 8913/3/238
f 8904/3/5 8916/3/5 8915/3/5
f 8923/3/277 8920/3/277 8919/3/277
f 8907/3/5 8903/3/5 8915/3/5
f 8923/3/269 8921/3/269 8916/3/269
f 8921/4/261 8922/19/261 8915/3/261
f 8909/3/277 8913/3/277 8914/3/277
f 8927/20/252 8928/24/252 8926/21/252
f 8929/23/92 8930/26/92 8928/24/92
f 8924/3/262 8919/3/262 8915/3/262
f 8763/3/1 8765/3/1 8901/3/1
f 8908/3/5 8907/3/5 8919/3/5
f 8910/3/267 8914/3/267 8912/3/267
f 8931/25/1016 8932/28/1016 8930/26/1016
f 8933/27/254 8934/30/254 8932/28/254
f 8935/29/736 8936/32/736 8934/30/736
f 8937/31/737 8938/34/737 8936/32/737
f 8939/33/256 8940/36/256 8938/34/256
f 8941/35/257 8942/38/257 8940/36/257
f 8943/37/243 8944/40/243 8942/38/243
f 8945/39/94 8946/42/94 8944/40/94
f 8947/41/1017 8948/44/1017 8946/42/1017
f 8949/43/247 8950/46/247 8948/44/247
f 8951/45/366 8952/48/366 8950/46/366
f 8953/47/93 8954/50/93 8952/48/93
f 8955/49/250 8956/52/250 8954/50/250
f 8925/51/251 8926/67/251 8956/52/251
f 8978/5/283 8977/7/283 8973/6/283
f 8963/8/1018 8964/9/1018 8977/7/1018
f 8973/6/285 8975/17/285 8976/12/285
f 8983/3/237 8984/3/237 8991/3/237
f 8981/3/244 8983/3/244 8992/3/244
f 8990/12/914 8989/17/914 8987/6/914
f 9010/5/1042 8988/10/1042 8987/6/1042
f 8979/8/912 9010/11/912 9009/7/912
f 8975/3/292 8960/3/292 8959/3/292
f 8981/3/5 8982/3/5 8918/3/5
f 8970/3/245 8972/3/245 8968/3/245
f 8973/6/915 8977/7/915 9009/7/915
f 8964/13/241 9012/14/241 9014/16/241
f 8980/13/277 9014/16/277 9013/15/277
f 8978/5/296 8974/10/296 8988/10/296
f 8965/3/5 8983/3/5 8981/3/5
f 8966/3/5 8984/3/5 8983/3/5
f 8975/17/291 8973/6/291 8987/6/291
f 8991/3/241 8984/3/241 8982/3/241
f 8976/12/295 8990/12/295 8988/10/295
f 8959/3/290 8958/3/290 8990/3/290
f 8960/3/289 8975/3/289 8989/3/289
f 8964/9/297 8980/9/297 9009/7/297
f 9011/18/916 8963/8/916 8979/8/916
f 8981/3/240 8986/19/240 8985/4/240
f 8958/3/288 8957/3/288 8989/3/288
f 8972/3/237 8971/3/237 8967/3/237
f 8978/11/293 9010/11/293 8979/8/293
f 8964/13/261 8963/8/261 9011/18/261
f 9000/5/907 8996/10/907 8995/6/907
f 8993/8/908 9000/11/908 8999/7/908
f 9008/5/258 9007/7/258 9003/6/258
f 9001/8/1019 9002/9/1019 9007/7/1019
f 9003/6/742 9005/17/742 9006/12/742
f 8998/12/906 8997/17/906 8995/6/906
f 8995/6/909 9003/6/909 9007/7/909
f 8994/13/269 9002/13/269 9034/16/269
f 9002/13/1054 9001/8/1054 9033/15/1054
f 8959/3/278 8960/3/278 8997/3/278
f 8960/3/274 8957/3/274 9005/3/274
f 8970/3/5 8969/3/5 8971/3/5
f 8986/3/1 8992/3/1 8991/3/1
f 9006/3/273 8958/3/273 8959/3/273
f 8997/17/271 9005/17/271 9003/6/271
f 8994/13/240 9032/14/240 9031/18/240
f 9005/3/1055 8957/3/1055 8958/3/1055
f 9001/8/280 9008/11/280 9000/11/280
f 9031/18/910 9033/15/910 9001/8/910
f 9004/10/272 9006/12/272 8998/12/272
f 9000/5/270 9008/5/270 9004/10/270
f 9007/7/275 9002/9/275 8994/9/275
f 8970/19/242 8962/1/242 8961/2/242
f 8914/3/5 8913/3/5 8911/3/5
f 8921/3/1 8923/3/1 8924/3/1
f 8763/3/301 8899/3/301 8900/3/301
f 9015/53/5 9019/53/5 9026/54/5
f 9025/55/850 9024/56/850 9016/56/850
f 9015/57/299 9029/68/299 9027/58/299
f 9018/54/300 9030/59/300 9029/42/300
f 9017/55/111 9028/39/111 9030/59/111
f 9016/56/115 9027/58/115 9028/39/115
f 9024/56/299 9021/61/299 9020/60/299
f 9025/55/115 9022/31/115 9021/61/115
f 9026/54/111 9023/62/111 9022/31/111
f 9019/53/300 9020/34/300 9023/62/300
f 9016/56/5 9024/56/5 9019/57/5
f 9021/23/1 9022/31/1 9023/62/1
f 9026/54/5 9025/55/5 9017/55/5
f 8918/3/5 8982/3/5 8984/3/5
f 8765/3/298 8766/3/298 8902/3/298
f 8902/3/5 8766/3/5 8764/3/5
f 9027/3/5 9029/3/5 9030/3/5
f 9036/3/5 9040/3/5 9050/3/5
f 9037/2/577 9038/1/577 9044/19/577
f 9038/1/1 9037/2/1 9041/2/1
f 9037/3/576 9043/3/576 9045/3/576
f 9036/3/5 9048/3/5 9047/3/5
f 9053/3/575 9050/3/575 9049/3/575
f 9039/3/5 9035/3/5 9047/3/5
f 9053/3/333 9051/3/333 9048/3/333
f 9051/4/577 9052/19/577 9047/3/577
f 9041/3/575 9045/3/575 9046/3/575
f 9057/20/682 9058/24/682 9056/21/682
f 9059/23/318 9060/26/318 9058/24/318
f 9054/3/580 9049/3/580 9047/3/580
f 9040/3/5 9039/3/5 9049/3/5
f 9042/3/581 9046/3/581 9044/3/581
f 9061/25/681 9062/28/681 9060/26/681
f 9063/27/320 9064/30/320 9062/28/320
f 9065/29/321 9066/32/321 9064/30/321
f 9067/31/680 9068/34/680 9066/32/680
f 9069/33/323 9070/36/323 9068/34/323
f 9071/35/579 9072/38/579 9070/36/579
f 9073/37/307 9074/40/307 9072/38/307
f 9075/39/308 9076/42/308 9074/40/308
f 9077/41/679 9078/44/679 9076/42/679
f 9079/43/312 9080/46/312 9078/44/312
f 9081/45/313 9082/48/313 9080/46/313
f 9083/47/678 9084/50/678 9082/48/678
f 9085/49/459 9086/52/459 9084/50/459
f 9055/51/316 9056/67/316 9086/52/316
f 9094/5/968 9093/7/968 9089/6/968
f 9087/8/1020 9088/9/1020 9093/7/1020
f 9089/6/586 9091/17/586 9092/12/586
f 9100/12/585 9099/17/585 9097/6/585
f 9102/5/966 9098/10/966 9097/6/966
f 9095/8/746 9102/11/746 9101/7/746
f 9091/3/598 8408/3/598 8407/3/598
f 9089/6/590 9093/7/590 9101/7/590
f 9104/14/305 9106/16/305 9096/13/305
f 9096/13/575 9106/16/575 9105/15/575
f 9094/5/591 9090/10/591 9098/10/591
f 9091/17/592 9089/6/592 9097/6/592
f 9092/12/593 9100/12/593 9098/10/593
f 8407/3/594 8406/3/594 9100/3/594
f 8408/3/595 9091/3/595 9099/3/595
f 9088/9/596 9096/9/596 9101/7/596
f 9103/18/597 9087/8/597 9095/8/597
f 8406/3/589 8405/3/589 9099/3/589
f 9094/11/599 9102/11/599 9095/8/599
f 9088/13/969 9087/8/969 9103/18/969
f 9046/3/5 9045/3/5 9043/3/5
f 9053/3/1 9054/3/1 9052/3/1
f 9107/53/850 9110/54/850 9118/54/850
f 9108/56/868 9116/56/868 9117/55/868
f 9119/58/41 9121/68/41 9107/57/41
f 9121/42/345 9122/59/345 9110/54/345
f 9122/59/49 9120/39/49 9109/55/49
f 9120/39/344 9119/58/344 9108/56/344
f 9112/60/41 9113/61/41 9116/56/41
f 9113/61/344 9114/31/344 9117/55/344
f 9114/31/49 9115/62/49 9118/54/49
f 9115/62/345 9112/34/345 9111/53/345
f 9108/56/5 9107/57/5 9111/57/5
f 9112/63/1 9115/62/1 9114/31/1
f 9109/55/5 9117/55/5 9118/54/5
f 9122/3/5 9121/3/5 9119/3/5
f 8218/3/4 8900/3/4 8899/3/4
f 8219/3/601 8901/3/601 8902/3/601
f 8218/3/5 8220/3/5 8902/3/5
f 8899/3/1 8901/3/1 8219/3/1
f 6411/3/309 7767/3/309 7768/3/309
f 6412/3/5 7768/3/5 7766/3/5
f 6410/3/580 7766/3/580 7765/3/580
f 6409/3/1 7765/3/1 7767/3/1
f 8448/3/580 8447/3/580 7091/3/580
f 8448/3/5 7092/3/5 7090/3/5
f 8446/3/309 7090/3/309 7089/3/309
f 8445/3/1 7089/3/1 7091/3/1
f 9134/3/1021 9128/3/1021 9126/3/1021
f 9128/3/309 9124/3/309 9127/3/309
f 9134/3/748 8469/3/748 9124/3/748
f 9133/3/748 9126/3/748 9123/3/748
f 9151/3/750 9138/3/750 9129/3/750
f 9152/3/750 9151/3/750 9131/3/750
f 9130/3/750 9137/3/750 9152/3/750
f 9132/3/309 9125/3/309 9127/3/309
f 9152/3/1022 9144/3/1022 9142/3/1022
f 9144/3/244 9140/3/244 9143/3/244
f 9152/3/753 9137/3/753 9140/3/753
f 9151/3/753 9142/3/753 9139/3/753
f 9150/3/757 9149/3/757 9147/3/757
f 9146/3/757 9135/3/757 9150/3/757
f 9148/3/244 9141/3/244 9143/3/244
f 7193/3/638 7210/3/638 7224/3/638
f 7193/3/635 7192/3/635 7240/3/635
f 7325/66/1 7295/69/1 7297/70/1
f 7297/70/1 7299/71/1 7301/25/1
f 7301/25/174 7302/28/174 7304/30/174
f 7303/72/1 7305/73/1 7307/74/1
f 7301/25/1023 7304/30/1023 7303/72/1023
f 7325/66/1 7297/70/1 7301/25/1
f 7321/75/1 7323/76/1 7325/66/1
f 7317/65/1 7319/77/1 7321/75/1
f 7313/78/1056 7315/79/1056 7317/65/1056
f 7309/64/1 7311/80/1 7313/78/1
f 7303/72/1 7307/74/1 7309/64/1
f 7325/66/1 7301/25/1 7303/72/1
f 7317/65/1 7321/75/1 7325/66/1
f 7309/64/1 7313/78/1 7317/65/1
f 7325/66/1 7303/72/1 7309/64/1
f 9145/3/757 9147/3/757 9149/3/757
f 9150/3/1024 9158/3/1024 9156/3/1024
f 9158/3/176 9154/3/176 9157/3/176
f 9150/3/758 9135/3/758 9154/3/758
f 9149/3/758 9156/3/758 9153/3/758
f 9179/3/760 9166/3/760 9159/3/760
f 9180/3/760 9179/3/760 9161/3/760
f 9160/3/760 9165/3/760 9180/3/760
f 9162/3/176 9155/3/176 9157/3/176
f 9180/3/1025 9172/3/1025 9170/3/1025
f 9172/3/106 9168/3/106 9171/3/106
f 9180/3/763 9165/3/763 9168/3/763
f 9179/3/763 9170/3/763 9167/3/763
f 9178/3/767 9177/3/767 9175/3/767
f 9174/3/767 9163/3/767 9178/3/767
f 9176/3/106 9169/3/106 9171/3/106
f 9173/3/767 9175/3/767 9177/3/767
f 9178/3/1026 9186/3/1026 9184/3/1026
f 9186/3/35 9182/3/35 9185/3/35
f 9178/3/768 9163/3/768 9182/3/768
f 9177/3/768 9184/3/768 9181/3/768
f 9207/3/770 9194/3/770 9187/3/770
f 9208/3/770 9207/3/770 9189/3/770
f 9188/3/770 9193/3/770 9208/3/770
f 9190/3/35 9183/3/35 9185/3/35
f 9208/3/1027 9200/3/1027 9198/3/1027
f 9200/3/601 9196/3/601 9199/3/601
f 9208/3/773 9193/3/773 9196/3/773
f 9207/3/773 9198/3/773 9195/3/773
f 9206/3/777 9205/3/777 9203/3/777
f 9202/3/777 9191/3/777 9206/3/777
f 9204/3/601 9197/3/601 9199/3/601
f 9201/3/777 9203/3/777 9205/3/777
f 9206/3/1028 9214/3/1028 9212/3/1028
f 9214/3/298 9210/3/298 9213/3/298
f 9206/3/778 9191/3/778 9210/3/778
f 9205/3/778 9212/3/778 9209/3/778
f 9235/3/780 9222/3/780 9215/3/780
f 9236/3/780 9235/3/780 9217/3/780
f 9216/3/780 9221/3/780 9236/3/780
f 9218/3/298 9211/3/298 9213/3/298
f 9236/3/1029 9228/3/1029 9226/3/1029
f 9228/3/233 9224/3/233 9227/3/233
f 9236/3/783 9221/3/783 9224/3/783
f 9235/3/783 9226/3/783 9223/3/783
f 9234/3/787 9233/3/787 9231/3/787
f 9230/3/787 9219/3/787 9234/3/787
f 9232/3/233 9225/3/233 9227/3/233
f 9229/3/787 9231/3/787 9233/3/787
f 9234/3/1030 9242/3/1030 9240/3/1030
f 9242/3/163 9238/3/163 9241/3/163
f 9234/3/788 9219/3/788 9238/3/788
f 9233/3/788 9240/3/788 9237/3/788
f 9263/3/790 9250/3/790 9243/3/790
f 9264/3/790 9263/3/790 9245/3/790
f 9244/3/790 9249/3/790 9264/3/790
f 9246/3/163 9239/3/163 9241/3/163
f 9264/3/1031 9256/3/1031 9254/3/1031
f 9256/3/91 9252/3/91 9255/3/91
f 9264/3/793 9249/3/793 9252/3/793
f 9263/3/793 9254/3/793 9251/3/793
f 9262/3/797 9261/3/797 9259/3/797
f 9258/3/797 9247/3/797 9262/3/797
f 9260/3/91 9253/3/91 9255/3/91
f 9257/3/797 9259/3/797 9261/3/797
f 9262/3/1032 9270/3/1032 9268/3/1032
f 9270/3/580 9266/3/580 9269/3/580
f 9262/3/798 9247/3/798 9266/3/798
f 9261/3/798 9268/3/798 9265/3/798
f 9291/3/800 9278/3/800 9271/3/800
f 9292/3/800 9291/3/800 9273/3/800
f 9272/3/800 9277/3/800 9292/3/800
f 9274/3/580 9267/3/580 9269/3/580
f 9292/3/1033 9284/3/1033 9282/3/1033
f 9284/3/262 9280/3/262 9283/3/262
f 9292/3/803 9277/3/803 9280/3/803
f 9291/3/803 9282/3/803 9279/3/803
f 9290/3/807 9289/3/807 9287/3/807
f 9286/3/807 9275/3/807 9290/3/807
f 9288/3/262 9281/3/262 9283/3/262
f 9285/3/807 9287/3/807 9289/3/807
f 9290/3/1034 9298/3/1034 9296/3/1034
f 9298/3/196 9294/3/196 9297/3/196
f 9290/3/808 9275/3/808 9294/3/808
f 9289/3/808 9296/3/808 9293/3/808
f 9319/3/810 9306/3/810 9299/3/810
f 9320/3/810 9319/3/810 9301/3/810
f 9300/3/810 9305/3/810 9320/3/810
f 9302/3/196 9295/3/196 9297/3/196
f 9320/3/1035 9312/3/1035 9310/3/1035
f 9312/3/126 9308/3/126 9311/3/126
f 9320/3/813 9305/3/813 9308/3/813
f 9319/3/813 9310/3/813 9307/3/813
f 9318/3/817 9317/3/817 9315/3/817
f 9314/3/817 9303/3/817 9318/3/817
f 9316/3/126 9309/3/126 9311/3/126
f 9313/3/817 9315/3/817 9317/3/817
f 9318/3/1036 9326/3/1036 9324/3/1036
f 9326/3/55 9322/3/55 9325/3/55
f 9318/3/818 9303/3/818 9322/3/818
f 9317/3/818 9324/3/818 9321/3/818
f 9347/3/820 9334/3/820 9327/3/820
f 9348/3/820 9347/3/820 9329/3/820
f 9328/3/820 9333/3/820 9348/3/820
f 9330/3/55 9323/3/55 9325/3/55
f 9348/3/1037 9340/3/1037 9338/3/1037
f 9340/3/4 9336/3/4 9339/3/4
f 9348/3/823 9333/3/823 9336/3/823
f 9347/3/823 9338/3/823 9335/3/823
f 9346/3/827 9345/3/827 9343/3/827
f 9342/3/827 9331/3/827 9346/3/827
f 9344/3/4 9337/3/4 9339/3/4
f 9341/3/827 9343/3/827 9345/3/827
f 9346/3/1038 9354/3/1038 9352/3/1038
f 9354/3/301 9350/3/301 9353/3/301
f 9346/3/828 9331/3/828 9350/3/828
f 9345/3/828 9352/3/828 9349/3/828
f 9375/3/830 9362/3/830 9355/3/830
f 9376/3/830 9375/3/830 9357/3/830
f 9356/3/830 9361/3/830 9376/3/830
f 9358/3/301 9351/3/301 9353/3/301
f 9376/3/1039 9368/3/1039 9366/3/1039
f 9368/3/236 9364/3/236 9367/3/236
f 9376/3/833 9361/3/833 9364/3/833
f 9375/3/833 9366/3/833 9363/3/833
f 9374/3/837 9373/3/837 9371/3/837
f 9370/3/837 9359/3/837 9374/3/837
f 9372/3/236 9365/3/236 9367/3/236
f 9369/3/837 9371/3/837 9373/3/837
f 9374/3/1040 9382/3/1040 9380/3/1040
f 9382/3/168 9378/3/168 9381/3/168
f 9374/3/838 9359/3/838 9378/3/838
f 9373/3/838 9380/3/838 9377/3/838
f 9399/3/840 9388/3/840 9383/3/840
f 9400/3/840 9399/3/840 9385/3/840
f 9384/3/840 9387/3/840 9400/3/840
f 9386/3/168 9379/3/168 9381/3/168
f 9400/3/1041 9394/3/1041 9392/3/1041
f 9394/3/96 9390/3/96 9393/3/96
f 9400/3/843 9387/3/843 9390/3/843
f 9399/3/843 9392/3/843 9389/3/843
f 9134/3/847 9133/3/847 9397/3/847
f 9396/3/847 8469/3/847 9134/3/847
f 9398/3/96 9391/3/96 9393/3/96
f 9395/3/847 9397/3/847 9133/3/847
f 7146/3/634 7148/3/634 7144/3/634
f 7202/3/627 7206/3/627 7204/3/627
l 2586 2584
l 5662 5660
l 8662 8660
